shape,category,k3_regret_pct,k5_regret_pct,oracle_tflops,k5_best_tflops,flop_weight
1x1024x1024,decode,32.4759,32.4759,0.311,0.21,1e-08
1x1024x3072,decode,8.7045,8.2625,0.2941,0.2698,3e-08
1x1280x1280,decode,0.0,0.0,0.1498,0.1498,1e-08
1x1280x3840,decode,0.0,0.0,0.4117,0.4117,4e-08
1x1280x8192,decode,17.3156,0.0,0.4366,0.4366,9e-08
1x1536x1536,decode,5.6767,4.8138,0.2202,0.2096,2e-08
1x1536x4608,decode,16.4044,0.0,0.4956,0.4956,6e-08
1x2048x2048,decode,38.5371,38.5371,0.916,0.563,4e-08
1x2048x2688,decode,0.0,0.0,0.4961,0.4961,5e-08
1x2048x3584,decode,14.4508,0.0,0.6318,0.6318,6e-08
1x2048x4096,decode,42.8571,42.8571,1.218,0.696,7e-08
1x2048x5376,decode,15.4355,0.0,0.6647,0.6647,9e-08
1x2048x5504,decode,14.8712,0.0,0.6637,0.6637,9e-08
1x2048x6144,decode,15.2934,0.0,0.6748,0.6748,1.1e-07
1x2048x6656,decode,15.6788,0.0,0.6799,0.6799,1.1e-07
1x2048x8192,decode,46.8877,46.8877,1.478,0.785,1.4e-07
1x2048x10240,decode,16.2347,0.0,0.7022,0.7022,1.8e-07
1x2048x11008,decode,16.4351,0.0,0.7052,0.7052,1.9e-07
1x2048x13312,decode,16.9872,0.0,0.7123,0.7123,2.3e-07
1x2048x13824,decode,17.0079,0.0,0.7132,0.7132,2.4e-07
1x2048x14336,decode,46.8564,46.8564,1.511,0.803,2.5e-07
1x2048x16384,decode,16.252,0.0,0.7033,0.7033,2.8e-07
1x2048x22016,decode,16.514,0.0,0.7097,0.7097,3.8e-07
1x2048x27648,decode,16.6783,0.0,0.7135,0.7135,4.7e-07
1x2048x28672,decode,16.7157,0.0,0.7143,0.7143,4.9e-07
1x2048x32768,decode,16.6248,0.0,0.7158,0.7158,5.6e-07
1x2560x2560,decode,1.2825,1.2825,0.6082,0.6004,5e-08
1x2560x7680,decode,15.4978,0.0,0.8498,0.8498,1.6e-07
1x2688x2048,decode,2.9366,2.9366,0.5176,0.5024,5e-08
1x3072x1024,decode,7.4443,4.2207,0.3009,0.2882,3e-08
1x3072x3072,decode,8.3236,0.0,0.8566,0.8566,8e-08
1x3072x9216,decode,14.2984,0.0,1.0162,1.0162,2.4e-07
1x3584x2048,decode,5.8611,5.8611,0.6927,0.6521,6e-08
1x3584x3584,decode,7.7037,0.0,1.0099,1.0099,1.1e-07
1x3584x10752,decode,12.3942,0.0,1.1344,1.1344,3.2e-07
1x3840x1280,decode,3.8155,3.8155,0.4639,0.4462,4e-08
1x4096x2048,decode,32.965,32.965,1.629,1.092,7e-08
1x4096x4096,decode,38.8115,38.8115,2.154,1.318,1.4e-07
1x4096x5376,decode,1.6018,0.0,1.1924,1.1924,1.8e-07
1x4096x5504,decode,0.3133,0.0,1.181,1.181,1.9e-07
1x4096x6656,decode,2.4547,0.0,1.2262,1.2262,2.3e-07
1x4096x8192,decode,40.5909,40.5909,2.471,1.468,2.8e-07
1x4096x10240,decode,3.7499,0.0,1.2347,1.2347,3.5e-07
1x4096x11008,decode,39.0123,39.0123,2.43,1.482,3.8e-07
1x4096x12288,decode,4.8728,0.0,1.2621,1.2621,4.2e-07
1x4096x13312,decode,5.1883,0.0,1.2721,1.2721,4.6e-07
1x4096x13824,decode,5.1246,0.0,1.2723,1.2723,4.7e-07
1x4096x14336,decode,41.088,41.088,2.261,1.332,4.9e-07
1x4096x16384,decode,5.9461,0.0,1.2916,1.2916,5.6e-07
1x4096x22016,decode,7.1917,0.0,1.3168,1.3168,7.5e-07
1x4096x27648,decode,7.4284,0.0,1.326,1.326,9.5e-07
1x4096x28672,decode,7.5216,0.0,1.3295,1.3295,9.8e-07
1x4096x32768,decode,8.9504,0.0,1.3396,1.3396,1.12e-06
1x4608x1536,decode,8.8222,8.8222,0.6835,0.6232,6e-08
1x5120x5120,decode,42.8275,42.8275,2.893,1.654,2.2e-07
1x5120x5376,decode,0.0,0.0,1.3867,1.3867,2.3e-07
1x5120x5504,decode,0.1003,0.1003,1.3958,1.3944,2.4e-07
1x5120x6656,decode,0.5621,0.5621,1.3699,1.3622,2.8e-07
1x5120x8192,decode,0.5322,0.5322,1.3905,1.3831,3.5e-07
1x5120x10240,decode,0.5898,0.5898,1.4073,1.399,4.4e-07
1x5120x11008,decode,0.6523,0.6523,1.4105,1.4013,4.7e-07
1x5120x13312,decode,0.7103,0.7103,1.422,1.4119,5.7e-07
1x5120x13824,decode,38.8155,38.8155,2.651,1.622,5.9e-07
1x5120x14336,decode,0.7355,0.7355,1.4276,1.4171,6.1e-07
1x5120x15360,decode,0.7906,0.7906,1.4293,1.418,6.6e-07
1x5120x16384,decode,0.8166,0.8166,1.4328,1.4211,7e-07
1x5120x22016,decode,0.8114,0.8114,1.4419,1.4302,9.4e-07
1x5120x27648,decode,0.0,0.0,1.2202,1.2202,1.18e-06
1x5120x28672,decode,0.3918,0.3918,1.0975,1.0932,1.23e-06
1x5120x32768,decode,1.2773,1.2773,1.0882,1.0743,1.4e-06
1x5376x2048,decode,2.2011,2.2011,1.0313,1.0086,9e-08
1x5376x4096,decode,0.1271,0.1271,1.4167,1.4149,1.8e-07
1x5376x5120,decode,0.4268,0.4268,1.4527,1.4465,2.3e-07
1x5504x2048,decode,2.8955,2.8955,1.0499,1.0195,9e-08
1x5504x4096,decode,3.9699,3.9699,1.6625,1.5965,1.9e-07
1x5504x5120,decode,5.3358,5.3358,1.7242,1.6322,2.4e-07
1x6144x2048,decode,3.6577,3.6577,1.192,1.1484,1.1e-07
1x6144x6144,decode,0.0,0.0,1.6191,1.6191,3.2e-07
1x6144x18432,decode,0.0,0.0,1.6984,1.6984,9.5e-07
1x6656x2048,decode,1.6375,1.6375,1.258,1.2374,1.1e-07
1x6656x4096,decode,0.0,0.0,1.7495,1.7495,2.3e-07
1x6656x5120,decode,0.0,0.0,1.7099,1.7099,2.8e-07
1x7168x7168,decode,0.0,0.0,1.882,1.882,4.3e-07
1x7168x8192,decode,0.0,0.0,1.8963,1.8963,4.9e-07
1x7168x10240,decode,0.0,0.0,1.9166,1.9166,6.1e-07
1x7168x11008,decode,0.0,0.0,1.9207,1.9207,6.6e-07
1x7168x13312,decode,0.0,0.0,1.9358,1.9358,8e-07
1x7168x13824,decode,0.0,0.0,1.9363,1.9363,8.3e-07
1x7168x14336,decode,0.0,0.0,1.9396,1.9396,8.6e-07
1x7168x16384,decode,0.0,0.0,1.9473,1.9473,9.8e-07
1x7168x21504,decode,0.0,0.0,1.4734,1.4734,1.29e-06
1x7168x22016,decode,0.0,0.0,1.4691,1.4691,1.32e-06
1x7168x27648,decode,0.4682,0.4682,1.4523,1.4455,1.65e-06
1x7168x28672,decode,0.1868,0.1868,1.4454,1.4427,1.72e-06
1x7168x32768,decode,0.0,0.0,1.4449,1.4449,1.96e-06
1x7680x2560,decode,0.0,0.0,1.7847,1.7847,1.6e-07
1x8192x2048,decode,6.3177,6.3177,1.5686,1.4695,1.4e-07
1x8192x4096,decode,0.0,0.0,2.1232,2.1232,2.8e-07
1x8192x5120,decode,0.0,0.0,2.1768,2.1768,3.5e-07
1x8192x7168,decode,0.0,0.0,2.2362,2.2362,4.9e-07
1x8192x8192,decode,0.0,0.0,2.2654,2.2654,5.6e-07
1x8192x10240,decode,0.0,0.0,2.2911,2.2911,7e-07
1x8192x11008,decode,0.0,0.0,2.3005,2.3005,7.5e-07
1x8192x13312,decode,0.0,0.0,2.3198,2.3198,9.1e-07
1x8192x13824,decode,0.0,0.0,2.3248,2.3248,9.5e-07
1x8192x14336,decode,0.0,0.0,2.3267,2.3267,9.8e-07
1x8192x16384,decode,0.0,0.0,2.2956,2.2956,1.12e-06
1x8192x22016,decode,0.0,0.0,1.7005,1.7005,1.51e-06
1x8192x24576,decode,0.0,0.0,1.6984,1.6984,1.68e-06
1x8192x27648,decode,0.0,0.0,1.6958,1.6958,1.89e-06
1x8192x28672,decode,0.0,0.0,1.6948,1.6948,1.96e-06
1x8192x32768,decode,0.0,0.0,1.6992,1.6992,2.24e-06
1x9216x3072,decode,0.0,0.0,2.2984,2.2984,2.4e-07
1x10240x2048,decode,3.7957,3.7957,1.968,1.8933,1.8e-07
1x10240x4096,decode,0.0,0.0,2.5078,2.5078,3.5e-07
1x10240x5120,decode,0.0,0.0,2.5638,2.5638,4.4e-07
1x10240x7168,decode,0.0,0.0,2.625,2.625,6.1e-07
1x10240x8192,decode,0.0,0.0,2.6456,2.6456,7e-07
1x10752x3584,decode,0.0,0.0,2.5652,2.5652,3.2e-07
1x11008x2048,decode,3.3771,3.3771,2.0728,2.0028,1.9e-07
1x11008x4096,decode,0.0,0.0,2.6359,2.6359,3.8e-07
1x11008x5120,decode,0.0,0.0,2.6979,2.6979,4.7e-07
1x11008x7168,decode,0.0,0.0,2.7743,2.7743,6.6e-07
1x11008x8192,decode,0.0,0.0,2.7929,2.7929,7.5e-07
1x12288x4096,decode,0.0,0.0,2.9459,2.9459,4.2e-07
1x13312x2048,decode,4.2081,4.2081,2.4928,2.3879,2.3e-07
1x13312x4096,decode,0.0,0.0,3.1471,3.1471,4.6e-07
1x13312x5120,decode,0.0,0.0,3.2132,3.2132,5.7e-07
1x13312x7168,decode,0.0,0.0,3.2922,3.2922,8e-07
1x13312x8192,decode,0.0,0.0,3.3178,3.3178,9.1e-07
1x13312x16384,decode,0.0,0.0,2.3754,2.3754,1.82e-06
1x13824x2048,decode,5.0709,5.0709,2.6031,2.4711,2.4e-07
1x13824x4096,decode,0.0,0.0,3.2531,3.2531,4.7e-07
1x13824x5120,decode,0.0,0.0,3.3149,3.3149,5.9e-07
1x13824x7168,decode,0.0,0.0,3.3954,3.3954,8.3e-07
1x13824x8192,decode,0.0,0.0,3.4245,3.4245,9.5e-07
1x14336x2048,decode,4.8795,4.8795,2.6847,2.5537,2.5e-07
1x14336x4096,decode,0.0,0.0,3.3543,3.3543,4.9e-07
1x14336x5120,decode,0.0,0.0,3.4217,3.4217,6.1e-07
1x14336x7168,decode,0.0,0.0,3.514,3.514,8.6e-07
1x14336x8192,decode,0.0,0.0,3.5428,3.5428,9.8e-07
1x15360x5120,decode,0.0,0.0,3.5922,3.5922,6.6e-07
1x16384x2048,decode,2.924,2.924,2.9651,2.8784,2.8e-07
1x16384x4096,decode,0.0,0.0,3.6899,3.6899,5.6e-07
1x16384x5120,decode,0.0,0.0,3.7764,3.7764,7e-07
1x16384x7168,decode,0.0,0.0,3.8881,3.8881,9.8e-07
1x16384x8192,decode,0.0,0.0,3.9347,3.9347,1.12e-06
1x16384x16384,decode,0.0,0.0,2.6084,2.6084,2.24e-06
1x18432x6144,decode,0.0,0.0,3.8966,3.8966,9.5e-07
1x21504x7168,decode,3.0513,3.0513,3.1462,3.0502,1.29e-06
1x22016x2048,decode,0.0,0.0,3.8612,3.8612,3.8e-07
1x22016x4096,decode,0.0,0.0,4.296,4.296,7.5e-07
1x22016x5120,decode,0.0,0.0,4.3524,4.3524,9.4e-07
1x22016x7168,decode,1.3097,1.3097,3.0693,3.0291,1.32e-06
1x22016x8192,decode,4.8243,4.8243,2.8522,2.7146,1.51e-06
1x24576x8192,decode,3.2651,3.2651,2.8514,2.7583,1.68e-06
1x27648x2048,decode,0.0,0.0,4.5966,4.5966,4.7e-07
1x27648x4096,decode,0.0,0.0,4.9293,4.9293,9.5e-07
1x27648x5120,decode,0.0,0.0,4.2244,4.2244,1.18e-06
1x27648x7168,decode,3.0488,3.0488,2.9946,2.9033,1.65e-06
1x27648x8192,decode,2.3117,2.3117,2.9718,2.9031,1.89e-06
1x28672x2048,decode,0.0,0.0,4.7361,4.7361,4.9e-07
1x28672x4096,decode,0.0,0.0,5.0985,5.0985,9.8e-07
1x28672x5120,decode,0.0,0.0,3.8595,3.8595,1.23e-06
1x28672x7168,decode,2.7203,2.7203,2.9923,2.9109,1.72e-06
1x28672x8192,decode,1.7726,1.7726,2.9786,2.9258,1.96e-06
1x32768x2048,decode,0.0,0.0,4.9198,4.9198,5.6e-07
1x32768x4096,decode,0.0,0.0,5.3013,5.3013,1.12e-06
1x32768x5120,decode,4.5063,4.5063,3.3775,3.2253,1.4e-06
1x32768x7168,decode,4.735,4.735,3.2207,3.0682,1.96e-06
1x32768x8192,decode,2.3441,2.3441,3.1526,3.0787,2.24e-06
2x1024x1024,small_batch,4.6678,2.6908,0.1821,0.1772,2e-08
2x1024x3072,small_batch,6.261,4.4974,0.567,0.5415,5e-08
2x1280x1280,small_batch,0.0,0.0,0.3007,0.3007,3e-08
2x1280x3840,small_batch,0.0,0.0,0.8207,0.8207,8e-08
2x1536x1536,small_batch,4.0084,1.7945,0.4291,0.4214,4e-08
2x1536x4608,small_batch,16.6061,0.0,0.9912,0.9912,1.2e-07
2x2048x2048,small_batch,1.8336,1.8336,0.7799,0.7656,7e-08
2x2048x2688,small_batch,1.2419,1.2419,0.9904,0.9781,9e-08
2x2048x3584,small_batch,14.6062,0.0,1.2659,1.2659,1.2e-07
2x2048x4096,small_batch,14.7501,0.0,1.2827,1.2827,1.4e-07
2x2048x5376,small_batch,15.4315,0.0,1.3278,1.3278,1.8e-07
2x2048x5504,small_batch,15.2038,0.0,1.3273,1.3273,1.9e-07
2x2048x6144,small_batch,15.165,0.0,1.3452,1.3452,2.1e-07
2x2048x6656,small_batch,15.7244,0.0,1.3584,1.3584,2.3e-07
2x2048x8192,small_batch,16.251,0.0,1.3833,1.3833,2.8e-07
2x2048x10240,small_batch,15.9422,0.0,1.3988,1.3988,3.5e-07
2x2048x11008,small_batch,16.2222,0.0,1.4061,1.4061,3.8e-07
2x2048x13312,small_batch,16.8721,0.0,1.4201,1.4201,4.6e-07
2x2048x13824,small_batch,16.792,0.0,1.4227,1.4227,4.7e-07
2x2048x14336,small_batch,16.2992,0.0,1.4197,1.4197,4.9e-07
2x2048x16384,small_batch,16.3017,0.0,1.4066,1.4066,5.6e-07
2x2048x22016,small_batch,16.5198,0.0,1.4189,1.4189,7.5e-07
2x2048x27648,small_batch,16.5347,0.0,1.4267,1.4267,9.5e-07
2x2048x28672,small_batch,16.7216,0.0,1.4269,1.4269,9.8e-07
2x2048x32768,small_batch,16.6713,0.0,1.4324,1.4324,1.12e-06
2x2560x2560,small_batch,1.817,1.817,1.2163,1.1942,1.1e-07
2x2560x7680,small_batch,15.83,0.0,1.7012,1.7012,3.3e-07
2x2688x2048,small_batch,4.3403,4.3403,1.0391,0.994,9e-08
2x3072x1024,small_batch,4.3111,1.4877,0.5915,0.5827,5e-08
2x3072x3072,small_batch,8.3489,0.0,1.7164,1.7164,1.6e-07
2x3072x9216,small_batch,14.1525,0.0,2.0265,2.0265,4.7e-07
2x3584x2048,small_batch,2.9271,2.9271,1.3802,1.3398,1.2e-07
2x3584x3584,small_batch,7.6831,0.0,2.0135,2.0135,2.1e-07
2x3584x10752,small_batch,12.2842,0.0,2.2647,2.2647,6.4e-07
2x3840x1280,small_batch,2.195,2.195,0.9157,0.8956,8e-08
2x4096x2048,small_batch,5.5806,5.5806,1.5984,1.5092,1.4e-07
2x4096x4096,small_batch,0.0,0.0,2.0207,2.0207,2.8e-07
2x4096x5376,small_batch,2.3171,0.0,2.3693,2.3693,3.7e-07
2x4096x5504,small_batch,0.7247,0.0,2.3596,2.3596,3.8e-07
2x4096x6656,small_batch,2.3733,0.0,2.4481,2.4481,4.6e-07
2x4096x8192,small_batch,3.2892,0.0,2.4261,2.4261,5.6e-07
2x4096x10240,small_batch,4.2576,0.0,2.4826,2.4826,7e-07
2x4096x11008,small_batch,4.7151,0.0,2.5026,2.5026,7.5e-07
2x4096x12288,small_batch,5.5229,0.0,2.5331,2.5331,8.4e-07
2x4096x13312,small_batch,5.5984,0.0,2.5418,2.5418,9.1e-07
2x4096x13824,small_batch,5.9141,0.0,2.5583,2.5583,9.5e-07
2x4096x14336,small_batch,5.8702,0.0,2.557,2.557,9.8e-07
2x4096x16384,small_batch,5.938,0.0,2.5783,2.5783,1.12e-06
2x4096x22016,small_batch,7.4691,0.0,2.6429,2.6429,1.51e-06
2x4096x27648,small_batch,7.6466,0.0,2.66,2.66,1.89e-06
2x4096x28672,small_batch,7.6683,0.0,2.6603,2.6603,1.96e-06
2x4096x32768,small_batch,8.853,0.0,2.6782,2.6782,2.24e-06
2x4608x1536,small_batch,6.2691,6.2691,1.2442,1.1662,1.2e-07
2x5120x5120,small_batch,0.0,0.0,2.7612,2.7612,4.4e-07
2x5120x5376,small_batch,0.0,0.0,2.765,2.765,4.6e-07
2x5120x5504,small_batch,0.0,0.0,2.775,2.775,4.7e-07
2x5120x6656,small_batch,0.0,0.0,2.7288,2.7288,5.7e-07
2x5120x8192,small_batch,0.4615,0.4615,2.7736,2.7608,7e-07
2x5120x10240,small_batch,0.4807,0.4807,2.8085,2.795,8.8e-07
2x5120x11008,small_batch,0.5994,0.5994,2.8195,2.8026,9.4e-07
2x5120x13312,small_batch,0.7876,0.7876,2.844,2.8216,1.14e-06
2x5120x13824,small_batch,0.6786,0.6786,2.844,2.8247,1.18e-06
2x5120x14336,small_batch,0.7334,0.7334,2.8496,2.8287,1.23e-06
2x5120x15360,small_batch,0.6859,0.6859,2.8576,2.838,1.31e-06
2x5120x16384,small_batch,0.7793,0.7793,2.8617,2.8394,1.4e-06
2x5120x22016,small_batch,0.8359,0.8359,2.883,2.8589,1.88e-06
2x5120x27648,small_batch,3.2528,3.2528,2.3764,2.2991,2.36e-06
2x5120x28672,small_batch,0.3101,0.3101,2.1927,2.1859,2.45e-06
2x5120x32768,small_batch,1.1281,1.1281,2.1717,2.1472,2.8e-06
2x5376x2048,small_batch,0.532,0.532,1.9737,1.9632,1.8e-07
2x5376x4096,small_batch,0.0,0.0,2.8153,2.8153,3.7e-07
2x5376x5120,small_batch,0.2048,0.2048,2.8809,2.875,4.6e-07
2x5504x2048,small_batch,8.5067,5.838,1.9373,1.8242,1.9e-07
2x5504x4096,small_batch,0.7089,0.7089,3.2022,3.1795,3.8e-07
2x5504x5120,small_batch,2.187,2.187,3.3104,3.238,4.7e-07
2x6144x2048,small_batch,1.7543,1.7543,2.2516,2.2121,2.1e-07
2x6144x6144,small_batch,0.0,0.0,3.2244,3.2244,6.3e-07
2x6144x18432,small_batch,0.0,0.0,3.3957,3.3957,1.89e-06
2x6656x2048,small_batch,8.0615,5.6284,2.3879,2.2535,2.3e-07
2x6656x4096,small_batch,0.0,0.0,3.4811,3.4811,4.6e-07
2x6656x5120,small_batch,0.0,0.0,3.4062,3.4062,5.7e-07
2x7168x7168,small_batch,0.0,0.0,3.7502,3.7502,8.6e-07
2x7168x8192,small_batch,0.0,0.0,3.7877,3.7877,9.8e-07
2x7168x10240,small_batch,0.0,0.0,3.8293,3.8293,1.23e-06
2x7168x11008,small_batch,0.0,0.0,3.8358,3.8358,1.32e-06
2x7168x13312,small_batch,0.0,0.0,3.87,3.87,1.59e-06
2x7168x13824,small_batch,0.0,0.0,3.871,3.871,1.65e-06
2x7168x14336,small_batch,0.0,0.0,3.8793,3.8793,1.72e-06
2x7168x16384,small_batch,0.0,0.0,3.8907,3.8907,1.96e-06
2x7168x21504,small_batch,0.0,0.0,2.9451,2.9451,2.57e-06
2x7168x22016,small_batch,0.56,0.56,2.9465,2.93,2.64e-06
2x7168x27648,small_batch,1.6186,1.6186,2.9347,2.8872,3.31e-06
2x7168x28672,small_batch,1.2263,1.2263,2.9275,2.8916,3.43e-06
2x7168x32768,small_batch,1.527,1.527,2.9338,2.889,3.92e-06
2x7680x2560,small_batch,8.3331,8.3331,3.4321,3.1461,3.3e-07
2x8192x2048,small_batch,8.0007,8.0007,2.9135,2.6804,2.8e-07
2x8192x4096,small_batch,0.0,0.0,4.2574,4.2574,5.6e-07
2x8192x5120,small_batch,0.0,0.0,4.3626,4.3626,7e-07
2x8192x7168,small_batch,0.0,0.0,4.4861,4.4861,9.8e-07
2x8192x8192,small_batch,0.0,0.0,4.5216,4.5216,1.12e-06
2x8192x10240,small_batch,0.0,0.0,4.5846,4.5846,1.4e-06
2x8192x11008,small_batch,0.0,0.0,4.6035,4.6035,1.51e-06
2x8192x13312,small_batch,0.0,0.0,4.6316,4.6316,1.82e-06
2x8192x13824,small_batch,0.0,0.0,4.642,4.642,1.89e-06
2x8192x14336,small_batch,0.0,0.0,4.6497,4.6497,1.96e-06
2x8192x16384,small_batch,0.0,0.0,4.6198,4.6198,2.24e-06
2x8192x22016,small_batch,0.0,0.0,3.3915,3.3915,3.01e-06
2x8192x24576,small_batch,0.0,0.0,3.3911,3.3911,3.36e-06
2x8192x27648,small_batch,0.0,0.0,3.3917,3.3917,3.78e-06
2x8192x28672,small_batch,0.0,0.0,3.3951,3.3951,3.92e-06
2x8192x32768,small_batch,0.0,0.0,3.3972,3.3972,4.48e-06
2x9216x3072,small_batch,0.0,0.0,4.5743,4.5743,4.7e-07
2x10240x2048,small_batch,1.2179,1.2179,3.6867,3.6418,3.5e-07
2x10240x4096,small_batch,0.0,0.0,5.0156,5.0156,7e-07
2x10240x5120,small_batch,0.0,0.0,5.1174,5.1174,8.8e-07
2x10240x7168,small_batch,0.0,0.0,5.2463,5.2463,1.23e-06
2x10240x8192,small_batch,0.0,0.0,5.2847,5.2847,1.4e-06
2x10752x3584,small_batch,0.0,0.0,5.1237,5.1237,6.4e-07
2x11008x2048,small_batch,3.1097,3.1097,4.0197,3.8947,3.8e-07
2x11008x4096,small_batch,0.0,0.0,5.2782,5.2782,7.5e-07
2x11008x5120,small_batch,0.0,0.0,5.3957,5.3957,9.4e-07
2x11008x7168,small_batch,0.0,0.0,5.529,5.529,1.32e-06
2x11008x8192,small_batch,0.0,0.0,5.5789,5.5789,1.51e-06
2x12288x4096,small_batch,0.0,0.0,5.8848,5.8848,8.4e-07
2x13312x2048,small_batch,3.1097,3.1097,4.8526,4.7017,4.6e-07
2x13312x4096,small_batch,0.0,0.0,6.2943,6.2943,9.1e-07
2x13312x5120,small_batch,0.0,0.0,6.4265,6.4265,1.14e-06
2x13312x7168,small_batch,0.0,0.0,6.58,6.58,1.59e-06
2x13312x8192,small_batch,0.0,0.0,6.6236,6.6236,1.82e-06
2x13824x2048,small_batch,2.4349,2.4349,5.0392,4.9165,4.7e-07
2x13824x4096,small_batch,0.0,0.0,6.4987,6.4987,9.5e-07
2x13824x5120,small_batch,0.0,0.0,6.6297,6.6297,1.18e-06
2x13824x7168,small_batch,0.0,0.0,6.7909,6.7909,1.65e-06
2x13824x8192,small_batch,0.0,0.0,6.8367,6.8367,1.89e-06
2x14336x2048,small_batch,0.6695,0.6695,4.9438,4.9107,4.9e-07
2x14336x4096,small_batch,0.0,0.0,6.7009,6.7009,9.8e-07
2x14336x5120,small_batch,0.0,0.0,6.8368,6.8368,1.23e-06
2x14336x7168,small_batch,0.0,0.0,7.0231,7.0231,1.72e-06
2x14336x8192,small_batch,0.0,0.0,7.0898,7.0898,1.96e-06
2x15360x5120,small_batch,0.0,0.0,7.1911,7.1911,1.31e-06
2x16384x2048,small_batch,4.5877,4.5877,5.7567,5.4926,5.6e-07
2x16384x4096,small_batch,0.0,0.0,7.3718,7.3718,1.12e-06
2x16384x5120,small_batch,0.0,0.0,7.5258,7.5258,1.4e-06
2x16384x7168,small_batch,0.0,0.0,7.8598,7.8598,1.96e-06
2x16384x8192,small_batch,0.0,0.0,7.7738,7.7738,2.24e-06
2x18432x6144,small_batch,0.0,0.0,7.761,7.761,1.89e-06
2x21504x7168,small_batch,3.6946,3.6946,6.2821,6.05,2.57e-06
2x22016x2048,small_batch,0.0,0.0,7.6438,7.6438,7.5e-07
2x22016x4096,small_batch,0.0,0.0,8.543,8.543,1.51e-06
2x22016x5120,small_batch,0.0,0.0,8.732,8.732,1.88e-06
2x22016x7168,small_batch,3.9964,3.9964,6.3056,6.0536,2.64e-06
2x22016x8192,small_batch,4.4488,4.4488,5.7026,5.4489,3.01e-06
2x24576x8192,small_batch,3.6247,3.6247,5.7273,5.5197,3.36e-06
2x27648x2048,small_batch,0.0,0.0,9.1936,9.1936,9.5e-07
2x27648x4096,small_batch,0.0,0.0,9.9981,9.9981,1.89e-06
2x27648x5120,small_batch,0.0,0.0,8.3342,8.3342,2.36e-06
2x27648x7168,small_batch,2.7151,2.7151,5.9372,5.776,3.31e-06
2x27648x8192,small_batch,2.9117,2.9117,5.9484,5.7752,3.78e-06
2x28672x2048,small_batch,0.0,0.0,9.4569,9.4569,9.8e-07
2x28672x4096,small_batch,0.0,0.0,10.1181,10.1181,1.96e-06
2x28672x5120,small_batch,0.0,0.0,7.7763,7.7763,2.45e-06
2x28672x7168,small_batch,3.7553,3.7553,6.0181,5.7921,3.43e-06
2x28672x8192,small_batch,1.6543,1.6543,5.9784,5.8795,3.92e-06
2x32768x2048,small_batch,0.0,0.0,9.74,9.74,1.12e-06
2x32768x4096,small_batch,0.0,0.0,10.5525,10.5525,2.24e-06
2x32768x5120,small_batch,2.1775,2.1775,6.6636,6.5185,2.8e-06
2x32768x7168,small_batch,4.392,4.392,6.4503,6.167,3.92e-06
2x32768x8192,small_batch,0.0,0.0,7.7267,7.7267,4.48e-06
3x1024x1024,small_batch,1.2,1.2,0.275,0.2717,3e-08
3x1024x3072,small_batch,6.5968,6.5968,0.811,0.7575,8e-08
3x1280x1280,small_batch,2.5593,2.0707,0.4298,0.4209,4e-08
3x1280x3840,small_batch,0.0,0.0,1.2148,1.2148,1.2e-07
3x1536x1536,small_batch,2.0257,0.8564,0.6072,0.602,6e-08
3x1536x4608,small_batch,16.5359,0.0,1.4786,1.4786,1.8e-07
3x2048x2048,small_batch,6.4608,5.5484,1.085,1.0248,1.1e-07
3x2048x2688,small_batch,8.1313,7.3978,1.4315,1.3256,1.4e-07
3x2048x3584,small_batch,12.6486,0.0,1.8508,1.8508,1.8e-07
3x2048x4096,small_batch,14.2334,0.0,1.9124,1.9124,2.1e-07
3x2048x5376,small_batch,15.249,0.0,1.9916,1.9916,2.8e-07
3x2048x5504,small_batch,14.3851,0.0,1.9701,1.9701,2.8e-07
3x2048x6144,small_batch,15.3056,0.0,2.0156,2.0156,3.2e-07
3x2048x6656,small_batch,15.4024,0.0,2.0315,2.0315,3.4e-07
3x2048x8192,small_batch,15.8592,0.0,2.0682,2.0682,4.2e-07
3x2048x10240,small_batch,15.9602,0.0,2.0927,2.0927,5.3e-07
3x2048x11008,small_batch,15.8103,0.0,2.0999,2.0999,5.6e-07
3x2048x13312,small_batch,16.0852,0.0,2.1212,2.1212,6.8e-07
3x2048x13824,small_batch,16.0592,0.0,2.1234,2.1234,7.1e-07
3x2048x14336,small_batch,15.9508,0.0,2.1234,2.1234,7.4e-07
3x2048x16384,small_batch,16.5254,0.0,2.1125,2.1125,8.4e-07
3x2048x22016,small_batch,16.5477,0.0,2.129,2.129,1.13e-06
3x2048x27648,small_batch,16.6892,0.0,2.1427,2.1427,1.42e-06
3x2048x28672,small_batch,16.5258,0.0,2.1415,2.1415,1.47e-06
3x2048x32768,small_batch,16.6752,0.0,2.1487,2.1487,1.68e-06
3x2560x2560,small_batch,8.3195,8.3195,1.7465,1.6012,1.6e-07
3x2560x7680,small_batch,15.6305,0.0,2.5495,2.5495,4.9e-07
3x2688x2048,small_batch,9.788,8.6156,1.4671,1.3407,1.4e-07
3x3072x1024,small_batch,0.6846,0.1711,0.818,0.8166,8e-08
3x3072x3072,small_batch,0.328,0.328,2.3479,2.3402,2.4e-07
3x3072x9216,small_batch,14.2674,0.0,3.0419,3.0419,7.1e-07
3x3584x2048,small_batch,1.2419,1.2419,1.9808,1.9562,1.8e-07
3x3584x3584,small_batch,8.0789,0.0,3.0202,3.0202,3.2e-07
3x3584x10752,small_batch,12.3311,0.0,3.3971,3.3971,9.7e-07
3x3840x1280,small_batch,6.5224,6.5224,1.2848,1.201,1.2e-07
3x4096x2048,small_batch,14.489,14.2155,2.3397,2.0071,2.1e-07
3x4096x4096,small_batch,0.1346,0.0,3.4188,3.4188,4.2e-07
3x4096x5376,small_batch,1.1702,0.0,3.5464,3.5464,5.5e-07
3x4096x5504,small_batch,1.1386,0.0,3.5394,3.5394,5.6e-07
3x4096x6656,small_batch,1.7491,0.0,3.6361,3.6361,6.8e-07
3x4096x8192,small_batch,3.3613,0.0,3.6444,3.6444,8.4e-07
3x4096x10240,small_batch,4.1308,0.0,3.7063,3.7063,1.05e-06
3x4096x11008,small_batch,4.859,0.0,3.7477,3.7477,1.13e-06
3x4096x12288,small_batch,5.4693,0.0,3.7939,3.7939,1.26e-06
3x4096x13312,small_batch,5.0755,0.0,3.7967,3.7967,1.37e-06
3x4096x13824,small_batch,5.7747,0.0,3.8236,3.8236,1.42e-06
3x4096x14336,small_batch,5.7376,0.0,3.8239,3.8239,1.47e-06
3x4096x16384,small_batch,5.9735,0.0,3.8704,3.8704,1.68e-06
3x4096x22016,small_batch,6.9497,0.0,3.9412,3.9412,2.26e-06
3x4096x27648,small_batch,7.7376,0.0,3.9948,3.9948,2.84e-06
3x4096x28672,small_batch,7.499,0.0,3.9832,3.9832,2.94e-06
3x4096x32768,small_batch,8.6237,0.0,4.0029,4.0029,3.36e-06
3x4608x1536,small_batch,6.3084,6.3084,1.8309,1.7154,1.8e-07
3x5120x5120,small_batch,0.0,0.0,4.1329,4.1329,6.6e-07
3x5120x5376,small_batch,0.0,0.0,4.1475,4.1475,6.9e-07
3x5120x5504,small_batch,0.0,0.0,4.1667,4.1667,7.1e-07
3x5120x6656,small_batch,0.1588,0.1588,4.0932,4.0867,8.5e-07
3x5120x8192,small_batch,0.4591,0.4591,4.1603,4.1412,1.05e-06
3x5120x10240,small_batch,0.3729,0.3729,4.2105,4.1948,1.31e-06
3x5120x11008,small_batch,0.7464,0.7464,4.2335,4.2019,1.41e-06
3x5120x13312,small_batch,0.6639,0.6639,4.2624,4.2341,1.71e-06
3x5120x13824,small_batch,0.7194,0.7194,4.2677,4.237,1.77e-06
3x5120x14336,small_batch,0.7717,0.7717,4.276,4.243,1.84e-06
3x5120x15360,small_batch,0.7955,0.7955,4.2864,4.2523,1.97e-06
3x5120x16384,small_batch,0.8148,0.8148,4.2955,4.2605,2.1e-06
3x5120x22016,small_batch,0.8896,0.8896,4.3279,4.2894,2.82e-06
3x5120x27648,small_batch,4.4208,4.4208,3.6034,3.4441,3.55e-06
3x5120x28672,small_batch,0.3257,0.3257,3.2856,3.2749,3.68e-06
3x5120x32768,small_batch,1.8339,1.8339,3.2826,3.2224,4.2e-06
3x5376x2048,small_batch,1.7808,1.7808,2.9875,2.9343,2.8e-07
3x5376x4096,small_batch,0.1271,0.1271,4.1696,4.1643,5.5e-07
3x5376x5120,small_batch,1.2414,1.2414,4.3259,4.2722,6.9e-07
3x5504x2048,small_batch,8.2823,3.5873,2.9883,2.8811,2.8e-07
3x5504x4096,small_batch,0.0,0.0,4.7559,4.7559,5.6e-07
3x5504x5120,small_batch,1.7218,1.7218,4.9251,4.8403,7.1e-07
3x6144x2048,small_batch,7.5531,7.5531,2.7512,2.5434,3.2e-07
3x6144x6144,small_batch,0.0,0.0,4.8572,4.8572,9.5e-07
3x6144x18432,small_batch,0.0,0.0,5.0981,5.0981,2.84e-06
3x6656x2048,small_batch,4.8017,0.4549,3.1218,3.1076,3.4e-07
3x6656x4096,small_batch,0.0,0.0,5.215,5.215,6.8e-07
3x6656x5120,small_batch,0.0,0.0,5.1195,5.1195,8.5e-07
3x7168x7168,small_batch,0.0,0.0,5.6377,5.6377,1.29e-06
3x7168x8192,small_batch,0.0,0.0,5.6924,5.6924,1.47e-06
3x7168x10240,small_batch,0.0,0.0,5.7437,5.7437,1.84e-06
3x7168x11008,small_batch,0.0,0.0,5.7649,5.7649,1.98e-06
3x7168x13312,small_batch,0.0,0.0,5.8096,5.8096,2.39e-06
3x7168x13824,small_batch,0.0,0.0,5.8156,5.8156,2.48e-06
3x7168x14336,small_batch,0.0,0.0,5.8255,5.8255,2.57e-06
3x7168x16384,small_batch,0.0,0.0,5.8496,5.8496,2.94e-06
3x7168x21504,small_batch,0.0,0.0,4.4201,4.4201,3.86e-06
3x7168x22016,small_batch,0.0,0.0,4.4081,4.4081,3.95e-06
3x7168x27648,small_batch,0.0,0.0,4.351,4.351,4.96e-06
3x7168x28672,small_batch,0.0,0.0,4.3379,4.3379,5.15e-06
3x7168x32768,small_batch,0.0,0.0,4.3469,4.3469,5.88e-06
3x7680x2560,small_batch,3.6878,3.6878,4.5095,4.3432,4.9e-07
3x8192x2048,small_batch,6.5387,6.5387,3.7393,3.4948,4.2e-07
3x8192x4096,small_batch,0.0,0.0,6.4102,6.4102,8.4e-07
3x8192x5120,small_batch,0.0,0.0,6.5574,6.5574,1.05e-06
3x8192x7168,small_batch,0.0,0.0,6.7393,6.7393,1.47e-06
3x8192x8192,small_batch,0.0,0.0,6.8051,6.8051,1.68e-06
3x8192x10240,small_batch,0.0,0.0,6.8844,6.8844,2.1e-06
3x8192x11008,small_batch,0.0,0.0,6.9156,6.9156,2.26e-06
3x8192x13312,small_batch,0.0,0.0,6.9592,6.9592,2.73e-06
3x8192x13824,small_batch,0.0,0.0,6.9657,6.9657,2.84e-06
3x8192x14336,small_batch,0.0,0.0,6.9801,6.9801,2.94e-06
3x8192x16384,small_batch,0.0,0.0,6.8562,6.8562,3.36e-06
3x8192x22016,small_batch,0.0,0.0,5.1025,5.1025,4.52e-06
3x8192x24576,small_batch,0.0,0.0,5.0935,5.0935,5.04e-06
3x8192x27648,small_batch,0.0,0.0,5.1035,5.1035,5.67e-06
3x8192x28672,small_batch,0.0,0.0,5.0948,5.0948,5.88e-06
3x8192x32768,small_batch,0.0,0.0,5.119,5.119,6.72e-06
3x9216x3072,small_batch,1.9339,1.9339,5.9723,5.8568,7.1e-07
3x10240x2048,small_batch,5.6619,5.6619,4.8323,4.5587,5.3e-07
3x10240x4096,small_batch,0.0,0.0,7.5415,7.5415,1.05e-06
3x10240x5120,small_batch,0.0,0.0,7.6911,7.6911,1.31e-06
3x10240x7168,small_batch,0.0,0.0,7.8695,7.8695,1.84e-06
3x10240x8192,small_batch,0.0,0.0,7.9069,7.9069,2.1e-06
3x10752x3584,small_batch,0.0,0.0,7.6853,7.6853,9.7e-07
3x11008x2048,small_batch,5.7769,5.7769,5.0546,4.7626,5.6e-07
3x11008x4096,small_batch,0.0,0.0,7.9449,7.9449,1.13e-06
3x11008x5120,small_batch,0.0,0.0,8.1011,8.1011,1.41e-06
3x11008x7168,small_batch,0.0,0.0,8.2817,8.2817,1.98e-06
3x11008x8192,small_batch,0.0,0.0,8.3682,8.3682,2.26e-06
3x12288x4096,small_batch,0.0,0.0,8.8273,8.8273,1.26e-06
3x13312x2048,small_batch,4.9418,4.9418,5.9007,5.6091,6.8e-07
3x13312x4096,small_batch,0.0,0.0,9.4412,9.4412,1.37e-06
3x13312x5120,small_batch,0.0,0.0,9.6397,9.6397,1.71e-06
3x13312x7168,small_batch,0.0,0.0,9.8905,9.8905,2.39e-06
3x13312x8192,small_batch,0.0,0.0,9.9352,9.9352,2.73e-06
3x13824x2048,small_batch,5.8057,5.8057,6.3765,6.0063,7.1e-07
3x13824x4096,small_batch,0.0,0.0,9.7369,9.7369,1.42e-06
3x13824x5120,small_batch,0.0,0.0,9.9539,9.9539,1.77e-06
3x13824x7168,small_batch,0.0,0.0,10.2211,10.2211,2.48e-06
3x13824x8192,small_batch,0.0,0.0,10.2609,10.2609,2.84e-06
3x14336x2048,small_batch,6.8056,6.8056,6.5534,6.1074,7.4e-07
3x14336x4096,small_batch,0.0,0.0,10.0397,10.0397,1.47e-06
3x14336x5120,small_batch,0.0,0.0,10.2744,10.2744,1.84e-06
3x14336x7168,small_batch,0.0,0.0,10.5491,10.5491,2.57e-06
3x14336x8192,small_batch,0.0,0.0,10.6155,10.6155,2.94e-06
3x15360x5120,small_batch,0.0,0.0,10.7669,10.7669,1.97e-06
3x16384x2048,small_batch,0.1473,0.1473,7.2626,7.2519,8.4e-07
3x16384x4096,small_batch,0.0,0.0,11.0817,11.0817,1.68e-06
3x16384x5120,small_batch,0.0,0.0,11.2783,11.2783,2.1e-06
3x16384x7168,small_batch,0.0,0.0,11.6796,11.6796,2.94e-06
3x16384x8192,small_batch,0.0,0.0,11.52,11.52,3.36e-06
3x18432x6144,small_batch,0.0,0.0,11.5699,11.5699,2.84e-06
3x21504x7168,small_batch,4.318,4.318,9.3885,8.9831,3.86e-06
3x22016x2048,small_batch,4.9866,4.9866,9.8444,9.3535,1.13e-06
3x22016x4096,small_batch,0.0,0.0,12.888,12.888,2.26e-06
3x22016x5120,small_batch,0.0,0.0,13.0874,13.0874,2.82e-06
3x22016x7168,small_batch,0.0,0.0,9.4886,9.4886,3.95e-06
3x22016x8192,small_batch,4.344,4.344,8.46,8.0925,4.52e-06
3x24576x8192,small_batch,0.0,0.0,9.8061,9.8061,5.04e-06
3x27648x2048,small_batch,4.7712,4.7712,12.5083,11.9115,1.42e-06
3x27648x4096,small_batch,0.0,0.0,14.9175,14.9175,2.84e-06
3x27648x5120,small_batch,0.0,0.0,12.8654,12.8654,3.55e-06
3x27648x7168,small_batch,0.0,0.0,9.9438,9.9438,4.96e-06
3x27648x8192,small_batch,0.0,0.0,10.3899,10.3899,5.67e-06
3x28672x2048,small_batch,5.9458,5.9458,12.9335,12.1645,1.47e-06
3x28672x4096,small_batch,0.0,0.0,15.1634,15.1634,2.94e-06
3x28672x5120,small_batch,0.0,0.0,12.0544,12.0544,3.68e-06
3x28672x7168,small_batch,0.2088,0.2088,10.6808,10.6585,5.15e-06
3x28672x8192,small_batch,0.0,0.0,10.5517,10.5517,5.88e-06
3x32768x2048,small_batch,0.0,0.0,14.1969,14.1969,1.68e-06
3x32768x4096,small_batch,0.0,0.0,15.804,15.804,3.36e-06
3x32768x5120,small_batch,0.0,0.0,11.5478,11.5478,4.2e-06
3x32768x7168,small_batch,0.5124,0.5124,11.319,11.261,5.88e-06
3x32768x8192,small_batch,0.0,0.0,11.5565,11.5565,6.72e-06
4x1024x1024,small_batch,1.6812,1.6812,0.3212,0.3158,4e-08
4x1024x3072,small_batch,4.7357,0.0,0.8911,0.8911,1.1e-07
4x1280x1280,small_batch,0.4597,0.4597,0.5003,0.498,5e-08
4x1280x3840,small_batch,3.3311,3.3311,1.3539,1.3088,1.6e-07
4x1536x1536,small_batch,0.0,0.0,0.7182,0.7182,8e-08
4x1536x4608,small_batch,15.8269,0.0,1.9549,1.9549,2.4e-07
4x2048x2048,small_batch,4.3121,4.3121,1.2175,1.165,1.4e-07
4x2048x2688,small_batch,2.372,2.372,1.5683,1.5311,1.8e-07
4x2048x3584,small_batch,0.8512,0.8512,2.103,2.0851,2.5e-07
4x2048x4096,small_batch,1.5663,0.0,2.2218,2.2218,2.8e-07
4x2048x5376,small_batch,14.8409,0.0,2.6427,2.6427,3.7e-07
4x2048x5504,small_batch,13.946,0.0,2.6237,2.6237,3.8e-07
4x2048x6144,small_batch,14.7838,0.0,2.659,2.659,4.2e-07
4x2048x6656,small_batch,15.271,0.0,2.6953,2.6953,4.6e-07
4x2048x8192,small_batch,15.5373,0.0,2.7508,2.7508,5.6e-07
4x2048x10240,small_batch,15.144,0.0,2.7681,2.7681,7e-07
4x2048x11008,small_batch,15.4163,0.0,2.7912,2.7912,7.5e-07
4x2048x13312,small_batch,15.5774,0.0,2.8137,2.8137,9.1e-07
4x2048x13824,small_batch,15.6047,0.0,2.8171,2.8171,9.5e-07
4x2048x14336,small_batch,15.3698,0.0,2.8094,2.8094,9.8e-07
4x2048x16384,small_batch,16.3452,0.0,2.8155,2.8155,1.12e-06
4x2048x22016,small_batch,16.3876,0.0,2.8369,2.8369,1.51e-06
4x2048x27648,small_batch,16.4058,0.0,2.849,2.849,1.89e-06
4x2048x28672,small_batch,16.4832,0.0,2.8532,2.8532,1.96e-06
4x2048x32768,small_batch,16.6986,0.0,2.8667,2.8667,2.24e-06
4x2560x2560,small_batch,2.2732,2.2732,1.7904,1.7497,2.2e-07
4x2560x7680,small_batch,15.6687,0.0,3.3934,3.3934,6.6e-07
4x2688x2048,small_batch,2.9938,2.9938,1.6167,1.5683,1.8e-07
4x3072x1024,small_batch,2.5707,2.5707,0.9725,0.9475,1.1e-07
4x3072x3072,small_batch,5.8731,5.8731,2.6732,2.5162,3.2e-07
4x3072x9216,small_batch,13.8966,0.0,4.0384,4.0384,9.5e-07
4x3584x2048,small_batch,6.1491,6.1491,2.0881,1.9597,2.5e-07
4x3584x3584,small_batch,2.2764,2.2764,3.7339,3.6489,4.3e-07
4x3584x10752,small_batch,11.7236,0.0,4.5029,4.5029,1.29e-06
4x3840x1280,small_batch,1.8339,1.8339,1.4123,1.3864,1.6e-07
4x4096x2048,small_batch,5.6096,4.8619,2.3139,2.2014,2.8e-07
4x4096x4096,small_batch,0.0,0.0,4.5033,4.5033,5.6e-07
4x4096x5376,small_batch,1.8992,0.0,4.7335,4.7335,7.4e-07
4x4096x5504,small_batch,0.9309,0.0,4.6945,4.6945,7.5e-07
4x4096x6656,small_batch,2.2606,0.0,4.8438,4.8438,9.1e-07
4x4096x8192,small_batch,3.1514,0.0,4.8486,4.8486,1.12e-06
4x4096x10240,small_batch,4.8667,0.0,4.9828,4.9828,1.4e-06
4x4096x11008,small_batch,4.4863,0.0,4.9774,4.9774,1.51e-06
4x4096x12288,small_batch,4.6737,0.0,5.0281,5.0281,1.68e-06
4x4096x13312,small_batch,6.1658,0.0,5.1121,5.1121,1.82e-06
4x4096x13824,small_batch,6.4603,0.0,5.1375,5.1375,1.89e-06
4x4096x14336,small_batch,6.0278,0.0,5.1163,5.1163,1.96e-06
4x4096x16384,small_batch,4.922,0.0,5.0996,5.0996,2.24e-06
4x4096x22016,small_batch,6.9119,0.0,5.2229,5.2229,3.01e-06
4x4096x27648,small_batch,7.7216,0.0,5.2852,5.2852,3.78e-06
4x4096x28672,small_batch,6.7589,0.0,5.2479,5.2479,3.92e-06
4x4096x32768,small_batch,8.2098,0.0,5.3034,5.3034,4.48e-06
4x4608x1536,small_batch,5.4821,5.4821,2.0485,1.9362,2.4e-07
4x5120x5120,small_batch,0.0,0.0,5.5164,5.5164,8.8e-07
4x5120x5376,small_batch,0.0,0.0,5.5524,5.5524,9.2e-07
4x5120x5504,small_batch,0.0036,0.0036,5.5501,5.5499,9.4e-07
4x5120x6656,small_batch,0.3204,0.3204,5.4619,5.4444,1.14e-06
4x5120x8192,small_batch,0.5264,0.5264,5.547,5.5178,1.4e-06
4x5120x10240,small_batch,0.5857,0.5857,5.617,5.5841,1.75e-06
4x5120x11008,small_batch,0.5477,0.5477,5.6417,5.6108,1.88e-06
4x5120x13312,small_batch,0.7486,0.7486,5.6903,5.6477,2.28e-06
4x5120x13824,small_batch,0.7597,0.7597,5.6994,5.6561,2.36e-06
4x5120x14336,small_batch,0.7329,0.7329,5.7035,5.6617,2.45e-06
4x5120x15360,small_batch,0.8311,0.8311,5.7276,5.68,2.63e-06
4x5120x16384,small_batch,0.9489,0.9489,5.7331,5.6787,2.8e-06
4x5120x22016,small_batch,0.8654,0.8654,5.7779,5.7279,3.77e-06
4x5120x27648,small_batch,3.9553,3.9553,4.9352,4.74,4.73e-06
4x5120x28672,small_batch,1.9873,1.9873,4.4683,4.3795,4.9e-06
4x5120x32768,small_batch,1.7183,1.7183,4.3705,4.2954,5.6e-06
4x5376x2048,small_batch,5.3186,5.3186,3.1681,2.9996,3.7e-07
4x5376x4096,small_batch,1.1307,1.1307,5.5805,5.5174,7.4e-07
4x5376x5120,small_batch,1.7461,1.7461,5.7498,5.6494,9.2e-07
4x5504x2048,small_batch,7.8377,7.8377,3.3007,3.042,3.8e-07
4x5504x4096,small_batch,0.0,0.0,6.3143,6.3143,7.5e-07
4x5504x5120,small_batch,0.0,0.0,6.5059,6.5059,9.4e-07
4x6144x2048,small_batch,4.0128,4.0128,3.6209,3.4756,4.2e-07
4x6144x6144,small_batch,0.0,0.0,6.4597,6.4597,1.26e-06
4x6144x18432,small_batch,0.0,0.0,6.7955,6.7955,3.78e-06
4x6656x2048,small_batch,5.4307,5.4307,3.9056,3.6935,4.6e-07
4x6656x4096,small_batch,0.0,0.0,6.9533,6.9533,9.1e-07
4x6656x5120,small_batch,0.0,0.0,6.8328,6.8328,1.14e-06
4x7168x7168,small_batch,0.0,0.0,7.5225,7.5225,1.72e-06
4x7168x8192,small_batch,0.0,0.0,7.5801,7.5801,1.96e-06
4x7168x10240,small_batch,0.0,0.0,7.6663,7.6663,2.45e-06
4x7168x11008,small_batch,0.0,0.0,7.6866,7.6866,2.64e-06
4x7168x13312,small_batch,0.0,0.0,7.7462,7.7462,3.19e-06
4x7168x13824,small_batch,0.0,0.0,7.748,7.748,3.31e-06
4x7168x14336,small_batch,0.0,0.0,7.7644,7.7644,3.43e-06
4x7168x16384,small_batch,0.0,0.0,7.7994,7.7994,3.92e-06
4x7168x21504,small_batch,0.0,0.0,5.9026,5.9026,5.15e-06
4x7168x22016,small_batch,0.0,0.0,5.8763,5.8763,5.27e-06
4x7168x27648,small_batch,0.0,0.0,5.7912,5.7912,6.62e-06
4x7168x28672,small_batch,0.0,0.0,5.7839,5.7839,6.86e-06
4x7168x32768,small_batch,0.0,0.0,5.783,5.783,7.85e-06
4x7680x2560,small_batch,1.4479,1.4479,5.7739,5.6903,6.6e-07
4x8192x2048,small_batch,3.1523,1.4695,4.5459,4.4791,5.6e-07
4x8192x4096,small_batch,0.0,0.0,8.525,8.525,1.12e-06
4x8192x5120,small_batch,0.0,0.0,8.7252,8.7252,1.4e-06
4x8192x7168,small_batch,0.0,0.0,8.979,8.979,1.96e-06
4x8192x8192,small_batch,0.0,0.0,9.0613,9.0613,2.24e-06
4x8192x10240,small_batch,0.0,0.0,9.1793,9.1793,2.8e-06
4x8192x11008,small_batch,0.0,0.0,9.202,9.202,3.01e-06
4x8192x13312,small_batch,0.0,0.0,9.2789,9.2789,3.64e-06
4x8192x13824,small_batch,0.0,0.0,9.2875,9.2875,3.78e-06
4x8192x14336,small_batch,0.0,0.0,9.303,9.303,3.92e-06
4x8192x16384,small_batch,0.0,0.0,9.1541,9.1541,4.48e-06
4x8192x22016,small_batch,0.0,0.0,6.7995,6.7995,6.02e-06
4x8192x24576,small_batch,0.0,0.0,6.7834,6.7834,6.72e-06
4x8192x27648,small_batch,0.0,0.0,6.817,6.817,7.57e-06
4x8192x28672,small_batch,0.0,0.0,6.8009,6.8009,7.85e-06
4x8192x32768,small_batch,0.0,0.0,6.8245,6.8245,8.97e-06
4x9216x3072,small_batch,7.3378,7.3378,7.997,7.4102,9.5e-07
4x10240x2048,small_batch,6.2085,6.2085,6.2978,5.9068,7e-07
4x10240x4096,small_batch,0.0,0.0,9.9954,9.9954,1.4e-06
4x10240x5120,small_batch,0.0,0.0,9.0105,9.0105,1.75e-06
4x10240x7168,small_batch,0.0,0.0,10.5151,10.5151,2.45e-06
4x10240x8192,small_batch,0.0,0.0,10.5625,10.5625,2.8e-06
4x10752x3584,small_batch,0.0,0.0,10.2334,10.2334,1.29e-06
4x11008x2048,small_batch,6.1176,6.1176,6.8213,6.404,7.5e-07
4x11008x4096,small_batch,0.0,0.0,10.5437,10.5437,1.51e-06
4x11008x5120,small_batch,0.0,0.0,10.7706,10.7706,1.88e-06
4x11008x7168,small_batch,0.0,0.0,11.0346,11.0346,2.64e-06
4x11008x8192,small_batch,0.0,0.0,11.1509,11.1509,3.01e-06
4x12288x4096,small_batch,0.0,0.0,11.7694,11.7694,1.68e-06
4x13312x2048,small_batch,5.8629,5.8629,8.274,7.7889,9.1e-07
4x13312x4096,small_batch,0.0,0.0,12.5737,12.5737,1.82e-06
4x13312x5120,small_batch,0.0,0.0,12.8405,12.8405,2.28e-06
4x13312x7168,small_batch,0.0,0.0,13.1508,13.1508,3.19e-06
4x13312x8192,small_batch,0.0,0.0,13.255,13.255,3.64e-06
4x13824x2048,small_batch,4.906,4.906,8.5793,8.1584,9.5e-07
4x13824x4096,small_batch,0.0,0.0,12.9676,12.9676,1.89e-06
4x13824x5120,small_batch,0.0,0.0,13.247,13.247,2.36e-06
4x13824x7168,small_batch,0.0,0.0,13.5443,13.5443,3.31e-06
4x13824x8192,small_batch,0.0,0.0,13.6484,13.6484,3.78e-06
4x14336x2048,small_batch,5.237,5.237,8.7512,8.2929,9.8e-07
4x14336x4096,small_batch,0.0,0.0,13.4172,13.4172,1.96e-06
4x14336x5120,small_batch,0.0,0.0,13.712,13.712,2.45e-06
4x14336x7168,small_batch,0.0,0.0,14.0079,14.0079,3.43e-06
4x14336x8192,small_batch,0.0,0.0,14.0858,14.0858,3.92e-06
4x15360x5120,small_batch,0.0,0.0,14.3555,14.3555,2.63e-06
4x16384x2048,small_batch,3.4206,3.4206,8.7937,8.4929,1.12e-06
4x16384x4096,small_batch,0.0,0.0,14.6626,14.6626,2.24e-06
4x16384x5120,small_batch,0.0,0.0,15.0647,15.0647,2.8e-06
4x16384x7168,small_batch,0.0,0.0,15.3791,15.3791,3.92e-06
4x16384x8192,small_batch,0.0,0.0,15.5381,15.5381,4.48e-06
4x18432x6144,small_batch,0.0,0.0,15.6293,15.6293,3.78e-06
4x21504x7168,small_batch,5.0947,5.0947,12.7094,12.0619,5.15e-06
4x22016x2048,small_batch,4.8046,4.8046,12.2841,11.6939,1.51e-06
4x22016x4096,small_batch,0.0,0.0,16.7679,16.7679,3.01e-06
4x22016x5120,small_batch,0.0,0.0,17.4229,17.4229,3.77e-06
4x22016x7168,small_batch,1.6751,1.6751,12.1962,11.9919,5.27e-06
4x22016x8192,small_batch,5.9221,5.9221,11.4486,10.7706,6.02e-06
4x24576x8192,small_batch,5.6744,5.6744,11.6841,11.0211,6.72e-06
4x27648x2048,small_batch,2.6873,2.6873,15.618,15.1983,1.89e-06
4x27648x4096,small_batch,0.0,0.0,19.8035,19.8035,3.78e-06
4x27648x5120,small_batch,0.0,0.0,16.8571,16.8571,4.73e-06
4x27648x7168,small_batch,5.0794,5.0794,12.2415,11.6197,6.62e-06
4x27648x8192,small_batch,2.8143,2.8143,12.3548,12.0071,7.57e-06
4x28672x2048,small_batch,3.0553,3.0553,15.3894,14.9192,1.96e-06
4x28672x4096,small_batch,0.0,0.0,20.2877,20.2877,3.92e-06
4x28672x5120,small_batch,0.0,0.0,15.4621,15.4621,4.9e-06
4x28672x7168,small_batch,4.6335,4.6335,12.3103,11.7399,6.86e-06
4x28672x8192,small_batch,3.8164,3.8164,12.572,12.0922,7.85e-06
4x32768x2048,small_batch,0.0,0.0,18.7435,18.7435,2.24e-06
4x32768x4096,small_batch,0.0,0.0,21.0385,21.0385,4.48e-06
4x32768x5120,small_batch,4.7685,4.7685,13.6417,12.9912,5.6e-06
4x32768x7168,small_batch,3.7375,3.7375,13.4903,12.9861,7.85e-06
4x32768x8192,small_batch,0.0,0.0,15.3206,15.3206,8.97e-06
5x4096x4096,small_batch,0.0,0.0,5.6366,5.6366,7e-07
5x4096x14336,small_batch,5.2265,0.0,6.3675,6.3675,2.45e-06
5x8192x8192,small_batch,0.0,0.0,11.2961,11.2961,2.8e-06
5x14336x4096,small_batch,0.0,0.0,16.771,16.771,2.45e-06
6x4096x4096,small_batch,0.0,0.0,6.7548,6.7548,8.4e-07
6x4096x14336,small_batch,4.2771,0.0,7.5589,7.5589,2.94e-06
6x8192x8192,small_batch,0.0,0.0,13.5644,13.5644,3.36e-06
6x14336x4096,small_batch,0.0,0.0,20.0799,20.0799,2.94e-06
7x4096x4096,small_batch,0.0,0.0,7.9021,7.9021,9.8e-07
7x4096x14336,small_batch,5.024,0.0,8.8953,8.8953,3.43e-06
7x8192x8192,small_batch,0.0,0.0,15.8145,15.8145,3.92e-06
7x14336x4096,small_batch,0.0,0.0,23.4526,23.4526,3.43e-06
8x2048x2048,small_batch,6.5095,6.5095,2.3796,2.2247,2.8e-07
8x2048x5504,small_batch,14.2857,0.0,5.2108,5.2108,7.5e-07
8x2048x8192,small_batch,15.0849,0.0,5.4611,5.4611,1.12e-06
8x2048x11008,small_batch,14.9113,0.0,5.5173,5.5173,1.51e-06
8x2048x13312,small_batch,14.5394,0.0,5.547,5.547,1.82e-06
8x2048x14336,small_batch,14.3143,0.0,5.5497,5.5497,1.96e-06
8x2048x16384,small_batch,16.1452,0.0,5.6097,5.6097,2.24e-06
8x2048x27648,small_batch,15.6207,0.0,5.6425,5.6425,3.78e-06
8x4096x4096,small_batch,0.0,0.0,9.0306,9.0306,1.12e-06
8x4096x5504,small_batch,2.9161,0.0,9.3308,9.3308,1.51e-06
8x4096x8192,small_batch,2.7375,0.0,9.6693,9.6693,2.24e-06
8x4096x11008,small_batch,4.8811,0.0,9.9384,9.9384,3.01e-06
8x4096x13312,small_batch,5.0732,0.0,10.1198,10.1198,3.64e-06
8x4096x14336,small_batch,4.6424,0.0,10.1047,10.1047,3.92e-06
8x4096x16384,small_batch,4.3436,0.0,10.1413,10.1413,4.48e-06
8x4096x27648,small_batch,6.4577,0.0,10.4774,10.4774,7.57e-06
8x5120x5120,small_batch,0.0027,0.0027,10.9635,10.9632,1.75e-06
8x5120x5504,small_batch,0.1956,0.1956,11.0452,11.0236,1.88e-06
8x5120x8192,small_batch,0.527,0.527,11.1014,11.0429,2.8e-06
8x5120x11008,small_batch,0.5973,0.5973,11.2666,11.1993,3.77e-06
8x5120x13312,small_batch,0.7877,0.7877,11.3616,11.2721,4.55e-06
8x5120x14336,small_batch,0.6951,0.6951,11.3938,11.3146,4.9e-06
8x5120x16384,small_batch,0.7122,0.7122,11.4427,11.3612,5.6e-06
8x5120x27648,small_batch,0.8758,0.8758,9.2489,9.1679,9.46e-06
8x5504x2048,small_batch,4.8238,4.8238,6.1673,5.8698,7.5e-07
8x5504x4096,small_batch,0.0,0.0,12.5056,12.5056,1.51e-06
8x5504x5120,small_batch,0.0,0.0,12.8781,12.8781,1.88e-06
8x7168x7168,small_batch,0.0,0.0,15.0119,15.0119,3.43e-06
8x7168x8192,small_batch,0.0,0.0,15.1407,15.1407,3.92e-06
8x7168x11008,small_batch,0.0,0.0,15.343,15.343,5.27e-06
8x7168x13312,small_batch,0.0,0.0,15.4671,15.4671,6.37e-06
8x7168x14336,small_batch,0.0,0.0,15.5053,15.5053,6.86e-06
8x7168x16384,small_batch,0.0,0.0,15.5731,15.5731,7.85e-06
8x7168x27648,small_batch,0.0,0.0,11.6061,11.6061,1.324e-05
8x8192x2048,small_batch,4.8922,3.1464,9.0675,8.7822,1.12e-06
8x8192x4096,small_batch,0.0,0.0,16.9424,16.9424,2.24e-06
8x8192x5120,small_batch,0.0,0.0,17.3776,17.3776,2.8e-06
8x8192x7168,small_batch,0.0,0.0,17.8892,17.8892,3.92e-06
8x8192x8192,small_batch,0.0,0.0,18.0859,18.0859,4.48e-06
8x8192x11008,small_batch,0.0,0.0,18.3853,18.3853,6.02e-06
8x8192x13312,small_batch,0.0,0.0,18.5421,18.5421,7.28e-06
8x8192x14336,small_batch,0.0,0.0,18.5985,18.5985,7.85e-06
8x8192x16384,small_batch,0.0,0.0,18.2895,18.2895,8.97e-06
8x8192x27648,small_batch,0.0,0.0,13.591,13.591,1.513e-05
8x11008x2048,small_batch,2.929,2.929,11.8165,11.4704,1.51e-06
8x11008x4096,small_batch,0.0,0.0,20.892,20.892,3.01e-06
8x11008x5120,small_batch,0.0,0.0,21.5411,21.5411,3.77e-06
8x11008x7168,small_batch,0.0,0.0,22.0691,22.0691,5.27e-06
8x11008x8192,small_batch,0.0,0.0,22.2602,22.2602,6.02e-06
8x13312x2048,small_batch,6.5424,6.5424,15.5555,14.5378,1.82e-06
8x13312x4096,small_batch,0.0,0.0,25.0608,25.0608,3.64e-06
8x13312x5120,small_batch,0.0,0.0,25.681,25.681,4.55e-06
8x13312x7168,small_batch,0.0,0.0,26.2473,26.2473,6.37e-06
8x13312x8192,small_batch,0.0,0.0,26.4292,26.4292,7.28e-06
8x14336x2048,small_batch,5.635,5.635,15.9112,15.0146,1.96e-06
8x14336x4096,small_batch,0.0,0.0,26.7115,26.7115,3.92e-06
8x14336x5120,small_batch,0.0,0.0,27.2965,27.2965,4.9e-06
8x14336x7168,small_batch,0.0,0.0,27.9773,27.9773,6.86e-06
8x14336x8192,small_batch,0.0,0.0,27.9866,27.9866,7.85e-06
8x16384x2048,small_batch,3.0212,3.0212,18.9828,18.4093,2.24e-06
8x16384x4096,small_batch,0.0,0.0,29.2294,29.2294,4.48e-06
8x16384x5120,small_batch,0.0,0.0,29.968,29.968,5.6e-06
8x16384x7168,small_batch,0.0,0.0,31.354,31.354,7.85e-06
8x16384x8192,small_batch,0.0,0.0,30.6849,30.6849,8.97e-06
8x27648x2048,small_batch,5.0116,5.0116,30.6029,29.0692,3.78e-06
8x27648x4096,small_batch,0.0,0.0,39.6061,39.6061,7.57e-06
8x27648x5120,small_batch,0.0,0.0,33.1993,33.1993,9.46e-06
8x27648x7168,small_batch,4.6098,4.6098,24.2134,23.0972,1.324e-05
8x27648x8192,small_batch,3.974,3.974,24.4688,23.4964,1.513e-05
9x4096x4096,small_batch,0.2668,0.2668,10.1186,10.0916,1.26e-06
9x4096x14336,small_batch,3.3201,0.0,11.1893,11.1893,4.41e-06
9x8192x8192,small_batch,0.0,0.0,20.3193,20.3193,5.04e-06
9x14336x4096,small_batch,0.0,0.0,30.0505,30.0505,4.41e-06
10x4096x4096,small_batch,0.0,0.0,11.2132,11.2132,1.4e-06
10x4096x14336,small_batch,5.0304,0.0,12.6253,12.6253,4.9e-06
10x8192x8192,small_batch,0.0,0.0,22.577,22.577,5.6e-06
10x14336x4096,small_batch,0.0,0.0,33.3894,33.3894,4.9e-06
11x4096x4096,small_batch,0.0,0.0,12.3506,12.3506,1.54e-06
11x4096x14336,small_batch,4.2939,0.0,13.7753,13.7753,5.39e-06
11x8192x8192,small_batch,0.0,0.0,24.8179,24.8179,6.16e-06
11x14336x4096,small_batch,0.0,0.0,36.7283,36.7283,5.39e-06
12x2048x2048,small_batch,7.0368,7.0368,3.5897,3.3371,4.2e-07
12x2048x5504,small_batch,13.505,0.0,7.7534,7.7534,1.13e-06
12x2048x8192,small_batch,14.7595,0.0,8.1717,8.1717,1.68e-06
12x2048x11008,small_batch,14.8043,0.0,8.2057,8.2057,2.26e-06
12x2048x13312,small_batch,14.1932,0.0,8.2617,8.2617,2.73e-06
12x2048x14336,small_batch,14.2393,0.0,8.2736,8.2736,2.94e-06
12x2048x16384,small_batch,15.8776,0.0,8.3936,8.3936,3.36e-06
12x2048x27648,small_batch,15.3166,0.0,8.4281,8.4281,5.67e-06
12x4096x4096,small_batch,0.0,0.0,13.4379,13.4379,1.68e-06
12x4096x5504,small_batch,2.9036,0.0,13.9242,13.9242,2.26e-06
12x4096x8192,small_batch,2.2349,0.0,14.3589,14.3589,3.36e-06
12x4096x11008,small_batch,6.5035,0.0,14.7935,14.7935,4.52e-06
12x4096x13312,small_batch,5.3,0.0,15.1094,15.1094,5.46e-06
12x4096x14336,small_batch,3.7439,0.0,14.875,14.875,5.88e-06
12x4096x16384,small_batch,3.5436,0.0,15.0694,15.0694,6.72e-06
12x4096x27648,small_batch,5.663,0.0,15.4864,15.4864,1.135e-05
12x5120x5120,small_batch,0.0,0.0,16.3597,16.3597,2.63e-06
12x5120x5504,small_batch,10.3384,10.3384,16.3594,14.6681,2.82e-06
12x5120x8192,small_batch,0.657,0.657,16.652,16.5426,4.2e-06
12x5120x11008,small_batch,0.9408,0.9408,16.8577,16.6991,5.65e-06
12x5120x13312,small_batch,0.498,0.498,17.0068,16.9221,6.83e-06
12x5120x14336,small_batch,0.0,0.0,16.9459,16.9459,7.35e-06
12x5120x16384,small_batch,0.6773,0.6773,17.1406,17.0245,8.41e-06
12x5120x27648,small_batch,1.4839,1.4839,13.8824,13.6764,1.418e-05
12x5504x2048,small_batch,1.898,1.898,9.3149,9.1381,1.13e-06
12x5504x4096,small_batch,4.7254,4.7254,17.6323,16.7991,2.26e-06
12x5504x5120,small_batch,0.0,0.0,19.2725,19.2725,2.82e-06
12x7168x7168,small_batch,0.0,0.0,22.5179,22.5179,5.15e-06
12x7168x8192,small_batch,0.0,0.0,22.7257,22.7257,5.88e-06
12x7168x11008,small_batch,0.0,0.0,22.9925,22.9925,7.91e-06
12x7168x13312,small_batch,0.0,0.0,23.1913,23.1913,9.56e-06
12x7168x14336,small_batch,0.0,0.0,23.2317,23.2317,1.03e-05
12x7168x16384,small_batch,0.0,0.0,23.344,23.344,1.177e-05
12x7168x27648,small_batch,0.0,0.0,17.4092,17.4092,1.986e-05
12x8192x2048,small_batch,2.249,2.249,13.6193,13.313,1.68e-06
12x8192x4096,small_batch,0.0,0.0,25.4136,25.4136,3.36e-06
12x8192x5120,small_batch,0.0,0.0,26.0664,26.0664,4.2e-06
12x8192x7168,small_batch,0.0,0.0,26.8134,26.8134,5.88e-06
12x8192x8192,small_batch,0.0,0.0,27.1471,27.1471,6.72e-06
12x8192x11008,small_batch,0.0,0.0,27.5498,27.5498,9.04e-06
12x8192x13312,small_batch,0.0,0.0,27.7542,27.7542,1.093e-05
12x8192x14336,small_batch,0.0,0.0,27.876,27.876,1.177e-05
12x8192x16384,small_batch,0.0,0.0,27.2576,27.2576,1.345e-05
12x8192x27648,small_batch,0.0,0.0,20.4233,20.4233,2.27e-05
12x11008x2048,small_batch,2.7241,2.7241,18.9164,18.4011,2.26e-06
12x11008x4096,small_batch,0.0,0.0,31.337,31.337,4.52e-06
12x11008x5120,small_batch,0.0,0.0,32.1275,32.1275,5.65e-06
12x11008x7168,small_batch,0.0,0.0,32.8732,32.8732,7.91e-06
12x11008x8192,small_batch,0.0,0.0,33.3076,33.3076,9.04e-06
12x13312x2048,small_batch,4.6478,4.6478,22.7484,21.6911,2.73e-06
12x13312x4096,small_batch,0.0,0.0,37.5911,37.5911,5.46e-06
12x13312x5120,small_batch,0.0,0.0,38.0555,38.0555,6.83e-06
12x13312x7168,small_batch,0.0,0.0,39.398,39.398,9.56e-06
12x13312x8192,small_batch,0.0,0.0,39.548,39.548,1.093e-05
12x14336x2048,small_batch,5.5317,5.5317,25.1281,23.7381,2.94e-06
12x14336x4096,small_batch,0.0,0.0,40.0673,40.0673,5.88e-06
12x14336x5120,small_batch,0.0,0.0,40.8688,40.8688,7.35e-06
12x14336x7168,small_batch,0.0,0.0,41.6815,41.6815,1.03e-05
12x14336x8192,small_batch,0.0,0.0,41.756,41.756,1.177e-05
12x16384x2048,small_batch,0.5457,0.5457,27.614,27.4633,3.36e-06
30x4096x4096,small_batch,0.0,0.0,29.8793,29.8793,4.2e-06
30x4096x14336,small_batch,0.0,0.0,35.9861,35.9861,1.471e-05
30x8192x8192,small_batch,0.0,0.0,68.2371,68.2371,1.681e-05
30x14336x4096,small_batch,0.0,0.0,96.3285,96.3285,1.471e-05
31x4096x4096,small_batch,0.4058,0.4058,35.042,34.8998,4.34e-06
31x4096x14336,small_batch,0.0,0.0,37.0943,37.0943,1.52e-05
31x8192x8192,small_batch,0.0,0.0,70.226,70.226,1.737e-05
31x14336x4096,small_batch,0.0,0.0,98.3562,98.3562,1.52e-05
32x2048x2048,small_batch,6.2496,6.2496,11.756,11.0213,1.12e-06
32x2048x5504,small_batch,14.0708,0.0,20.9156,20.9156,3.01e-06
32x2048x8192,small_batch,15.437,0.0,21.8449,21.8449,4.48e-06
32x2048x11008,small_batch,15.8136,0.0,22.1101,22.1101,6.02e-06
32x2048x13312,small_batch,15.7317,0.0,22.4629,22.4629,7.28e-06
32x2048x14336,small_batch,15.9874,0.0,22.5403,22.5403,7.85e-06
32x2048x16384,small_batch,15.0954,0.0,22.216,22.216,8.97e-06
32x2048x27648,small_batch,15.5507,0.0,22.4806,22.4806,1.513e-05
32x4096x4096,small_batch,0.9344,0.9344,36.1724,35.8344,4.48e-06
32x4096x5504,small_batch,1.1072,1.1072,36.7144,36.3079,6.02e-06
32x4096x8192,small_batch,0.0,0.0,37.5401,37.5401,8.97e-06
32x4096x11008,small_batch,1.9493,1.9493,37.6947,36.9599,1.205e-05
32x4096x13312,small_batch,0.0,0.0,38.0901,38.0901,1.457e-05
32x4096x14336,small_batch,0.0,0.0,38.2597,38.2597,1.569e-05
32x4096x16384,small_batch,0.0,0.0,38.8319,38.8319,1.793e-05
32x4096x27648,small_batch,0.0,0.0,39.0176,39.0176,3.026e-05
32x5120x5120,small_batch,0.0,0.0,44.5066,44.5066,7e-06
32x5120x5504,small_batch,0.0,0.0,44.7087,44.7087,7.53e-06
32x5120x8192,small_batch,0.0,0.0,44.524,44.524,1.121e-05
32x5120x11008,small_batch,0.0,0.0,45.2937,45.2937,1.506e-05
32x5120x13312,small_batch,0.0,0.0,45.5607,45.5607,1.821e-05
32x5120x14336,small_batch,0.0,0.0,45.7889,45.7889,1.961e-05
32x5120x16384,small_batch,0.0,0.0,45.9595,45.9595,2.242e-05
32x5120x27648,small_batch,0.0,0.0,36.272,36.272,3.783e-05
32x5504x2048,small_batch,6.3746,6.3746,35.0357,32.8023,3.01e-06
32x5504x4096,small_batch,0.0,0.0,45.5917,45.5917,6.02e-06
32x5504x5120,small_batch,0.0,0.0,46.3185,46.3185,7.53e-06
32x7168x7168,small_batch,0.0,0.0,60.4018,60.4018,1.373e-05
32x7168x8192,small_batch,0.0,0.0,61.2347,61.2347,1.569e-05
32x7168x11008,small_batch,0.0,0.0,61.7647,61.7647,2.108e-05
32x7168x13312,small_batch,0.0,0.0,62.2227,62.2227,2.55e-05
32x7168x14336,small_batch,0.0,0.0,62.4233,62.4233,2.746e-05
32x7168x16384,small_batch,0.0,0.0,62.6673,62.6673,3.138e-05
32x7168x27648,small_batch,0.0,0.0,46.0401,46.0401,5.296e-05
32x8192x2048,small_batch,4.2687,4.2687,49.821,47.6943,4.48e-06
32x8192x4096,small_batch,0.0,0.0,68.4653,68.4653,8.97e-06
32x8192x5120,small_batch,0.0,0.0,70.2398,70.2398,1.121e-05
32x8192x7168,small_batch,0.0,0.0,72.1628,72.1628,1.569e-05
32x8192x8192,small_batch,0.0,0.0,72.885,72.885,1.793e-05
32x8192x11008,small_batch,0.0,0.0,73.2434,73.2434,2.41e-05
32x8192x13312,small_batch,0.0,0.0,74.1369,74.1369,2.914e-05
32x8192x14336,small_batch,0.0,0.0,73.8395,73.8395,3.138e-05
32x8192x16384,small_batch,0.0,0.0,71.5,71.5,3.586e-05
32x8192x27648,small_batch,0.0,0.0,53.2914,53.2914,6.052e-05
32x11008x2048,small_batch,3.7529,3.7529,63.8595,61.4629,6.02e-06
32x11008x4096,small_batch,4.0808,4.0808,71.2514,68.3438,1.205e-05
32x11008x5120,small_batch,4.6553,4.6553,72.0916,68.7355,1.506e-05
32x11008x7168,small_batch,5.8326,5.8326,75.0809,70.7017,2.108e-05
32x11008x8192,small_batch,2.7623,2.7623,73.0941,71.075,2.41e-05
32x13312x2048,small_batch,0.0,0.0,82.8033,82.8033,7.28e-06
32x13312x4096,small_batch,0.0,0.0,97.6593,97.6593,1.457e-05
32x13312x5120,small_batch,0.0,0.0,100.2661,100.2661,1.821e-05
32x13312x7168,small_batch,0.0,0.0,98.0998,98.0998,2.55e-05
32x13312x8192,small_batch,0.0,0.0,98.9905,98.9905,2.914e-05
32x14336x2048,small_batch,0.0045,0.0045,86.0685,86.0646,7.85e-06
32x14336x4096,small_batch,0.0,0.0,97.4155,97.4155,1.569e-05
32x14336x5120,small_batch,0.0,0.0,101.2658,101.2658,1.961e-05
32x14336x7168,small_batch,0.0,0.0,105.2385,105.2385,2.746e-05
32x14336x8192,small_batch,0.0,0.0,103.832,103.832,3.138e-05
32x16384x2048,small_batch,0.0,0.0,93.231,93.231,8.97e-06
32x16384x4096,small_batch,0.0,0.0,106.2585,106.2585,1.793e-05
32x16384x5120,small_batch,0.0,0.0,108.5158,108.5158,2.242e-05
32x16384x7168,small_batch,0.0,0.0,111.9481,111.9481,3.138e-05
32x16384x8192,small_batch,0.0,0.0,112.444,112.444,3.586e-05
32x27648x2048,small_batch,18.1459,18.1459,111.408,91.192,1.513e-05
32x27648x4096,small_batch,22.4047,22.4047,122.9121,95.374,3.026e-05
32x27648x5120,small_batch,20.3748,20.3748,108.5722,86.4508,3.783e-05
32x27648x7168,small_batch,12.4402,12.4402,86.5076,75.7459,5.296e-05
32x27648x8192,small_batch,12.8819,12.8819,85.2011,74.2256,6.052e-05
33x4096x4096,medium_batch,0.0,0.0,37.4542,37.4542,4.62e-06
33x4096x14336,medium_batch,0.0,0.0,40.0432,40.0432,1.618e-05
33x8192x8192,medium_batch,0.0,0.0,72.1225,72.1225,1.849e-05
33x14336x4096,medium_batch,0.0,0.0,84.8633,84.8633,1.618e-05
34x4096x4096,medium_batch,0.0,0.0,38.537,38.537,4.76e-06
34x4096x14336,medium_batch,0.0,0.0,41.1881,41.1881,1.667e-05
34x8192x8192,medium_batch,0.0,0.0,75.4406,75.4406,1.905e-05
34x14336x4096,medium_batch,0.0,0.0,88.7585,88.7585,1.667e-05
35x4096x4096,medium_batch,0.0,0.0,39.6705,39.6705,4.9e-06
35x4096x14336,medium_batch,0.0,0.0,42.4876,42.4876,1.716e-05
35x8192x8192,medium_batch,0.0,0.0,75.6071,75.6071,1.961e-05
35x14336x4096,medium_batch,1.2978,1.2978,89.9278,88.7607,1.716e-05
36x4096x4096,medium_batch,0.0,0.0,40.8591,40.8591,5.04e-06
36x4096x14336,medium_batch,0.0,0.0,43.5934,43.5934,1.765e-05
36x8192x8192,medium_batch,0.0,0.0,80.1433,80.1433,2.017e-05
36x14336x4096,medium_batch,0.0,0.0,93.8127,93.8127,1.765e-05
37x4096x4096,medium_batch,0.0,0.0,41.9374,41.9374,5.18e-06
37x4096x14336,medium_batch,0.0,0.0,44.8969,44.8969,1.814e-05
37x8192x8192,medium_batch,0.0,0.0,78.6092,78.6092,2.073e-05
37x14336x4096,medium_batch,3.7727,3.7727,94.4877,90.923,1.814e-05
38x4096x4096,medium_batch,0.0,0.0,43.0127,43.0127,5.32e-06
38x4096x14336,medium_batch,0.0,0.0,45.9583,45.9583,1.863e-05
38x8192x8192,medium_batch,0.0,0.0,82.6732,82.6732,2.129e-05
38x14336x4096,medium_batch,2.2155,2.2155,97.1259,94.9741,1.863e-05
39x4096x4096,medium_batch,0.0,0.0,44.324,44.324,5.46e-06
39x4096x14336,medium_batch,0.0,0.0,47.2651,47.2651,1.912e-05
39x8192x8192,medium_batch,0.0,0.0,86.3065,86.3065,2.185e-05
39x14336x4096,medium_batch,0.0,0.0,100.2052,100.2052,1.912e-05
40x4096x4096,medium_batch,0.0,0.0,45.3377,45.3377,5.6e-06
40x4096x14336,medium_batch,0.0,0.0,48.3971,48.3971,1.961e-05
40x8192x8192,medium_batch,0.0,0.0,86.8555,86.8555,2.242e-05
40x14336x4096,medium_batch,1.6945,1.6945,101.0915,99.3785,1.961e-05
41x4096x4096,medium_batch,0.0,0.0,46.4084,46.4084,5.74e-06
41x4096x14336,medium_batch,0.0,0.0,49.6685,49.6685,2.01e-05
41x8192x8192,medium_batch,0.0,0.0,88.7397,88.7397,2.298e-05
41x14336x4096,medium_batch,0.0,0.0,104.2469,104.2469,2.01e-05
42x4096x4096,medium_batch,0.0,0.0,47.4763,47.4763,5.88e-06
42x4096x14336,medium_batch,0.0,0.0,50.838,50.838,2.059e-05
42x8192x8192,medium_batch,0.0,0.0,89.5154,89.5154,2.354e-05
42x14336x4096,medium_batch,0.0,0.0,105.7818,105.7818,2.059e-05
43x4096x4096,medium_batch,0.0,0.0,48.6067,48.6067,6.02e-06
43x4096x14336,medium_batch,0.0,0.0,52.0913,52.0913,2.108e-05
43x8192x8192,medium_batch,0.0,0.0,93.5527,93.5527,2.41e-05
43x14336x4096,medium_batch,0.0,0.0,108.4866,108.4866,2.108e-05
44x4096x4096,medium_batch,0.0,0.0,49.8715,49.8715,6.16e-06
44x4096x14336,medium_batch,0.0,0.0,53.1711,53.1711,2.157e-05
44x8192x8192,medium_batch,0.0,0.0,95.4175,95.4175,2.466e-05
44x14336x4096,medium_batch,4.3649,4.3649,109.0372,104.2778,2.157e-05
45x4096x4096,medium_batch,0.0,0.0,50.8657,50.8657,6.3e-06
45x4096x14336,medium_batch,0.0,0.0,54.4462,54.4462,2.206e-05
45x8192x8192,medium_batch,0.0,0.0,99.1903,99.1903,2.522e-05
45x14336x4096,medium_batch,0.5996,0.5996,113.435,112.7549,2.206e-05
46x4096x4096,medium_batch,0.0,0.0,51.9261,51.9261,6.44e-06
46x4096x14336,medium_batch,0.0,0.0,55.5646,55.5646,2.256e-05
46x8192x8192,medium_batch,0.0,0.0,96.3862,96.3862,2.578e-05
46x14336x4096,medium_batch,3.4387,3.4387,117.1629,113.134,2.256e-05
47x4096x4096,medium_batch,0.0,0.0,53.0567,53.0567,6.58e-06
47x4096x14336,medium_batch,0.0,0.0,56.5167,56.5167,2.305e-05
47x8192x8192,medium_batch,0.0,0.0,99.9815,99.9815,2.634e-05
47x14336x4096,medium_batch,0.6828,0.6828,118.5758,117.7662,2.305e-05
48x2048x2048,medium_batch,5.1706,5.1706,18.8933,17.9164,1.68e-06
48x2048x5504,medium_batch,13.7157,0.0,31.3379,31.3379,4.52e-06
48x2048x8192,medium_batch,12.9051,0.0,31.8586,31.8586,6.72e-06
48x2048x11008,medium_batch,13.0883,0.0,32.1584,32.1584,9.04e-06
48x2048x13312,medium_batch,12.489,0.0,32.3756,32.3756,1.093e-05
48x2048x14336,medium_batch,12.5104,0.0,32.4537,32.4537,1.177e-05
48x2048x16384,medium_batch,12.2847,0.0,32.2678,32.2678,1.345e-05
48x2048x27648,medium_batch,10.8032,0.0,31.973,31.973,2.27e-05
48x4096x4096,medium_batch,0.0,0.0,54.0402,54.0402,6.72e-06
48x4096x5504,medium_batch,0.0,0.0,54.9612,54.9612,9.04e-06
48x4096x8192,medium_batch,0.0,0.0,56.5078,56.5078,1.345e-05
48x4096x11008,medium_batch,0.0,0.0,57.2912,57.2912,1.807e-05
48x4096x13312,medium_batch,0.0,0.0,57.8173,57.8173,2.185e-05
48x4096x14336,medium_batch,0.0,0.0,57.6248,57.6248,2.354e-05
48x4096x16384,medium_batch,0.0,0.0,58.4169,58.4169,2.69e-05
48x4096x27648,medium_batch,0.0,0.0,58.9332,58.9332,4.539e-05
48x5120x5120,medium_batch,0.0,0.0,66.5481,66.5481,1.051e-05
48x5120x5504,medium_batch,0.0,0.0,67.2649,67.2649,1.13e-05
48x5120x8192,medium_batch,0.0,0.0,67.2782,67.2782,1.681e-05
48x5120x11008,medium_batch,0.0,0.0,68.2491,68.2491,2.259e-05
48x5120x13312,medium_batch,0.0,0.0,68.5703,68.5703,2.732e-05
48x5120x14336,medium_batch,0.0,0.0,68.39,68.39,2.942e-05
48x5120x16384,medium_batch,0.0,0.0,69.1048,69.1048,3.362e-05
48x5120x27648,medium_batch,0.0,0.0,55.5937,55.5937,5.674e-05
48x5504x2048,medium_batch,0.3709,0.3709,49.7485,49.564,4.52e-06
48x5504x4096,medium_batch,3.8608,3.8608,63.8595,61.394,9.04e-06
48x5504x5120,medium_batch,3.4608,3.4608,65.4393,63.1746,1.13e-05
48x7168x7168,medium_batch,0.0,0.0,89.7438,89.7438,2.059e-05
48x7168x8192,medium_batch,0.0,0.0,90.494,90.494,2.354e-05
48x7168x11008,medium_batch,0.0,0.0,89.6174,89.6174,3.163e-05
48x7168x13312,medium_batch,0.0,0.0,89.1493,89.1493,3.825e-05
48x7168x14336,medium_batch,0.0,0.0,89.1268,89.1268,4.119e-05
48x7168x16384,medium_batch,0.0,0.0,89.3735,89.3735,4.707e-05
48x7168x27648,medium_batch,0.0,0.0,66.8817,66.8817,7.943e-05
48x8192x2048,medium_batch,3.8786,3.8786,73.7696,70.9084,6.72e-06
48x8192x4096,medium_batch,0.0,0.0,100.2623,100.2623,1.345e-05
48x8192x5120,medium_batch,0.0,0.0,99.4181,99.4181,1.681e-05
48x8192x7168,medium_batch,0.0,0.0,102.8657,102.8657,2.354e-05
48x8192x8192,medium_batch,0.0,0.0,102.6947,102.6947,2.69e-05
48x8192x11008,medium_batch,0.0,0.0,102.0312,102.0312,3.614e-05
48x8192x13312,medium_batch,0.0,0.0,100.128,100.128,4.371e-05
48x8192x14336,medium_batch,0.0,0.0,102.1185,102.1185,4.707e-05
48x8192x16384,medium_batch,0.0,0.0,100.0754,100.0754,5.38e-05
48x8192x27648,medium_batch,0.0,0.0,75.5006,75.5006,9.078e-05
48x11008x2048,medium_batch,0.0,0.0,89.7438,89.7438,9.04e-06
48x11008x4096,medium_batch,0.0,0.0,99.4034,99.4034,1.807e-05
48x11008x5120,medium_batch,0.0,0.0,103.8174,103.8174,2.259e-05
48x11008x7168,medium_batch,0.0,0.0,102.8795,102.8795,3.163e-05
48x11008x8192,medium_batch,0.0,0.0,104.7523,104.7523,3.614e-05
48x13312x2048,medium_batch,3.3423,3.3423,102.7257,99.2923,1.093e-05
48x13312x4096,medium_batch,2.061,2.061,114.6206,112.2583,2.185e-05
48x13312x5120,medium_batch,0.0,0.0,112.8785,112.8785,2.732e-05
48x13312x7168,medium_batch,2.6748,2.6748,114.2774,111.2207,3.825e-05
48x13312x8192,medium_batch,5.7084,5.7084,116.3556,109.7136,4.371e-05
48x14336x2048,medium_batch,12.1539,12.1539,110.6277,97.1821,1.177e-05
48x14336x4096,medium_batch,7.8946,7.8946,120.5832,111.0636,2.354e-05
48x14336x5120,medium_batch,2.0298,2.0298,121.5593,119.0919,2.942e-05
48x14336x7168,medium_batch,6.7564,6.7564,122.2126,113.9554,4.119e-05
48x14336x8192,medium_batch,8.0129,8.0129,122.5773,112.7553,4.707e-05
48x16384x2048,medium_batch,13.6459,13.6459,115.5306,99.7654,1.345e-05
48x16384x4096,medium_batch,3.2854,3.2854,130.1137,125.8389,2.69e-05
48x16384x5120,medium_batch,1.4327,1.4327,132.8669,130.9633,3.362e-05
48x16384x7168,medium_batch,5.5884,5.5884,133.2564,125.8095,4.707e-05
48x16384x8192,medium_batch,5.4067,5.4067,126.7812,119.9265,5.38e-05
48x27648x2048,medium_batch,19.3207,19.3207,135.9668,109.6971,2.27e-05
48x27648x4096,medium_batch,18.9313,18.9313,161.2524,130.7253,4.539e-05
48x27648x5120,medium_batch,23.7984,23.7984,150.7036,114.8386,5.674e-05
48x27648x7168,medium_batch,10.4126,10.4126,118.9695,106.5817,7.943e-05
48x27648x8192,medium_batch,14.4929,14.4929,119.4751,102.1597,9.078e-05
49x4096x4096,medium_batch,0.0,0.0,55.4637,55.4637,6.86e-06
49x4096x14336,medium_batch,0.0,0.0,56.5556,56.5556,2.403e-05
49x8192x8192,medium_batch,0.0,0.0,102.2254,102.2254,2.746e-05
49x14336x4096,medium_batch,2.0058,2.0058,122.5684,120.1099,2.403e-05
50x4096x4096,medium_batch,0.0,0.0,56.5194,56.5194,7e-06
50x4096x14336,medium_batch,0.0,0.0,60.6464,60.6464,2.452e-05
50x8192x8192,medium_batch,0.0,0.0,102.1491,102.1491,2.802e-05
50x14336x4096,medium_batch,0.4246,0.4246,125.8201,125.2859,2.452e-05
51x4096x4096,medium_batch,0.0,0.0,57.7276,57.7276,7.14e-06
51x4096x14336,medium_batch,0.0,0.0,61.9874,61.9874,2.501e-05
51x8192x8192,medium_batch,0.0,0.0,107.1322,107.1322,2.858e-05
51x14336x4096,medium_batch,3.537,3.537,127.4626,122.9542,2.501e-05
52x4096x4096,medium_batch,0.0,0.0,58.7011,58.7011,7.28e-06
52x4096x14336,medium_batch,0.0,0.0,63.2558,63.2558,2.55e-05
52x8192x8192,medium_batch,0.0,0.0,111.4676,111.4676,2.914e-05
52x14336x4096,medium_batch,0.0,0.0,131.5322,131.5322,2.55e-05
53x4096x4096,medium_batch,0.0,0.0,59.8299,59.8299,7.43e-06
53x4096x14336,medium_batch,0.0,0.0,64.3383,64.3383,2.599e-05
53x8192x8192,medium_batch,0.0,0.0,106.3946,106.3946,2.97e-05
53x14336x4096,medium_batch,8.5878,8.5878,132.687,121.2921,2.599e-05
54x4096x4096,medium_batch,0.0,0.0,60.9588,60.9588,7.57e-06
54x4096x14336,medium_batch,0.0,0.0,65.6337,65.6337,2.648e-05
54x8192x8192,medium_batch,0.0,0.0,112.0279,112.0279,3.026e-05
54x14336x4096,medium_batch,1.0116,1.0116,134.731,133.3681,2.648e-05
55x4096x4096,medium_batch,0.0,0.0,62.1713,62.1713,7.71e-06
55x4096x14336,medium_batch,0.0,0.0,66.711,66.711,2.697e-05
55x8192x8192,medium_batch,0.0,0.0,112.364,112.364,3.082e-05
55x14336x4096,medium_batch,3.3653,3.3653,136.9932,132.3829,2.697e-05
56x4096x4096,medium_batch,0.0,0.0,63.3017,63.3017,7.85e-06
56x4096x14336,medium_batch,0.0,0.0,67.9801,67.9801,2.746e-05
56x8192x8192,medium_batch,0.0,0.0,110.3683,110.3683,3.138e-05
56x14336x4096,medium_batch,6.784,6.784,138.8948,129.4722,2.746e-05
57x4096x4096,medium_batch,0.0,0.0,64.3454,64.3454,7.99e-06
57x4096x14336,medium_batch,0.0,0.0,69.194,69.194,2.795e-05
57x8192x8192,medium_batch,0.0,0.0,117.8872,117.8872,3.194e-05
57x14336x4096,medium_batch,6.8272,6.8272,144.0554,134.2204,2.795e-05
58x4096x4096,medium_batch,0.0,0.0,65.3863,65.3863,8.13e-06
58x4096x14336,medium_batch,0.0,0.0,70.3498,70.3498,2.844e-05
58x8192x8192,medium_batch,0.0,0.0,111.6812,111.6812,3.25e-05
58x14336x4096,medium_batch,2.6893,2.6893,146.8355,142.8867,2.844e-05
59x4096x4096,medium_batch,0.0,0.0,66.5136,66.5136,8.27e-06
59x4096x14336,medium_batch,0.0,0.0,71.6226,71.6226,2.893e-05
59x8192x8192,medium_batch,0.0,0.0,124.8754,124.8754,3.306e-05
59x14336x4096,medium_batch,3.9751,3.9751,149.2384,143.306,2.893e-05
60x4096x4096,medium_batch,0.0,0.0,67.7297,67.7297,8.41e-06
60x4096x14336,medium_batch,0.0,0.0,72.7464,72.7464,2.942e-05
60x8192x8192,medium_batch,0.0,0.0,119.3754,119.3754,3.362e-05
60x14336x4096,medium_batch,0.0,0.0,148.9417,148.9417,2.942e-05
61x4096x4096,medium_batch,0.0,0.0,68.9537,68.9537,8.55e-06
61x4096x14336,medium_batch,0.0,0.0,74.0498,74.0498,2.991e-05
61x8192x8192,medium_batch,0.0,0.0,118.7544,118.7544,3.418e-05
61x14336x4096,medium_batch,2.2806,2.2806,149.1479,145.7464,2.991e-05
62x4096x4096,medium_batch,0.0,0.0,69.8957,69.8957,8.69e-06
62x4096x14336,medium_batch,0.0,0.0,75.1084,75.1084,3.04e-05
62x8192x8192,medium_batch,0.0,0.0,130.1556,130.1556,3.474e-05
62x14336x4096,medium_batch,0.0,0.0,151.0896,151.0896,3.04e-05
63x4096x4096,medium_batch,0.0,0.0,71.2144,71.2144,8.83e-06
63x4096x14336,medium_batch,0.0,0.0,76.3199,76.3199,3.089e-05
63x8192x8192,medium_batch,0.0,0.0,132.0071,132.0071,3.53e-05
63x14336x4096,medium_batch,0.0,0.0,156.9195,156.9195,3.089e-05
64x1408x4096,medium_batch,27.2384,0.0,30.6611,30.6611,3.08e-06
64x1408x7168,medium_batch,29.9908,0.0,38.4821,38.4821,5.39e-06
64x1408x8192,medium_batch,29.093,0.0,38.876,38.876,6.16e-06
64x2048x2048,medium_batch,45.7418,45.7418,42.659,23.146,2.24e-06
64x2048x4096,medium_batch,6.1045,0.0,37.0729,37.0729,4.48e-06
64x2048x5504,medium_batch,6.1944,0.0,38.3571,38.3571,6.02e-06
64x2048x7168,medium_batch,8.3848,0.0,40.1249,40.1249,7.85e-06
64x2048x8192,medium_batch,8.1025,0.0,40.3974,40.3974,8.97e-06
64x2048x11008,medium_batch,6.7157,0.0,40.1984,40.1984,1.205e-05
64x2048x13312,medium_batch,5.8798,0.0,40.3112,40.3112,1.457e-05
64x2048x14336,medium_batch,7.5736,0.0,41.1098,41.1098,1.569e-05
64x2048x16384,medium_batch,7.256,0.0,40.7195,40.7195,1.793e-05
64x2048x27648,medium_batch,0.0,0.0,38.202,38.202,3.026e-05
64x2816x4096,medium_batch,2.557,2.557,48.4286,47.1903,6.16e-06
64x2816x7168,medium_batch,0.0,0.0,49.8436,49.8436,1.079e-05
64x2816x8192,medium_batch,0.0,0.0,50.1774,50.1774,1.233e-05
64x4096x4096,medium_batch,20.3641,20.3641,90.967,72.4424,8.97e-06
64x4096x5504,medium_batch,0.0,0.0,74.4173,74.4173,1.205e-05
64x4096x7168,medium_batch,0.0,0.0,76.7711,76.7711,1.569e-05
64x4096x8192,medium_batch,21.4046,21.4046,95.93,75.3966,1.793e-05
64x4096x11008,medium_batch,21.3136,21.3136,97.132,76.4297,2.41e-05
64x4096x13312,medium_batch,0.0,0.0,77.3306,77.3306,2.914e-05
64x4096x14336,medium_batch,21.0378,21.0378,98.107,77.4674,3.138e-05
64x4096x16384,medium_batch,0.0,0.0,78.0031,78.0031,3.586e-05
64x4096x27648,medium_batch,0.0,0.0,79.162,79.162,6.052e-05
64x5120x5120,medium_batch,23.0608,23.0608,114.961,88.4501,1.401e-05
64x5120x5504,medium_batch,0.0,0.0,88.6244,88.6244,1.506e-05
64x5120x8192,medium_batch,0.0,0.0,89.0496,89.0496,2.242e-05
64x5120x11008,medium_batch,0.0,0.0,89.0642,89.0642,3.012e-05
64x5120x13312,medium_batch,0.0,0.0,89.9184,89.9184,3.642e-05
64x5120x14336,medium_batch,0.0,0.0,88.7709,88.7709,3.923e-05
64x5120x16384,medium_batch,0.0,0.0,89.8551,89.8551,4.483e-05
64x5120x27648,medium_batch,0.0,0.0,76.4689,76.4689,7.565e-05
64x5504x2048,medium_batch,2.1853,2.1853,61.991,60.6363,6.02e-06
64x5504x4096,medium_batch,13.8659,13.8659,84.6464,72.9094,1.205e-05
64x5504x5120,medium_batch,14.0228,14.0228,86.9139,74.7261,1.506e-05
64x7168x7168,medium_batch,0.0,0.0,113.931,113.931,2.746e-05
64x7168x8192,medium_batch,0.0,0.0,113.7817,113.7817,3.138e-05
64x7168x11008,medium_batch,0.0,0.0,111.8555,111.8555,4.217e-05
64x7168x13312,medium_batch,0.0,0.0,111.6416,111.6416,5.099e-05
64x7168x14336,medium_batch,0.0,0.0,109.7776,109.7776,5.492e-05
64x7168x16384,medium_batch,0.0,0.0,108.8956,108.8956,6.276e-05
64x7168x27648,medium_batch,0.0,0.0,85.6651,85.6651,0.00010591
64x8192x2048,medium_batch,0.0,0.0,89.4971,89.4971,8.97e-06
64x8192x4096,medium_batch,32.5728,32.5728,177.461,119.657,1.793e-05
64x8192x5120,medium_batch,0.0,0.0,125.0165,125.0165,2.242e-05
64x8192x7168,medium_batch,0.0,0.0,127.9853,127.9853,3.138e-05
64x8192x8192,medium_batch,28.7953,28.7953,187.514,133.5188,3.586e-05
64x8192x11008,medium_batch,0.0,0.0,128.4052,128.4052,4.819e-05
64x8192x13312,medium_batch,0.0,0.0,131.4906,131.4906,5.828e-05
64x8192x14336,medium_batch,0.0,0.0,131.6678,131.6678,6.276e-05
64x8192x16384,medium_batch,0.0,0.0,124.5234,124.5234,7.173e-05
64x8192x27648,medium_batch,0.0,0.0,97.0369,97.0369,0.00012104
64x11008x2048,medium_batch,0.0,0.0,118.0914,118.0914,1.205e-05
64x11008x4096,medium_batch,43.7271,43.7271,234.236,131.8114,2.41e-05
64x11008x5120,medium_batch,0.0,0.0,134.9988,134.9988,3.012e-05
64x11008x7168,medium_batch,3.1611,3.1611,134.8971,130.6329,4.217e-05
64x11008x8192,medium_batch,3.7748,3.7748,137.8005,132.5988,4.819e-05
64x13312x2048,medium_batch,6.0327,6.0327,133.1982,125.1627,1.457e-05
64x13312x4096,medium_batch,0.2511,0.2511,147.6449,147.2742,2.914e-05
64x13312x5120,medium_batch,0.9463,0.9463,148.5544,147.1487,3.642e-05
64x13312x7168,medium_batch,5.6567,5.6567,154.9249,146.1612,5.099e-05
64x13312x8192,medium_batch,0.9084,0.9084,152.161,150.7787,5.828e-05
64x14336x2048,medium_batch,10.0127,10.0127,143.0076,128.6887,1.569e-05
64x14336x4096,medium_batch,48.0551,48.0551,291.525,151.4323,3.138e-05
64x14336x5120,medium_batch,0.347,0.347,162.7586,162.1939,3.923e-05
64x14336x7168,medium_batch,5.9048,5.9048,162.2267,152.6476,5.492e-05
64x14336x8192,medium_batch,7.1715,7.1715,164.7276,152.9142,6.276e-05
64x16384x2048,medium_batch,9.7922,9.7922,153.1619,138.164,1.793e-05
64x16384x4096,medium_batch,8.7974,8.7974,172.371,157.2068,3.586e-05
64x16384x5120,medium_batch,2.8504,2.8504,170.9426,166.07,4.483e-05
64x16384x7168,medium_batch,5.9428,5.9428,181.0171,170.2596,6.276e-05
64x16384x8192,medium_batch,3.9499,3.9499,174.617,167.7198,7.173e-05
64x27648x2048,medium_batch,16.7242,16.7242,190.2448,158.4279,3.026e-05
64x27648x4096,medium_batch,14.7168,14.7168,213.1035,181.7414,6.052e-05
64x27648x5120,medium_batch,18.8204,18.8204,195.6379,158.8181,7.565e-05
64x27648x7168,medium_batch,12.9215,12.9215,165.4232,144.0481,0.00010591
64x27648x8192,medium_batch,13.9125,13.9125,167.7955,144.451,0.00012104
80x4096x4096,medium_batch,0.0,0.0,88.0549,88.0549,1.121e-05
80x4096x14336,medium_batch,0.0,0.0,95.106,95.106,3.923e-05
80x8192x8192,medium_batch,0.0,0.0,133.2202,133.2202,4.483e-05
80x14336x4096,medium_batch,0.0,0.0,176.076,176.076,3.923e-05
96x2048x2048,medium_batch,3.2077,2.3819,35.0225,34.1883,3.36e-06
96x2048x5504,medium_batch,0.0,0.0,53.8641,53.8641,9.04e-06
96x2048x8192,medium_batch,0.0,0.0,55.8416,55.8416,1.345e-05
96x2048x11008,medium_batch,0.0,0.0,56.5724,56.5724,1.807e-05
96x2048x13312,medium_batch,0.0,0.0,57.0107,57.0107,2.185e-05
96x2048x14336,medium_batch,0.0,0.0,57.0636,57.0636,2.354e-05
96x2048x16384,medium_batch,0.0,0.0,56.7677,56.7677,2.69e-05
96x2048x22016,medium_batch,0.0,0.0,56.9895,56.9895,3.614e-05
96x2048x27648,medium_batch,0.0,0.0,57.3151,57.3151,4.539e-05
96x3584x3584,medium_batch,0.0,0.0,88.8355,88.8355,1.03e-05
96x3584x5504,medium_batch,0.0,0.0,92.1522,92.1522,1.581e-05
96x3584x8192,medium_batch,0.0,0.0,90.2622,90.2622,2.354e-05
96x3584x11008,medium_batch,0.0,0.0,90.6915,90.6915,3.163e-05
96x3584x13312,medium_batch,0.0,0.0,89.2196,89.2196,3.825e-05
96x3584x14336,medium_batch,0.0,0.0,90.2711,90.2711,4.119e-05
96x3584x16384,medium_batch,0.0,0.0,89.5161,89.5161,4.707e-05
96x3584x22016,medium_batch,0.0,0.0,90.0221,90.0221,6.325e-05
96x3584x27648,medium_batch,0.0,0.0,89.088,89.088,7.943e-05
96x4096x4096,medium_batch,20.0402,20.0402,133.728,106.9286,1.345e-05
96x4096x5504,medium_batch,0.0,0.0,109.3669,109.3669,1.807e-05
96x4096x8192,medium_batch,0.0,0.0,108.4442,108.4442,2.69e-05
96x4096x11008,medium_batch,0.0,0.0,108.2157,108.2157,3.614e-05
96x4096x13312,medium_batch,0.0,0.0,108.5285,108.5285,4.371e-05
96x4096x14336,medium_batch,23.3047,23.3047,143.343,109.9373,4.707e-05
96x4096x16384,medium_batch,0.0,0.0,108.0431,108.0431,5.38e-05
96x4096x22016,medium_batch,0.0,0.0,109.0342,109.0342,7.229e-05
96x4096x27648,medium_batch,0.0,0.0,106.4683,106.4683,9.078e-05
96x5120x5120,medium_batch,22.1716,22.1716,159.837,124.3985,2.101e-05
96x5120x5504,medium_batch,0.0,0.0,124.9458,124.9458,2.259e-05
96x5120x8192,medium_batch,0.0,0.0,122.8781,122.8781,3.362e-05
96x5120x11008,medium_batch,0.0,0.0,122.2318,122.2318,4.518e-05
96x5120x13312,medium_batch,0.0,0.0,122.9932,122.9932,5.464e-05
96x5120x14336,medium_batch,0.0,0.0,122.7494,122.7494,5.884e-05
96x5120x16384,medium_batch,0.0,0.0,123.5189,123.5189,6.725e-05
96x5120x22016,medium_batch,0.0,0.0,124.5711,124.5711,9.036e-05
96x5120x27648,medium_batch,0.0,0.0,103.8051,103.8051,0.00011348
96x5504x2048,medium_batch,0.0,0.0,94.1229,94.1229,9.04e-06
96x5504x3584,medium_batch,0.0,0.0,106.112,106.112,1.581e-05
96x5504x4096,medium_batch,0.0,0.0,108.1617,108.1617,1.807e-05
96x5504x5120,medium_batch,0.0,0.0,110.8922,110.8922,2.259e-05
96x7168x7168,medium_batch,0.0,0.0,141.203,141.203,4.119e-05
96x7168x8192,medium_batch,0.0,0.0,141.5674,141.5674,4.707e-05
96x7168x11008,medium_batch,0.0,0.0,143.3597,143.3597,6.325e-05
96x7168x13312,medium_batch,0.0,0.0,144.5445,144.5445,7.649e-05
96x7168x14336,medium_batch,0.0,0.0,144.0956,144.0956,8.238e-05
96x7168x16384,medium_batch,0.0,0.0,146.9652,146.9652,9.414e-05
96x7168x22016,medium_batch,0.0,0.0,118.3673,118.3673,0.00012651
96x7168x27648,medium_batch,0.0,0.0,116.0062,116.0062,0.00015887
96x8192x2048,medium_batch,0.0,0.0,132.9108,132.9108,1.345e-05
96x8192x3584,medium_batch,2.3389,2.3389,146.5831,143.1547,2.354e-05
96x8192x4096,medium_batch,0.0,0.0,153.1619,153.1619,2.69e-05
96x8192x5120,medium_batch,0.0,0.0,152.2952,152.2952,3.362e-05
96x8192x7168,medium_batch,0.0,0.0,158.6476,158.6476,4.707e-05
96x8192x8192,medium_batch,37.4086,37.4086,254.145,159.0729,5.38e-05
96x8192x11008,medium_batch,0.0,0.0,159.8996,159.8996,7.229e-05
96x8192x13312,medium_batch,0.0,0.0,161.4687,161.4687,8.742e-05
96x8192x14336,medium_batch,0.0,0.0,162.1652,162.1652,9.414e-05
96x8192x16384,medium_batch,0.0,0.0,153.4931,153.4931,0.00010759
96x8192x22016,medium_batch,0.0,0.0,132.5795,132.5795,0.00014458
96x8192x27648,medium_batch,0.0,0.0,131.1052,131.1052,0.00018156
96x11008x2048,medium_batch,0.0,0.0,157.2807,157.2807,1.807e-05
96x11008x3584,medium_batch,0.0,0.0,181.993,181.993,3.163e-05
96x11008x4096,medium_batch,0.0,0.0,185.1814,185.1814,3.614e-05
96x11008x5120,medium_batch,0.0,0.0,190.2312,190.2312,4.518e-05
96x11008x7168,medium_batch,0.0,0.0,188.5245,188.5245,6.325e-05
96x11008x8192,medium_batch,0.0,0.0,191.1575,191.1575,7.229e-05
96x13312x2048,medium_batch,0.0,0.0,182.4946,182.4946,2.185e-05
96x13312x3584,medium_batch,0.0,0.0,192.8091,192.8091,3.825e-05
96x13312x4096,medium_batch,0.0,0.0,202.1156,202.1156,4.371e-05
96x13312x5120,medium_batch,0.0,0.0,210.7521,210.7521,5.464e-05
96x13312x7168,medium_batch,0.0,0.0,214.1096,214.1096,7.649e-05
96x13312x8192,medium_batch,0.4907,0.4907,214.6493,213.596,8.742e-05
96x14336x2048,medium_batch,0.0,0.0,172.4477,172.4477,2.354e-05
96x14336x3584,medium_batch,3.8775,3.8775,191.0452,183.6374,4.119e-05
96x14336x4096,medium_batch,24.7605,24.7605,290.19,218.3374,4.707e-05
96x14336x5120,medium_batch,0.0,0.0,224.7916,224.7916,5.884e-05
96x14336x7168,medium_batch,0.0,0.0,227.8055,227.8055,8.238e-05
96x14336x8192,medium_batch,0.0,0.0,234.4317,234.4317,9.414e-05
96x16384x2048,medium_batch,0.0,0.0,177.7032,177.7032,2.69e-05
96x16384x3584,medium_batch,0.0,0.0,200.5959,200.5959,4.707e-05
96x16384x4096,medium_batch,1.518,1.518,206.4491,203.3153,5.38e-05
96x16384x5120,medium_batch,0.0,0.0,230.2717,230.2717,6.725e-05
96x16384x7168,medium_batch,0.0,0.0,236.502,236.502,9.414e-05
96x16384x8192,medium_batch,0.0,0.0,227.552,227.552,0.00010759
96x22016x2048,medium_batch,0.176,0.176,188.4096,188.078,3.614e-05
96x22016x3584,medium_batch,0.0,0.0,210.4522,210.4522,6.325e-05
96x22016x4096,medium_batch,0.0,0.0,222.1008,222.1008,7.229e-05
96x22016x5120,medium_batch,0.0,0.0,224.9214,224.9214,9.036e-05
96x22016x7168,medium_batch,0.0,0.0,190.7114,190.7114,0.00012651
96x22016x8192,medium_batch,0.0,0.0,187.0226,187.0226,0.00014458
96x27648x2048,medium_batch,5.1624,5.1624,214.0296,202.9805,4.539e-05
96x27648x3584,medium_batch,0.0,0.0,248.7821,248.7821,7.943e-05
96x27648x4096,medium_batch,0.0,0.0,253.5156,253.5156,9.078e-05
96x27648x5120,medium_batch,0.0,0.0,223.8418,223.8418,0.00011348
96x27648x7168,medium_batch,1.1332,1.1332,197.9685,195.7251,0.00015887
96x27648x8192,medium_batch,0.0,0.0,208.839,208.839,0.00018156
112x4096x4096,medium_batch,0.0,0.0,119.2025,119.2025,1.569e-05
112x4096x14336,medium_batch,0.0,0.0,119.4846,119.4846,5.492e-05
112x8192x8192,medium_batch,0.0,0.0,177.2562,177.2562,6.276e-05
112x14336x4096,medium_batch,0.0,0.0,210.3423,210.3423,5.492e-05
128x64x128,medium_batch,1.9397,0.0,0.0928,0.0928,1e-08
128x80x128,medium_batch,1.9197,0.0,0.1146,0.1146,1e-08
128x96x128,medium_batch,2.2157,1.6987,0.1354,0.1331,1e-08
128x128x64,medium_batch,3.4707,2.82,0.0922,0.0896,1e-08
128x128x80,medium_batch,1.4965,0.0,0.1136,0.1136,1e-08
128x128x96,medium_batch,3.7245,0.0,0.1423,0.1423,1e-08
128x128x128,medium_batch,0.8876,0.8876,0.338,0.335,2e-08
128x128x256,medium_batch,1.21,1.21,0.3719,0.3674,4e-08
128x256x128,medium_batch,3.618,3.618,0.3759,0.3623,4e-08
128x1024x4096,medium_batch,8.0382,0.0,38.4014,38.4014,4.48e-06
128x1024x8192,medium_batch,10.1605,0.0,41.5237,41.5237,8.97e-06
128x1408x4096,medium_batch,0.0,0.0,51.7616,51.7616,6.16e-06
128x1408x7168,medium_batch,0.0,0.0,54.8438,54.8438,1.079e-05
128x1408x8192,medium_batch,0.6085,0.6085,56.4825,56.1388,1.233e-05
128x2048x2048,medium_batch,48.3196,48.3196,83.383,43.0927,4.48e-06
128x2048x4096,medium_batch,0.0,0.0,69.8005,69.8005,8.97e-06
128x2048x5504,medium_batch,0.0,0.0,71.8206,71.8206,1.205e-05
128x2048x7168,medium_batch,0.0,0.0,73.5785,73.5785,1.569e-05
128x2048x8192,medium_batch,0.0,0.0,74.0946,74.0946,1.793e-05
128x2048x11008,medium_batch,0.0,0.0,74.4923,74.4923,2.41e-05
128x2048x13312,medium_batch,0.0,0.0,75.8812,75.8812,2.914e-05
128x2048x14336,medium_batch,0.0,0.0,75.9303,75.9303,3.138e-05
128x2048x16384,medium_batch,0.0,0.0,75.4768,75.4768,3.586e-05
128x2048x22016,medium_batch,0.0,0.0,75.6468,75.6468,4.819e-05
128x2048x27648,medium_batch,0.0,0.0,76.1627,76.1627,6.052e-05
128x2816x4096,medium_batch,0.0,0.0,92.9515,92.9515,1.233e-05
128x2816x7168,medium_batch,0.0,0.0,98.1683,98.1683,2.157e-05
128x2816x8192,medium_batch,0.0,0.0,97.1776,97.1776,2.466e-05
128x3584x3584,medium_batch,0.0,0.0,113.223,113.223,1.373e-05
128x3584x5504,medium_batch,0.0,0.0,119.2627,119.2627,2.108e-05
128x3584x8192,medium_batch,0.0,0.0,117.5599,117.5599,3.138e-05
128x3584x11008,medium_batch,0.0,0.0,118.0348,118.0348,4.217e-05
128x3584x13312,medium_batch,0.0,0.0,117.401,117.401,5.099e-05
128x3584x14336,medium_batch,0.0,0.0,117.0569,117.0569,5.492e-05
128x3584x16384,medium_batch,0.0,0.0,117.2289,117.2289,6.276e-05
128x3584x22016,medium_batch,0.0,0.0,115.6784,115.6784,8.434e-05
128x3584x27648,medium_batch,0.0,0.0,116.1899,116.1899,0.00010591
128x4096x4096,medium_batch,31.1378,31.1378,178.339,122.8081,1.793e-05
128x4096x5504,medium_batch,0.0,0.0,131.3315,131.3315,2.41e-05
128x4096x7168,medium_batch,24.7478,24.7478,185.375,139.4988,3.138e-05
128x4096x8192,medium_batch,28.8671,28.8671,186.887,132.9382,3.586e-05
128x4096x11008,medium_batch,29.0576,29.0576,188.736,133.8939,4.819e-05
128x4096x13312,medium_batch,0.0,0.0,134.4841,134.4841,5.828e-05
128x4096x14336,medium_batch,29.1051,29.1051,191.223,135.5673,6.276e-05
128x4096x16384,medium_batch,29.0569,29.0569,191.543,135.8866,7.173e-05
128x4096x22016,medium_batch,0.0,0.0,136.1716,136.1716,9.639e-05
128x4096x27648,medium_batch,0.0,0.0,132.862,132.862,0.00012104
128x5120x5120,medium_batch,39.0414,39.0414,213.861,130.3667,2.802e-05
128x5120x5504,medium_batch,1.6856,1.6856,134.2927,132.0291,3.012e-05
128x5120x8192,medium_batch,0.1525,0.1525,136.6832,136.4747,4.483e-05
128x5120x11008,medium_batch,0.0,0.0,139.71,139.71,6.024e-05
128x5120x13312,medium_batch,0.0,0.0,141.6914,141.6914,7.285e-05
128x5120x14336,medium_batch,1.0297,1.0297,143.5319,142.054,7.845e-05
128x5120x16384,medium_batch,0.0,0.0,143.1818,143.1818,8.966e-05
128x5120x22016,medium_batch,0.0,0.0,144.6769,144.6769,0.00012048
128x5120x27648,medium_batch,1.4252,1.4252,120.0083,118.2979,0.0001513
128x5504x2048,medium_batch,0.0,0.0,120.0616,120.0616,1.205e-05
128x5504x3584,medium_batch,0.0,0.0,139.7598,139.7598,2.108e-05
128x5504x4096,medium_batch,0.0,0.0,141.6598,141.6598,2.41e-05
128x5504x5120,medium_batch,0.0,0.0,145.821,145.821,3.012e-05
128x7168x7168,medium_batch,0.0,0.0,178.0606,178.0606,5.492e-05
128x7168x8192,medium_batch,0.0,0.0,183.1386,183.1386,6.276e-05
128x7168x11008,medium_batch,0.0,0.0,183.8967,183.8967,8.434e-05
128x7168x13312,medium_batch,0.0,0.0,187.5672,187.5672,0.00010199
128x7168x14336,medium_batch,0.0,0.0,186.877,186.877,0.00010983
128x7168x16384,medium_batch,0.0,0.0,189.7597,189.7597,0.00012552
128x7168x22016,medium_batch,0.0,0.0,152.018,152.018,0.00016867
128x7168x27648,medium_batch,0.0,0.0,150.7701,150.7701,0.00021182
128x8192x2048,medium_batch,1.7242,1.7242,171.2643,168.3113,1.793e-05
128x8192x3584,medium_batch,0.0,0.0,190.0957,190.0957,3.138e-05
128x8192x4096,medium_batch,39.6292,39.6292,326.764,197.2702,3.586e-05
128x8192x5120,medium_batch,0.0,0.0,196.941,196.941,4.483e-05
128x8192x7168,medium_batch,0.0,0.0,198.4395,198.4395,6.276e-05
128x8192x8192,medium_batch,42.2771,42.2771,342.852,197.9042,7.173e-05
128x8192x11008,medium_batch,0.0,0.0,200.2364,200.2364,9.639e-05
128x8192x13312,medium_batch,0.0,0.0,202.762,202.762,0.00011656
128x8192x14336,medium_batch,0.0,0.0,204.4958,204.4958,0.00012552
128x8192x16384,medium_batch,0.0,0.0,197.5856,197.5856,0.00014346
128x8192x22016,medium_batch,0.0,0.0,168.4283,168.4283,0.00019277
128x8192x27648,medium_batch,0.0,0.0,169.1672,169.1672,0.00024208
128x11008x2048,medium_batch,0.0,0.0,178.5252,178.5252,2.41e-05
128x11008x3584,medium_batch,0.0,0.0,220.1946,220.1946,4.217e-05
128x11008x4096,medium_batch,31.5753,31.5753,316.146,216.322,4.819e-05
128x11008x5120,medium_batch,0.0,0.0,232.2218,232.2218,6.024e-05
128x11008x7168,medium_batch,0.0,0.0,240.5737,240.5737,8.434e-05
128x11008x8192,medium_batch,0.0,0.0,246.6948,246.6948,9.639e-05
128x13312x2048,medium_batch,0.5719,0.5719,200.7167,199.5688,2.914e-05
128x13312x3584,medium_batch,0.5025,0.5025,220.295,219.188,5.099e-05
128x13312x4096,medium_batch,0.0,0.0,261.0068,261.0068,5.828e-05
128x13312x5120,medium_batch,0.0,0.0,260.5002,260.5002,7.285e-05
128x13312x7168,medium_batch,0.0,0.0,266.395,266.395,0.00010199
128x13312x8192,medium_batch,0.0,0.0,268.3452,268.3452,0.00011656
128x13312x16384,medium_batch,25.5573,25.5573,293.279,218.3247,0.00023312
128x14336x2048,medium_batch,1.8267,1.8267,205.0579,201.3122,3.138e-05
128x14336x3584,medium_batch,6.8561,6.8561,244.1228,227.3854,5.492e-05
128x14336x4096,medium_batch,28.9956,28.9956,380.48,270.1577,6.276e-05
128x14336x5120,medium_batch,0.0,0.0,274.791,274.791,7.845e-05
128x14336x7168,medium_batch,0.0,0.0,278.9679,278.9679,0.00010983
128x14336x8192,medium_batch,0.3006,0.3006,281.5106,280.6644,0.00012552
128x16384x2048,medium_batch,1.7085,1.7085,219.254,215.508,3.586e-05
128x16384x3584,medium_batch,0.0,0.0,262.414,262.414,6.276e-05
128x16384x4096,medium_batch,0.316,0.316,272.2901,271.4297,7.173e-05
128x16384x5120,medium_batch,0.0,0.0,284.9936,284.9936,8.966e-05
128x16384x6656,medium_batch,0.0,0.0,297.6891,297.6891,0.00011656
128x16384x7168,medium_batch,6.9349,6.9349,294.3141,273.9037,0.00012552
128x16384x8192,medium_batch,0.0,0.0,275.7935,275.7935,0.00014346
128x16384x16384,medium_batch,28.9257,28.9257,347.438,246.939,0.00028691
128x22016x2048,medium_batch,3.3756,3.3756,245.4332,237.1484,4.819e-05
128x22016x3584,medium_batch,0.0,0.0,264.9706,264.9706,8.434e-05
128x22016x4096,medium_batch,0.0,0.0,280.4253,280.4253,9.639e-05
128x22016x5120,medium_batch,0.0,0.0,280.5091,280.5091,0.00012048
128x22016x7168,medium_batch,0.0,0.0,243.4191,243.4191,0.00016867
128x22016x8192,medium_batch,0.0,0.0,236.5676,236.5676,0.00019277
128x27648x2048,medium_batch,4.7718,4.7718,266.6528,253.9286,6.052e-05
128x27648x3584,medium_batch,0.0,0.0,310.256,310.256,0.00010591
128x27648x4096,medium_batch,0.0,0.0,313.2878,313.2878,0.00012104
128x27648x5120,medium_batch,0.0,0.0,265.4409,265.4409,0.0001513
128x27648x7168,medium_batch,0.0,0.0,269.9796,269.9796,0.00021182
128x27648x8192,medium_batch,0.0,0.0,257.7725,257.7725,0.00024208
144x4096x4096,medium_batch,1.1748,1.1748,130.5373,129.0038,2.017e-05
144x4096x14336,medium_batch,0.0,0.0,143.7864,143.7864,7.061e-05
144x8192x8192,medium_batch,6.3902,6.3902,207.155,193.9173,8.069e-05
144x14336x4096,medium_batch,5.7943,5.7943,223.8383,210.8684,7.061e-05
160x4096x4096,medium_batch,41.2163,41.2163,215.487,126.6713,2.242e-05
160x4096x14336,medium_batch,42.2325,42.2325,237.422,137.1528,7.845e-05
160x8192x8192,medium_batch,24.6847,24.6847,294.121,221.518,8.966e-05
160x14336x4096,medium_batch,10.5134,10.5134,315.779,282.58,7.845e-05
176x4096x4096,medium_batch,1.3063,1.3063,139.3384,137.5182,2.466e-05
176x4096x14336,medium_batch,0.0007,0.0007,149.5138,149.5127,8.63e-05
176x8192x8192,medium_batch,11.3492,11.3492,253.3007,224.5532,9.863e-05
176x14336x4096,medium_batch,0.0,0.0,251.5674,251.5674,8.63e-05
192x2048x2048,medium_batch,7.2711,7.2711,70.0449,64.9519,6.72e-06
192x2048x5504,medium_batch,0.0,0.0,107.9459,107.9459,1.807e-05
192x2048x8192,medium_batch,0.0,0.0,112.6992,112.6992,2.69e-05
192x2048x11008,medium_batch,0.0,0.0,108.9238,108.9238,3.614e-05
192x2048x13312,medium_batch,0.0,0.0,109.3001,109.3001,4.371e-05
192x2048x14336,medium_batch,0.0,0.0,107.7487,107.7487,4.707e-05
192x2048x16384,medium_batch,0.0,0.0,109.5143,109.5143,5.38e-05
192x2048x22016,medium_batch,0.0,0.0,107.0615,107.0615,7.229e-05
192x2048x27648,medium_batch,0.0,0.0,110.3647,110.3647,9.078e-05
192x3584x3584,medium_batch,0.0,0.0,129.7446,129.7446,2.059e-05
192x3584x5504,medium_batch,2.2765,2.2765,141.9613,138.7296,3.163e-05
192x3584x8192,medium_batch,0.5666,0.5666,145.6721,144.8467,4.707e-05
192x3584x11008,medium_batch,0.0,0.0,146.5252,146.5252,6.325e-05
192x3584x13312,medium_batch,0.0,0.0,148.1971,148.1971,7.649e-05
192x3584x14336,medium_batch,0.5946,0.5946,147.1521,146.2771,8.238e-05
192x3584x16384,medium_batch,0.0,0.0,148.0858,148.0858,9.414e-05
192x3584x22016,medium_batch,0.0,0.0,149.7159,149.7159,0.00012651
192x3584x27648,medium_batch,0.0,0.0,150.46,150.46,0.00015887
192x4096x4096,medium_batch,41.426,41.426,260.247,152.4371,2.69e-05
192x4096x5504,medium_batch,1.5114,1.5114,157.9695,155.5819,3.614e-05
192x4096x8192,medium_batch,0.3422,0.3422,157.4382,156.8995,5.38e-05
192x4096x11008,medium_batch,0.0,0.0,162.0577,162.0577,7.229e-05
192x4096x13312,medium_batch,0.0,0.0,163.898,163.898,8.742e-05
192x4096x14336,medium_batch,43.6167,43.6167,285.149,160.7765,9.414e-05
192x4096x16384,medium_batch,1.4423,1.4423,165.1148,162.7334,0.00010759
192x4096x22016,medium_batch,1.6767,1.6767,165.5971,162.8205,0.00014458
192x4096x27648,medium_batch,1.3164,1.3164,166.4436,164.2526,0.00018156
192x5120x5120,medium_batch,38.8465,38.8465,301.253,184.2267,4.203e-05
192x5120x5504,medium_batch,5.5232,5.5232,183.636,173.4934,4.518e-05
192x5120x8192,medium_batch,0.0,0.0,185.8778,185.8778,6.725e-05
192x5120x11008,medium_batch,2.6354,2.6354,187.4598,182.5194,9.036e-05
192x5120x13312,medium_batch,0.0,0.0,189.4838,189.4838,0.00010927
192x5120x14336,medium_batch,0.0,0.0,189.3935,189.3935,0.00011768
192x5120x16384,medium_batch,2.7322,2.7322,191.4536,186.2228,0.00013449
192x5120x22016,medium_batch,0.6709,0.6709,192.0927,190.804,0.00018072
192x5120x27648,medium_batch,0.0,0.0,161.9442,161.9442,0.00022695
192x5504x2048,medium_batch,1.1494,1.1494,157.2807,155.4729,1.807e-05
192x5504x3584,medium_batch,0.0,0.0,189.2782,189.2782,3.163e-05
192x5504x4096,medium_batch,0.3366,0.3366,181.5998,180.9885,3.614e-05
192x5504x5120,medium_batch,0.2025,0.2025,181.5411,181.1734,4.518e-05
192x7168x7168,medium_batch,7.571,7.571,240.1354,221.9548,8.238e-05
192x7168x8192,medium_batch,2.7006,2.7006,233.2676,226.9679,9.414e-05
192x7168x11008,medium_batch,0.0,0.0,217.7184,217.7184,0.00012651
192x7168x13312,medium_batch,4.1734,4.1734,240.0058,229.9893,0.00015298
192x7168x14336,medium_batch,4.1763,4.1763,235.8765,226.0257,0.00016475
192x7168x16384,medium_batch,1.4139,1.4139,237.3485,233.9926,0.00018829
192x7168x22016,medium_batch,0.0,0.0,198.1289,198.1289,0.00025301
192x7168x27648,medium_batch,0.0,0.0,192.6858,192.6858,0.00031774
192x8192x2048,medium_batch,7.6834,7.6834,205.9146,190.0933,2.69e-05
192x8192x3584,medium_batch,9.45,9.45,231.2532,209.3997,4.707e-05
192x8192x4096,medium_batch,12.8059,12.8059,243.4835,212.3033,5.38e-05
192x8192x5120,medium_batch,9.1378,9.1378,251.1246,228.1774,6.725e-05
192x8192x7168,medium_batch,6.5416,6.5416,262.6539,245.4721,9.414e-05
192x8192x8192,medium_batch,30.1946,30.1946,346.443,241.836,0.00010759
192x8192x11008,medium_batch,9.3933,9.3933,262.021,237.4085,0.00014458
192x8192x13312,medium_batch,1.8852,1.8852,257.4715,252.6177,0.00017484
192x8192x14336,medium_batch,4.9486,4.9486,260.4679,247.5784,0.00018829
192x8192x16384,medium_batch,0.0,0.0,235.7195,235.7195,0.00021519
192x8192x22016,medium_batch,0.0,0.0,211.5279,211.5279,0.00028916
192x8192x27648,medium_batch,0.0,0.0,213.1427,213.1427,0.00036313
192x11008x2048,medium_batch,10.5386,10.5386,203.676,182.2113,3.614e-05
192x11008x3584,medium_batch,13.0145,13.0145,238.7491,207.677,6.325e-05
192x11008x4096,medium_batch,9.8694,9.8694,239.0491,215.4565,7.229e-05
192x11008x5120,medium_batch,10.2082,10.2082,245.6819,220.6021,9.036e-05
192x11008x7168,medium_batch,7.8036,7.8036,243.4352,224.4385,0.00012651
192x11008x8192,medium_batch,10.9303,10.9303,253.7885,226.0487,0.00014458
192x13312x2048,medium_batch,0.0,0.0,213.1611,213.1611,4.371e-05
192x13312x3584,medium_batch,0.0,0.0,238.0675,238.0675,7.649e-05
192x13312x4096,medium_batch,0.0,0.0,246.8896,246.8896,8.742e-05
192x13312x5120,medium_batch,0.0,0.0,261.124,261.124,0.00010927
192x13312x7168,medium_batch,0.0,0.0,258.0165,258.0165,0.00015298
192x13312x8192,medium_batch,0.0,0.0,265.717,265.717,0.00017484
192x14336x2048,medium_batch,3.8584,3.8584,230.4968,221.6033,4.707e-05
192x14336x3584,medium_batch,0.0,0.0,257.0517,257.0517,8.238e-05
192x14336x4096,medium_batch,9.3299,9.3299,375.022,340.033,9.414e-05
192x14336x5120,medium_batch,0.0,0.0,259.1481,259.1481,0.00011768
192x14336x7168,medium_batch,0.0262,0.0262,258.3324,258.2647,0.00016475
192x14336x8192,medium_batch,0.0,0.0,270.5451,270.5451,0.00018829
192x16384x2048,medium_batch,0.0,0.0,233.7482,233.7482,5.38e-05
192x16384x3584,medium_batch,0.0,0.0,272.1812,272.1812,9.414e-05
192x16384x4096,medium_batch,0.0,0.0,286.6688,286.6688,0.00010759
192x16384x5120,medium_batch,0.0,0.0,276.7994,276.7994,0.00013449
192x16384x7168,medium_batch,0.0,0.0,281.1543,281.1543,0.00018829
192x16384x8192,medium_batch,0.0,0.0,280.6633,280.6633,0.00021519
192x22016x2048,medium_batch,28.4087,11.4521,254.0883,224.9898,7.229e-05
192x22016x3584,medium_batch,29.1703,9.5559,281.3835,254.4949,0.00012651
192x22016x4096,medium_batch,29.1958,10.99,285.3766,254.0138,0.00014458
192x22016x5120,medium_batch,27.652,6.3664,286.9878,268.7171,0.00018072
192x22016x7168,medium_batch,24.0919,5.3726,249.6644,236.2509,0.00025301
192x22016x8192,medium_batch,25.3916,6.3932,248.5719,232.6803,0.00028916
192x27648x2048,medium_batch,23.446,8.2609,284.1701,260.6951,9.078e-05
192x27648x3584,medium_batch,25.8971,11.0283,317.3538,282.355,0.00015887
192x27648x4096,medium_batch,22.9924,5.3288,310.1529,293.6256,0.00018156
192x27648x5120,medium_batch,16.9774,5.6774,279.7195,263.8388,0.00022695
192x27648x7168,medium_batch,18.9356,2.7226,274.0854,266.6232,0.00031774
192x27648x8192,medium_batch,20.8707,5.1573,275.8318,261.6062,0.00036313
208x4096x4096,medium_batch,0.4653,0.4653,163.1292,162.3702,2.914e-05
208x4096x14336,medium_batch,0.0,0.0,166.0602,166.0602,0.00010199
208x8192x8192,medium_batch,1.3559,1.3559,252.1295,248.7108,0.00011656
208x14336x4096,medium_batch,0.0,0.0,276.29,276.29,0.00010199
224x4096x4096,medium_batch,0.0,0.0,170.8769,170.8769,3.138e-05
224x4096x14336,medium_batch,0.0,0.0,178.0594,178.0594,0.00010983
224x8192x8192,medium_batch,3.0638,3.0638,269.5739,261.3146,0.00012552
224x14336x4096,medium_batch,0.0,0.0,290.9515,290.9515,0.00010983
240x4096x4096,medium_batch,0.0,0.0,183.416,183.416,3.362e-05
240x4096x14336,medium_batch,0.0,0.0,187.2246,187.2246,0.00011768
240x8192x8192,medium_batch,0.0,0.0,288.5188,288.5188,0.00013449
240x14336x4096,medium_batch,0.0,0.0,313.4011,313.4011,0.00011768
256x64x256,medium_batch,1.4412,1.4412,0.3053,0.3009,4e-08
256x80x256,medium_batch,1.7296,1.4413,0.3816,0.3761,4e-08
256x96x256,medium_batch,1.3147,1.3147,0.464,0.4579,5e-08
256x128x256,medium_batch,1.5958,1.5958,0.6141,0.6043,7e-08
256x256x64,medium_batch,0.7458,0.7458,0.3084,0.3061,4e-08
256x256x80,medium_batch,0.1563,0.1563,0.3838,0.3832,4e-08
256x256x96,medium_batch,1.732,1.5804,0.4619,0.4546,5e-08
256x256x128,medium_batch,0.0,0.0,0.6105,0.6105,7e-08
256x256x256,medium_batch,0.0372,0.0372,2.691,2.69,1.4e-07
256x1024x4096,medium_batch,0.0,0.0,69.3475,69.3475,8.97e-06
256x1024x8192,medium_batch,0.0,0.0,74.5576,74.5576,1.793e-05
256x1408x4096,medium_batch,0.0,0.0,97.629,97.629,1.233e-05
256x1408x7168,medium_batch,0.0,0.0,100.3824,100.3824,2.157e-05
256x1408x8192,medium_batch,0.0,0.0,104.7014,104.7014,2.466e-05
256x2048x2048,medium_batch,56.3959,56.3959,163.856,71.448,8.97e-06
256x2048x4096,medium_batch,0.0,0.0,121.2822,121.2822,1.793e-05
256x2048x5504,medium_batch,0.0,0.0,127.6088,127.6088,2.41e-05
256x2048x7168,medium_batch,0.0,0.0,134.3041,134.3041,3.138e-05
256x2048x8192,medium_batch,0.0,0.0,138.3398,138.3398,3.586e-05
256x2048x11008,medium_batch,0.0,0.0,128.746,128.746,4.819e-05
256x2048x13312,medium_batch,0.0,0.0,133.6062,133.6062,5.828e-05
256x2048x14336,medium_batch,0.0,0.0,133.1136,133.1136,6.276e-05
256x2048x16384,medium_batch,0.0,0.0,133.8496,133.8496,7.173e-05
256x2048x22016,medium_batch,0.0,0.0,129.4412,129.4412,9.639e-05
256x2048x27648,medium_batch,0.0,0.0,133.424,133.424,0.00012104
256x2816x4096,medium_batch,0.0,0.0,138.291,138.291,2.466e-05
256x2816x7168,medium_batch,0.0,0.0,143.8841,143.8841,4.315e-05
256x2816x8192,medium_batch,0.0,0.0,148.456,148.456,4.931e-05
256x3584x3584,medium_batch,0.0,0.0,171.9031,171.9031,2.746e-05
256x3584x5504,medium_batch,0.0,0.0,178.05,178.05,4.217e-05
256x3584x8192,medium_batch,0.0,0.0,183.1364,183.1364,6.276e-05
256x3584x11008,medium_batch,0.0,0.0,185.8595,185.8595,8.434e-05
256x3584x13312,medium_batch,0.0,0.0,181.374,181.374,0.00010199
256x3584x14336,medium_batch,0.0,0.0,184.721,184.721,0.00010983
256x3584x16384,medium_batch,0.0,0.0,183.5848,183.5848,0.00012552
256x3584x22016,medium_batch,0.0,0.0,185.3819,185.3819,0.00016867
256x3584x27648,medium_batch,0.0,0.0,186.9032,186.9032,0.00021182
256x4096x4096,medium_batch,38.4258,38.4258,326.069,200.7745,3.586e-05
256x4096x5504,medium_batch,0.0,0.0,201.212,201.212,4.819e-05
256x4096x7168,medium_batch,1.0973,1.0973,198.5417,196.3632,6.276e-05
256x4096x8192,medium_batch,40.4893,40.4893,339.922,202.2898,7.173e-05
256x4096x11008,medium_batch,44.0859,44.0859,351.633,196.6125,9.639e-05
256x4096x13312,medium_batch,0.0,0.0,200.89,200.89,0.00011656
256x4096x14336,medium_batch,43.8179,43.8179,355.368,199.6532,0.00012552
256x4096x16384,medium_batch,0.0,0.0,200.7275,200.7275,0.00014346
256x4096x22016,medium_batch,0.0,0.0,204.3159,204.3159,0.00019277
256x4096x27648,medium_batch,0.0,0.0,202.2331,202.2331,0.00024208
256x5120x5120,medium_batch,25.9314,25.9314,299.764,222.031,5.604e-05
256x5120x5504,medium_batch,0.0,0.0,226.3812,226.3812,6.024e-05
256x5120x8192,medium_batch,0.0,0.0,232.8703,232.8703,8.966e-05
256x5120x11008,medium_batch,0.0304,0.0304,224.964,224.8956,0.00012048
256x5120x13312,medium_batch,0.0,0.0,230.8801,230.8801,0.0001457
256x5120x14336,medium_batch,0.0,0.0,234.1201,234.1201,0.00015691
256x5120x16384,medium_batch,0.0,0.0,238.4636,238.4636,0.00017932
256x5120x22016,medium_batch,0.0,0.0,233.6111,233.6111,0.00024096
256x5120x27648,medium_batch,0.0,0.0,203.0332,203.0332,0.0003026
256x5504x2048,medium_batch,0.0,0.0,187.3393,187.3393,2.41e-05
256x5504x3584,medium_batch,0.0,0.0,207.3345,207.3345,4.217e-05
256x5504x4096,medium_batch,0.0,0.0,221.1335,221.1335,4.819e-05
256x5504x5120,medium_batch,0.0,0.0,234.3339,234.3339,6.024e-05
256x7168x7168,medium_batch,0.6536,0.6536,270.017,268.2521,0.00010983
256x7168x8192,medium_batch,0.0,0.0,288.0982,288.0982,0.00012552
256x7168x11008,medium_batch,0.0,0.0,282.4076,282.4076,0.00016867
256x7168x13312,medium_batch,0.0,0.0,280.1638,280.1638,0.00020398
256x7168x14336,medium_batch,0.0,0.0,279.2018,279.2018,0.00021967
256x7168x16384,medium_batch,0.0,0.0,288.4298,288.4298,0.00025105
256x7168x22016,medium_batch,0.0,0.0,247.6615,247.6615,0.00033735
256x7168x27648,medium_batch,0.0,0.0,243.5502,243.5502,0.00042365
256x8192x2048,medium_batch,1.8279,1.8279,234.8581,230.5651,3.586e-05
256x8192x3584,medium_batch,0.0,0.0,270.7416,270.7416,6.276e-05
256x8192x4096,medium_batch,28.9101,28.9101,397.843,282.826,7.173e-05
256x8192x5120,medium_batch,0.0,0.0,290.7112,290.7112,8.966e-05
256x8192x7168,medium_batch,0.0,0.0,316.5313,316.5313,0.00012552
256x8192x8192,medium_batch,25.8095,25.8095,414.366,307.4202,0.00014346
256x8192x11008,medium_batch,0.0,0.0,310.9947,310.9947,0.00019277
256x8192x13312,medium_batch,0.0,0.0,307.6082,307.6082,0.00023312
256x8192x14336,medium_batch,0.0,0.0,311.6021,311.6021,0.00025105
256x8192x16384,medium_batch,0.0,0.0,292.6824,292.6824,0.00028691
256x8192x22016,medium_batch,0.0,0.0,264.6488,264.6488,0.00038554
256x8192x27648,medium_batch,0.0,0.0,270.3864,270.3864,0.00048417
256x11008x2048,medium_batch,0.0,0.0,230.5087,230.5087,4.819e-05
256x11008x3584,medium_batch,0.0,0.0,263.0349,263.0349,8.434e-05
256x11008x4096,medium_batch,10.11,10.11,400.008,359.567,9.639e-05
256x11008x5120,medium_batch,0.0,0.0,275.6748,275.6748,0.00012048
256x11008x7168,medium_batch,0.0,0.0,279.8992,279.8992,0.00016867
256x11008x8192,medium_batch,0.0,0.0,287.4167,287.4167,0.00019277
256x13312x2048,medium_batch,0.0,0.0,270.5268,270.5268,5.828e-05
256x13312x3584,medium_batch,0.0,0.0,308.2778,308.2778,0.00010199
256x13312x4096,medium_batch,0.0,0.0,316.623,316.623,0.00011656
256x13312x5120,medium_batch,0.0,0.0,321.9155,321.9155,0.0001457
256x13312x7168,medium_batch,0.0,0.0,326.4307,326.4307,0.00020398
256x13312x8192,medium_batch,0.0,0.0,328.6436,328.6436,0.00023312
256x14336x2048,medium_batch,0.0,0.0,287.3217,287.3217,6.276e-05
256x14336x3584,medium_batch,0.0,0.0,325.8963,325.8963,0.00010983
256x14336x4096,medium_batch,6.4172,6.4172,484.151,453.082,0.00012552
256x14336x5120,medium_batch,0.0,0.0,338.5489,338.5489,0.00015691
256x14336x7168,medium_batch,0.0,0.0,349.2052,349.2052,0.00021967
256x14336x8192,medium_batch,0.0,0.0,350.6975,350.6975,0.00025105
256x16384x2048,medium_batch,0.0,0.0,301.7983,301.7983,7.173e-05
256x16384x3584,medium_batch,0.0,0.0,337.9089,337.9089,0.00012552
256x16384x4096,medium_batch,0.3604,0.3604,344.3239,343.0828,0.00014346
256x16384x5120,medium_batch,0.0,0.0,364.1747,364.1747,0.00017932
256x16384x7168,medium_batch,0.0704,0.0704,350.2073,349.9607,0.00025105
256x16384x8192,medium_batch,0.0,0.0,343.2198,343.2198,0.00028691
256x22016x2048,medium_batch,23.7438,0.0,296.5871,296.5871,9.639e-05
256x22016x3584,medium_batch,25.3283,3.8693,341.0481,327.8518,0.00016867
256x22016x4096,medium_batch,25.5571,3.2968,344.6618,333.2989,0.00019277
256x22016x5120,medium_batch,25.1741,3.858,352.5034,338.9038,0.00024096
256x22016x7168,medium_batch,23.0472,6.9195,307.8846,286.5805,0.00033735
256x22016x8192,medium_batch,24.274,7.3904,311.2463,288.2438,0.00038554
256x27648x2048,medium_batch,21.7957,0.0,344.7783,344.7783,0.00012104
256x27648x3584,medium_batch,22.9331,2.1568,382.6145,374.3621,0.00021182
256x27648x4096,medium_batch,19.9757,4.3395,375.1646,358.8843,0.00024208
256x27648x5120,medium_batch,11.5265,1.6073,339.6341,334.1751,0.0003026
256x27648x7168,medium_batch,17.5772,6.7233,342.5181,319.4896,0.00042365
256x27648x8192,medium_batch,20.4295,4.8384,347.1356,330.3397,0.00048417
272x4096x4096,compute_bound,3.7484,3.7484,188.7576,181.6822,3.811e-05
272x4096x14336,compute_bound,1.1581,1.1581,198.7545,196.4528,0.00013337
272x8192x8192,compute_bound,4.4649,4.4649,252.0225,240.7699,0.00015242
272x14336x4096,compute_bound,27.9213,2.226,275.06,268.9372,0.00013337
288x4096x4096,compute_bound,4.7826,4.7826,208.8586,198.8697,4.035e-05
288x4096x14336,compute_bound,0.0,0.0,209.87,209.87,0.00014122
288x8192x8192,compute_bound,6.5274,6.5274,269.5304,251.9371,0.00016139
288x14336x4096,compute_bound,29.6695,3.3073,294.596,284.8529,0.00014122
304x4096x4096,compute_bound,7.4982,7.4982,210.6115,194.8194,4.259e-05
304x4096x14336,compute_bound,3.0343,3.0343,224.884,218.0603,0.00014906
304x8192x8192,compute_bound,0.0,0.0,265.3094,265.3094,0.00017036
304x14336x4096,compute_bound,28.2246,4.4306,301.595,288.2325,0.00014906
320x4096x4096,compute_bound,25.3908,25.3908,284.671,212.3908,4.483e-05
320x4096x14336,compute_bound,24.7754,24.7754,306.636,230.6656,0.00015691
320x8192x8192,compute_bound,6.8667,6.8667,376.136,350.308,0.00017932
320x14336x4096,compute_bound,10.5005,10.5005,422.485,378.122,0.00015691
336x4096x4096,compute_bound,3.5279,3.5279,214.5073,206.9398,4.707e-05
336x4096x14336,compute_bound,0.1171,0.1171,230.0929,229.8235,0.00016475
336x8192x8192,compute_bound,0.0,0.0,288.4298,288.4298,0.00018829
336x14336x4096,compute_bound,27.3516,2.3529,316.4243,308.979,0.00016475
352x4096x4096,compute_bound,3.5797,3.5797,228.0279,219.8652,4.931e-05
352x4096x14336,compute_bound,0.0,0.0,242.9209,242.9209,0.0001726
352x8192x8192,compute_bound,0.0,0.0,301.3147,301.3147,0.00019725
352x14336x4096,compute_bound,28.4348,0.0,335.8033,335.8033,0.0001726
368x4096x4096,compute_bound,0.0,0.0,226.1503,226.1503,5.155e-05
368x4096x14336,compute_bound,0.0,0.0,257.9708,257.9708,0.00018044
368x8192x8192,compute_bound,0.0,0.0,326.9572,326.9572,0.00020622
368x14336x4096,compute_bound,32.9882,0.0,370.351,370.351,0.00018044
384x2048x2048,compute_bound,0.0,0.0,121.6475,121.6475,1.345e-05
384x2048x5504,compute_bound,0.0,0.0,158.5481,158.5481,3.614e-05
384x2048x8192,compute_bound,0.0,0.0,164.9436,164.9436,5.38e-05
384x2048x11008,compute_bound,0.0,0.0,165.4049,165.4049,7.229e-05
384x2048x13312,compute_bound,0.0,0.0,169.4202,169.4202,8.742e-05
384x2048x14336,compute_bound,0.0,0.0,166.2838,166.2838,9.414e-05
384x2048x16384,compute_bound,0.0,0.0,169.4178,169.4178,0.00010759
384x2048x22016,compute_bound,0.0,0.0,173.8205,173.8205,0.00014458
384x2048x27648,compute_bound,0.0,0.0,173.1869,173.1869,0.00018156
384x3584x3584,compute_bound,0.0,0.0,225.0948,225.0948,4.119e-05
384x3584x5504,compute_bound,0.0,0.0,247.5017,247.5017,6.325e-05
384x3584x8192,compute_bound,0.0,0.0,243.3501,243.3501,9.414e-05
384x3584x11008,compute_bound,0.0,0.0,243.5135,243.5135,0.00012651
384x3584x13312,compute_bound,0.0,0.0,244.7576,244.7576,0.00015298
384x3584x14336,compute_bound,0.0,0.0,250.8982,250.8982,0.00016475
384x3584x16384,compute_bound,0.0,0.0,251.6751,251.6751,0.00018829
384x3584x22016,compute_bound,0.0,0.0,253.0887,253.0887,0.00025301
384x3584x27648,compute_bound,0.0,0.0,254.9573,254.9573,0.00031774
384x4096x4096,compute_bound,25.9353,25.9353,333.285,246.8467,5.38e-05
384x4096x5504,compute_bound,0.6137,0.6137,266.629,264.9926,7.229e-05
384x4096x8192,compute_bound,0.0,0.0,268.8163,268.8163,0.00010759
384x4096x11008,compute_bound,1.5634,1.5634,269.2034,264.9946,0.00014458
384x4096x13312,compute_bound,0.0,0.0,273.1472,273.1472,0.00017484
384x4096x14336,compute_bound,24.5374,24.5374,359.986,271.6549,0.00018829
384x4096x16384,compute_bound,0.4159,0.4159,268.7056,267.5881,0.00021519
384x4096x22016,compute_bound,0.0,0.0,272.5984,272.5984,0.00028916
384x4096x27648,compute_bound,0.0,0.0,273.0221,273.0221,0.00036313
384x5120x5120,compute_bound,26.794,26.794,389.174,284.8988,8.406e-05
384x5120x5504,compute_bound,0.0,0.0,278.1933,278.1933,9.036e-05
384x5120x8192,compute_bound,0.0,0.0,295.3004,295.3004,0.00013449
384x5120x11008,compute_bound,0.0,0.0,295.9491,295.9491,0.00018072
384x5120x13312,compute_bound,1.3158,1.3158,300.4512,296.4978,0.00021855
384x5120x14336,compute_bound,0.0,0.0,305.6406,305.6406,0.00023536
384x5120x16384,compute_bound,0.0,0.0,302.4071,302.4071,0.00026898
384x5120x22016,compute_bound,0.3654,0.3654,304.7128,303.5993,0.00036144
384x5120x27648,compute_bound,0.0,0.0,279.1729,279.1729,0.00045391
384x5504x2048,compute_bound,0.0,0.0,235.662,235.662,3.614e-05
384x5504x3584,compute_bound,0.0,0.0,262.6257,262.6257,6.325e-05
384x5504x4096,compute_bound,0.0,0.0,265.4802,265.4802,7.229e-05
384x5504x5120,compute_bound,0.0,0.0,289.8357,289.8357,9.036e-05
384x7168x7168,compute_bound,0.0,0.0,303.5502,303.5502,0.00016475
384x7168x8192,compute_bound,0.0,0.0,302.7,302.7,0.00018829
384x7168x11008,compute_bound,0.0,0.0,313.9714,313.9714,0.00025301
384x7168x13312,compute_bound,0.0,0.0,318.0888,318.0888,0.00030597
384x7168x14336,compute_bound,0.0,0.0,310.3898,310.3898,0.0003295
384x7168x16384,compute_bound,0.0,0.0,320.405,320.405,0.00037657
384x7168x22016,compute_bound,0.0,0.0,280.2617,280.2617,0.00050602
384x7168x27648,compute_bound,0.0,0.0,271.1513,271.1513,0.00063547
384x8192x2048,compute_bound,0.0,0.0,266.4757,266.4757,5.38e-05
384x8192x3584,compute_bound,0.0,0.0,317.6482,317.6482,9.414e-05
384x8192x4096,compute_bound,0.0,0.0,313.7952,313.7952,0.00010759
384x8192x5120,compute_bound,0.0,0.0,330.3584,330.3584,0.00013449
384x8192x7168,compute_bound,0.0,0.0,320.9077,320.9077,0.00018829
384x8192x8192,compute_bound,7.6535,7.6535,454.705,419.904,0.00021519
384x8192x11008,compute_bound,0.0,0.0,332.7217,332.7217,0.00028916
384x8192x13312,compute_bound,0.0,0.0,337.7486,337.7486,0.00034968
384x8192x14336,compute_bound,0.0,0.0,336.8967,336.8967,0.00037657
384x8192x16384,compute_bound,0.0,0.0,314.9476,314.9476,0.00043037
384x8192x22016,compute_bound,0.0,0.0,304.6907,304.6907,0.00057831
384x8192x27648,compute_bound,0.0,0.0,305.3112,305.3112,0.00072625
384x11008x2048,compute_bound,0.0,0.0,293.8127,293.8127,7.229e-05
384x11008x3584,compute_bound,0.845,0.845,339.3246,336.4572,0.00012651
384x11008x4096,compute_bound,0.0,0.0,335.3039,335.3039,0.00014458
384x11008x5120,compute_bound,0.0,0.0,351.9581,351.9581,0.00018072
384x11008x7168,compute_bound,0.0,0.0,344.2692,344.2692,0.00025301
384x11008x8192,compute_bound,0.0,0.0,353.7566,353.7566,0.00028916
384x13312x2048,compute_bound,26.9495,0.0,298.4912,298.4912,8.742e-05
384x13312x3584,compute_bound,31.8688,0.0,340.9108,340.9108,0.00015298
384x13312x4096,compute_bound,31.9041,0.0,348.3275,348.3275,0.00017484
384x13312x5120,compute_bound,31.0825,0.0,350.7831,350.7831,0.00021855
384x13312x7168,compute_bound,28.2137,0.0,344.8298,344.8298,0.00030597
384x13312x8192,compute_bound,28.5593,0.0,349.2571,349.2571,0.00034968
384x14336x2048,compute_bound,29.4129,0.0,324.4166,324.4166,9.414e-05
384x14336x3584,compute_bound,27.8542,0.0,353.4355,353.4355,0.00016475
384x14336x4096,compute_bound,10.7079,10.7079,506.923,452.642,0.00018829
384x14336x5120,compute_bound,29.701,0.0,366.5458,366.5458,0.00023536
384x14336x7168,compute_bound,26.2739,0.0,375.0328,375.0328,0.0003295
384x14336x8192,compute_bound,28.2389,0.0,384.2111,384.2111,0.00037657
384x16384x2048,compute_bound,26.7612,0.0,345.6621,345.6621,0.00010759
384x16384x3584,compute_bound,26.8503,0.0,384.7388,384.7388,0.00018829
384x16384x4096,compute_bound,27.9607,0.0,399.8015,399.8015,0.00021519
384x16384x5120,compute_bound,27.6604,0.0,401.6491,401.6491,0.00026898
384x16384x7168,compute_bound,27.287,0.0,405.8182,405.8182,0.00037657
384x16384x8192,compute_bound,20.9875,0.0,376.5726,376.5726,0.00043037
384x22016x2048,compute_bound,12.8854,0.0,360.1699,360.1699,0.00014458
384x22016x3584,compute_bound,12.5285,0.0,389.6736,389.6736,0.00025301
384x22016x4096,compute_bound,14.1767,0.0,403.9284,403.9284,0.00028916
384x22016x5120,compute_bound,17.1438,0.0,414.7822,414.7822,0.00036144
384x22016x7168,compute_bound,13.5479,0.0,359.1857,359.1857,0.00050602
384x22016x8192,compute_bound,16.2735,0.0,362.0934,362.0934,0.00057831
384x27648x2048,compute_bound,20.1038,17.2848,335.5599,277.5589,0.00018156
384x27648x3584,compute_bound,19.4689,17.8733,366.5226,301.0128,0.00031774
384x27648x4096,compute_bound,18.547,18.547,375.9422,306.2163,0.00036313
384x27648x5120,compute_bound,17.8276,17.8276,351.7156,289.0132,0.00045391
384x27648x7168,compute_bound,15.8461,14.0957,325.0386,279.2222,0.00063547
384x27648x8192,compute_bound,16.3909,16.3909,331.6128,277.2585,0.00072625
400x4096x4096,compute_bound,7.7673,7.7673,241.2079,222.4726,5.604e-05
400x4096x14336,compute_bound,5.0958,5.0958,263.4569,250.0317,0.00019613
400x8192x8192,compute_bound,0.0,0.0,320.5372,320.5372,0.00022415
400x14336x4096,compute_bound,28.2476,0.0,359.8193,359.8193,0.00019613
416x4096x4096,compute_bound,4.9925,4.9925,244.1774,231.9868,5.828e-05
416x4096x14336,compute_bound,5.261,5.261,274.1797,259.7551,0.00020398
416x8192x8192,compute_bound,0.0,0.0,327.4851,327.4851,0.00023312
416x14336x4096,compute_bound,28.1845,0.0,373.6368,373.6368,0.00020398
432x4096x4096,compute_bound,1.4569,1.4569,254.8214,251.1089,6.052e-05
432x4096x14336,compute_bound,3.1271,3.1271,280.0045,271.2484,0.00021182
432x8192x8192,compute_bound,0.0,0.0,341.3641,341.3641,0.00024208
432x14336x4096,compute_bound,24.0351,0.0,369.9858,369.9858,0.00021182
448x4096x4096,compute_bound,3.9273,3.9273,255.618,245.5791,6.276e-05
448x4096x14336,compute_bound,4.447,4.447,289.67,276.7885,0.00021967
448x8192x8192,compute_bound,0.0,0.0,353.1734,353.1734,0.00025105
448x14336x4096,compute_bound,26.3021,1.6784,393.2238,386.6241,0.00021967
464x4096x4096,compute_bound,0.0,0.0,262.2455,262.2455,6.5e-05
464x4096x14336,compute_bound,1.131,1.131,288.3135,285.0528,0.00022751
464x8192x8192,compute_bound,0.0,0.0,358.0353,358.0353,0.00026002
464x14336x4096,compute_bound,24.0842,0.029,395.5431,395.4283,0.00022751
480x4096x4096,compute_bound,2.4261,2.4261,263.1204,256.7368,6.725e-05
480x4096x14336,compute_bound,1.2549,1.2549,298.0046,294.2649,0.00023536
480x8192x8192,compute_bound,0.0,0.0,372.183,372.183,0.00026898
480x14336x4096,compute_bound,22.4937,0.0,399.2001,399.2001,0.00023536
496x4096x4096,compute_bound,0.0,0.0,263.1138,263.1138,6.949e-05
496x4096x14336,compute_bound,0.0419,0.0419,301.3024,301.1762,0.0002432
496x8192x8192,compute_bound,0.0,0.0,383.082,383.082,0.00027795
496x14336x4096,compute_bound,22.3826,0.8111,410.2927,406.9648,0.0002432
512x64x512,compute_bound,0.3138,0.3138,1.3067,1.3026,1.4e-07
512x80x512,compute_bound,0.7494,0.7494,1.5745,1.5627,1.8e-07
512x96x512,compute_bound,3.1681,3.1681,1.957,1.895,2.1e-07
512x128x512,compute_bound,0.4479,0.4479,2.5229,2.5116,2.8e-07
512x256x512,compute_bound,2.5415,2.5415,5.1387,5.0081,5.6e-07
512x512x64,compute_bound,0.4413,0.4413,1.2464,1.2409,1.4e-07
512x512x80,compute_bound,1.3699,1.3699,1.6133,1.5912,1.8e-07
512x512x96,compute_bound,0.2991,0.2991,1.8725,1.8669,2.1e-07
512x512x128,compute_bound,1.2244,1.2244,2.5972,2.5654,2.8e-07
512x512x256,compute_bound,1.3338,1.3338,5.0308,4.9637,5.6e-07
512x512x512,compute_bound,0.909,0.909,21.232,21.039,1.12e-06
512x1024x4096,compute_bound,0.0,0.0,122.6713,122.6713,1.793e-05
512x1024x8192,compute_bound,0.0,0.0,122.7396,122.7396,3.586e-05
512x1408x4096,compute_bound,0.0,0.0,145.8132,145.8132,2.466e-05
512x1408x7168,compute_bound,0.0,0.0,149.6404,149.6404,4.315e-05
512x1408x8192,compute_bound,0.0,0.0,151.8202,151.8202,4.931e-05
512x2048x2048,compute_bound,49.6652,49.6652,295.416,148.6971,1.793e-05
512x2048x4096,compute_bound,0.0,0.0,194.7522,194.7522,3.586e-05
512x2048x5504,compute_bound,0.0,0.0,202.1989,202.1989,4.819e-05
512x2048x7168,compute_bound,0.3536,0.3536,190.4811,189.8076,6.276e-05
512x2048x8192,compute_bound,0.0,0.0,199.0969,199.0969,7.173e-05
512x2048x11008,compute_bound,0.0,0.0,202.4844,202.4844,9.639e-05
512x2048x13312,compute_bound,0.0,0.0,199.8532,199.8532,0.00011656
512x2048x14336,compute_bound,0.0,0.0,200.9892,200.9892,0.00012552
512x2048x16384,compute_bound,0.0,0.0,204.8991,204.8991,0.00014346
512x2048x22016,compute_bound,0.0,0.0,207.6655,207.6655,0.00019277
512x2048x27648,compute_bound,0.0,0.0,205.1859,205.1859,0.00024208
512x2816x4096,compute_bound,2.6391,2.6391,222.1813,216.3177,4.931e-05
512x2816x7168,compute_bound,0.0,0.0,245.5805,245.5805,8.63e-05
512x2816x8192,compute_bound,0.0,0.0,242.5638,242.5638,9.863e-05
512x3584x3584,compute_bound,0.8308,0.8308,250.4491,248.3683,5.492e-05
512x3584x5504,compute_bound,0.0,0.0,271.9702,271.9702,8.434e-05
512x3584x8192,compute_bound,0.0,0.0,278.5787,278.5787,0.00012552
512x3584x11008,compute_bound,0.0,0.0,286.0124,286.0124,0.00016867
512x3584x13312,compute_bound,0.0,0.0,291.5496,291.5496,0.00020398
512x3584x14336,compute_bound,0.0,0.0,289.0955,289.0955,0.00021967
512x3584x16384,compute_bound,0.0,0.0,295.5277,295.5277,0.00025105
512x3584x22016,compute_bound,0.0,0.0,293.0337,293.0337,0.00033735
512x3584x27648,compute_bound,0.0,0.0,300.0015,300.0015,0.00042365
512x4096x4096,compute_bound,25.7412,25.7412,388.375,288.4028,7.173e-05
512x4096x5504,compute_bound,1.5356,1.5356,280.8346,276.5221,9.639e-05
512x4096x7168,compute_bound,0.0,0.0,306.8241,306.8241,0.00012552
512x4096x8192,compute_bound,25.67,25.67,415.376,308.7489,0.00014346
512x4096x11008,compute_bound,27.1922,27.1922,418.56,304.7443,0.00019277
512x4096x13312,compute_bound,1.5479,1.5479,308.5618,303.7856,0.00023312
512x4096x14336,compute_bound,23.7367,23.7367,415.223,316.6629,0.00025105
512x4096x16384,compute_bound,0.0,0.0,316.6723,316.6723,0.00028691
512x4096x22016,compute_bound,0.0,0.0,316.199,316.199,0.00038554
512x4096x27648,compute_bound,2.1781,2.1781,317.5124,310.5968,0.00048417
512x5120x5120,compute_bound,10.2215,10.2215,381.851,342.82,0.00011208
512x5120x5504,compute_bound,0.0,0.0,280.5064,280.5064,0.00012048
512x5120x8192,compute_bound,0.0,0.0,294.4602,294.4602,0.00017932
512x5120x11008,compute_bound,0.0,0.0,299.3942,299.3942,0.00024096
512x5120x13312,compute_bound,0.0,0.0,303.1522,303.1522,0.0002914
512x5120x14336,compute_bound,0.0,0.0,303.6956,303.6956,0.00031381
512x5120x16384,compute_bound,0.0,0.0,305.1898,305.1898,0.00035864
512x5120x22016,compute_bound,0.0,0.0,311.7675,311.7675,0.00048193
512x5120x27648,compute_bound,0.0,0.0,273.4415,273.4415,0.00060521
512x5504x2048,compute_bound,0.0,0.0,239.3167,239.3167,4.819e-05
512x5504x3584,compute_bound,0.0,0.0,284.7163,284.7163,8.434e-05
512x5504x4096,compute_bound,0.0,0.0,285.1428,285.1428,9.639e-05
512x5504x5120,compute_bound,0.0,0.0,298.1538,298.1538,0.00012048
512x7168x7168,compute_bound,0.0,0.0,356.02,356.02,0.00021967
512x7168x8192,compute_bound,0.0,0.0,364.0508,364.0508,0.00025105
512x7168x11008,compute_bound,0.0,0.0,363.6109,363.6109,0.00033735
512x7168x13312,compute_bound,0.0,0.0,365.0259,365.0259,0.00040796
512x7168x14336,compute_bound,0.0,0.0,365.4821,365.4821,0.00043934
512x7168x16384,compute_bound,0.0,0.0,367.8435,367.8435,0.0005021
512x7168x22016,compute_bound,0.0,0.0,340.0119,340.0119,0.0006747
512x7168x27648,compute_bound,0.0,0.0,337.2501,337.2501,0.00084729
512x8192x2048,compute_bound,0.0,0.0,311.8906,311.8906,7.173e-05
512x8192x3584,compute_bound,0.0,0.0,360.1218,360.1218,0.00012552
512x8192x4096,compute_bound,5.0415,5.0415,532.919,506.052,0.00014346
512x8192x5120,compute_bound,0.0,0.0,370.342,370.342,0.00017932
512x8192x7168,compute_bound,0.0,0.0,388.2532,388.2532,0.00025105
512x8192x8192,compute_bound,0.9032,0.9032,537.333,532.48,0.00028691
512x8192x11008,compute_bound,0.0,0.0,388.8468,388.8468,0.00038554
512x8192x13312,compute_bound,0.0,0.0,388.942,388.942,0.00046624
512x8192x14336,compute_bound,0.0,0.0,387.2006,387.2006,0.0005021
512x8192x16384,compute_bound,0.0,0.0,370.0206,370.0206,0.00057383
1x1024x2048,decode,38.5106,38.5106,0.47,0.289,2e-08
1x1024x4096,decode,46.3158,46.3158,0.665,0.357,4e-08
1x1024x8192,decode,51.1029,51.1029,0.816,0.399,7e-08
1x1024x14336,decode,51.3986,51.3986,0.858,0.417,1.2e-07
1x1536x5120,decode,45.6863,45.6863,1.02,0.554,7e-08
1x2048x1024,decode,30.1667,30.1667,0.6,0.419,2e-08
1x2048x7168,decode,46.5877,46.5877,1.436,0.767,1.2e-07
1x4096x1024,decode,25.6573,25.6573,1.103,0.82,4e-08
1x5120x1536,decode,34.8087,34.8087,1.83,1.193,7e-08
1x5120x18432,decode,37.4332,37.4332,2.431,1.521,7.9e-07
1x7168x2048,decode,100.0,100.0,0.803,0,1.2e-07
64x128x128,medium_batch,100.0,100.0,0.169,0,1e-08
64x256x256,medium_batch,100.0,100.0,0.666,0,4e-08
64x512x512,medium_batch,100.0,100.0,2.662,0,1.4e-07
64x1024x1024,medium_batch,100.0,100.0,10.709,0,5.6e-07
64x1280x8192,medium_batch,100.0,100.0,30.118,0,5.6e-06
64x3072x3072,medium_batch,100.0,100.0,68.487,0,5.04e-06
64x4096x6656,medium_batch,100.0,100.0,94.747,0,1.457e-05
64x5120x13824,medium_batch,100.0,100.0,121.476,0,3.783e-05
64x6656x4096,medium_batch,100.0,100.0,145.306,0,1.457e-05
64x8192x1280,medium_batch,100.0,100.0,108.167,0,5.6e-06
64x8192x28672,medium_batch,100.0,100.0,161.378,0,0.00012552
64x13312x16384,medium_batch,100.0,100.0,216.17,0,0.00011656
64x13824x5120,medium_batch,100.0,100.0,294.508,0,3.783e-05
64x16384x13312,medium_batch,100.0,100.0,261.815,0,0.00011656
64x16384x16384,medium_batch,100.0,100.0,262.872,0,0.00014346
64x28672x8192,medium_batch,100.0,100.0,261.961,0,0.00012552
96x3072x3072,medium_batch,100.0,100.0,96.101,0,7.57e-06
128x256x256,medium_batch,0.1494,0.1494,1.339,1.337,7e-08
128x512x512,medium_batch,3.9325,3.9325,5.391,5.179,2.8e-07
128x1024x1024,medium_batch,23.7377,23.7377,21.27,16.221,1.12e-06
128x1280x8192,medium_batch,59.0657,59.0657,59.874,24.509,1.121e-05
128x3072x3072,medium_batch,56.4156,56.4156,128.5,56.006,1.009e-05
128x4096x256,medium_batch,2.0053,2.0053,21.493,21.062,1.12e-06
128x4096x512,medium_batch,0.0755,0.0755,42.398,42.366,2.24e-06
128x4096x768,medium_batch,6.067,6.067,63.936,60.057,3.36e-06
128x4096x1024,medium_batch,25.0649,25.0649,85.075,63.751,4.48e-06
128x4096x1536,medium_batch,45.6082,45.6082,126.418,68.761,6.72e-06
128x4096x2048,medium_batch,56.2521,56.2521,163.626,71.583,8.97e-06
128x4096x3072,medium_batch,56.7872,56.7872,172.604,74.587,1.345e-05
128x4096x5120,medium_batch,57.6246,57.6246,180.81,76.619,2.242e-05
128x4096x6144,medium_batch,58.0129,58.0129,184.097,77.297,2.69e-05
128x4096x6656,medium_batch,57.9783,57.9783,184.512,77.535,2.914e-05
128x4096x10240,medium_batch,58.245,58.245,188.708,78.795,4.483e-05
128x4096x12288,medium_batch,58.376,58.376,190.222,79.178,5.38e-05
128x5120x13824,medium_batch,56.8529,56.8529,227.209,98.034,7.565e-05
128x6656x4096,medium_batch,55.1737,55.1737,269.273,120.705,2.914e-05
128x8192x1280,medium_batch,37.4903,37.4903,209.265,130.811,1.121e-05
128x8192x28672,medium_batch,55.5078,55.5078,293.739,130.691,0.00025105
128x13824x5120,medium_batch,34.9507,34.9507,376.459,244.884,7.565e-05
128x16384x13312,medium_batch,28.6303,28.6303,343.863,245.414,0.00023312
128x28672x8192,medium_batch,0.0,0.0,379.688,379.688,0.00025105
160x3072x3072,medium_batch,56.8302,56.8302,155.889,67.297,1.261e-05
160x5120x5120,medium_batch,54.6011,54.6011,251.387,114.127,3.502e-05
192x3072x3072,medium_batch,56.9273,56.9273,188.256,81.087,1.513e-05
256x128x128,medium_batch,1.1923,1.1923,0.671,0.663,4e-08
256x512x512,medium_batch,0.9588,0.9588,10.638,10.536,5.6e-07
256x1024x1024,medium_batch,23.5683,23.5683,42.065,32.151,2.24e-06
256x1280x8192,medium_batch,59.0353,59.0353,118.607,48.587,2.242e-05
256x3072x3072,medium_batch,55.1279,55.1279,240.791,108.048,2.017e-05
256x4096x6656,medium_batch,55.9629,55.9629,341.948,150.584,5.828e-05
256x5120x13824,medium_batch,39.3048,39.3048,313.051,190.007,0.0001513
256x6656x4096,medium_batch,34.6221,34.6221,354.58,231.817,5.828e-05
256x8192x1280,medium_batch,27.5234,27.5234,333.538,241.737,2.242e-05
256x8192x28672,medium_batch,30.3982,30.3982,369.92,257.471,0.0005021
256x13312x16384,medium_batch,3.1921,3.1921,402.03,389.197,0.00046624
256x13824x5120,medium_batch,7.9504,7.9504,488.958,450.084,0.0001513
256x16384x13312,medium_batch,0.0,0.0,455.749,455.749,0.00046624
256x16384x16384,medium_batch,0.0,0.0,459.297,459.297,0.00057383
256x28672x8192,medium_batch,0.0,0.0,499.644,499.644,0.0005021
320x3072x3072,compute_bound,53.3393,53.3393,285.358,133.15,2.522e-05
320x5120x5120,compute_bound,37.6552,37.6552,355.064,221.364,7.005e-05
384x3072x3072,compute_bound,38.4512,38.4512,258.85,159.319,3.026e-05
512x128x128,compute_bound,0.5216,0.5216,1.342,1.335,7e-08
512x256x256,compute_bound,1.4061,1.4061,5.334,5.259,2.8e-07
512x1024x1024,compute_bound,25.4887,25.4887,85.183,63.471,4.48e-06
512x1280x8192,compute_bound,58.8506,58.8506,233.588,96.12,4.483e-05
512x3072x3072,compute_bound,37.3885,37.3885,333.113,208.567,4.035e-05
512x4096x6656,compute_bound,28.8603,28.8603,403.658,287.161,0.00011656
512x5120x13824,compute_bound,9.651,9.651,396.923,358.616,0.0003026
512x6656x4096,compute_bound,9.7778,9.7778,470.34,424.351,0.00011656
512x8192x1280,compute_bound,6.1734,6.1734,445.359,417.865,4.483e-05
512x8192x28672,compute_bound,0.0,0.0,486.82,486.82,0.0010042
512x11008x4096,compute_bound,13.2076,13.2076,530.46,460.399,0.00019277
512x13312x16384,compute_bound,0.0,0.0,519.526,519.526,0.00093247
512x13824x5120,compute_bound,0.0,0.0,561.422,561.422,0.0003026
512x14336x4096,compute_bound,0.0,0.0,562.55,562.55,0.00025105
512x16384x13312,compute_bound,0.0,0.0,559.362,559.362,0.00093247
512x16384x16384,compute_bound,0.0,0.0,562.418,562.418,0.00114766
512x28672x8192,compute_bound,0.0,0.0,534.442,534.442,0.0010042
640x3072x3072,compute_bound,32.9785,32.9785,381.188,255.478,5.043e-05
640x4096x4096,compute_bound,9.6631,9.6631,376.876,340.458,8.966e-05
640x4096x14336,compute_bound,8.2435,8.2435,394.639,362.107,0.00031381
640x5120x5120,compute_bound,9.4486,9.4486,458.144,414.856,0.00014009
640x8192x8192,compute_bound,9.416,9.416,493.19,446.751,0.00035864
640x14336x4096,compute_bound,9.0156,9.0156,536.328,487.975,0.00031381
768x128x128,compute_bound,0.5506,0.5506,1.998,1.987,1.1e-07
768x256x256,compute_bound,0.4374,0.4374,8.001,7.966,4.2e-07
768x512x512,compute_bound,1.8252,1.8252,31.941,31.358,1.68e-06
768x1024x1024,compute_bound,25.8176,25.8176,127.378,94.492,6.72e-06
768x1280x8192,compute_bound,56.5183,56.5183,327.441,142.377,6.725e-05
768x2048x2048,compute_bound,34.9514,34.9514,307.415,199.969,2.69e-05
768x3072x3072,compute_bound,14.4081,14.4081,351.163,300.567,6.052e-05
768x4096x4096,compute_bound,9.2653,9.2653,438.886,398.222,0.00010759
768x4096x6656,compute_bound,8.4779,8.4779,448.777,410.73,0.00017484
768x4096x8192,compute_bound,8.0669,8.0669,452.95,416.411,0.00021519
768x4096x11008,compute_bound,8.3209,8.3209,459.648,421.401,0.00028916
768x4096x14336,compute_bound,7.4336,7.4336,459.347,425.201,0.00037657
768x5120x5120,compute_bound,5.751,5.751,510.952,481.567,0.00016811
768x5120x13824,compute_bound,2.2171,2.2171,522.086,510.511,0.00045391
768x6656x4096,compute_bound,14.92,14.92,499.444,424.927,0.00017484
768x8192x1280,compute_bound,12.8387,12.8387,481.901,420.031,6.725e-05
768x8192x4096,compute_bound,8.0255,8.0255,541.961,498.466,0.00021519
768x8192x8192,compute_bound,6.0989,6.0989,552.67,518.963,0.00043037
768x8192x28672,compute_bound,0.0,0.0,512.195,512.195,0.0015063
768x11008x4096,compute_bound,7.8496,7.8496,504.457,464.859,0.00028916
768x13312x16384,compute_bound,0.0,0.0,526.484,526.484,0.00139871
768x13824x5120,compute_bound,0.5732,0.5732,564.393,561.158,0.00045391
768x14336x4096,compute_bound,0.0,0.0,566.618,566.618,0.00037657
768x16384x13312,compute_bound,0.0,0.0,565.486,565.486,0.00139871
768x16384x16384,compute_bound,0.0,0.0,568.867,568.867,0.00172149
768x28672x8192,compute_bound,0.0,0.0,548.391,548.391,0.0015063
896x3072x3072,compute_bound,12.7792,12.7792,392.521,342.36,7.061e-05
896x4096x4096,compute_bound,4.8033,4.8033,473.364,450.627,0.00012552
896x4096x14336,compute_bound,0.0,0.0,485.032,485.032,0.00043934
896x5120x5120,compute_bound,16.2372,16.2372,465.894,390.246,0.00019613
896x8192x8192,compute_bound,0.0,0.0,561.652,561.652,0.0005021
896x14336x4096,compute_bound,0.0,0.0,531.584,531.584,0.00043934
1024x128x128,compute_bound,0.972,0.972,2.675,2.649,1.4e-07
1024x256x256,compute_bound,2.0142,2.0142,10.724,10.508,5.6e-07
1024x512x512,compute_bound,0.6187,0.6187,42.182,41.921,2.24e-06
1024x1024x1024,compute_bound,26.0169,26.0169,169.025,125.05,8.97e-06
1024x1280x8192,compute_bound,40.591,40.591,315.491,187.43,8.966e-05
1024x2048x2048,compute_bound,30.8577,30.8577,375.828,259.856,3.586e-05
1024x3072x3072,compute_bound,9.9972,9.9972,426.509,383.87,8.069e-05
1024x4096x256,compute_bound,0.1564,0.1564,168.135,167.872,8.97e-06
1024x4096x512,compute_bound,1.6219,1.6219,329.057,323.72,1.793e-05
1024x4096x768,compute_bound,6.2516,6.2516,376.606,353.062,2.69e-05
1024x4096x1024,compute_bound,6.8369,6.8369,401.848,374.374,3.586e-05
1024x4096x1536,compute_bound,8.4378,8.4378,455.996,417.52,5.38e-05
1024x4096x2048,compute_bound,5.4156,5.4156,477.14,451.3,7.173e-05
1024x4096x3072,compute_bound,4.8432,4.8432,504.169,479.751,0.00010759
1024x4096x4096,compute_bound,4.9089,4.9089,524.927,499.159,0.00014346
1024x4096x5120,compute_bound,2.8725,2.8725,527.168,512.025,0.00017932
1024x4096x6144,compute_bound,1.3062,1.3062,526.01,519.139,0.00021519
1024x4096x6656,compute_bound,2.4996,2.4996,531.89,518.595,0.00023312
1024x4096x7168,compute_bound,2.0792,2.0792,533.945,522.843,0.00025105
1024x4096x8192,compute_bound,1.535,1.535,536.738,528.499,0.00028691
1024x4096x10240,compute_bound,0.7557,0.7557,539.75,535.671,0.00035864
1024x4096x11008,compute_bound,0.3172,0.3172,540.034,538.321,0.00038554
1024x4096x12288,compute_bound,0.0,0.0,540.601,540.601,0.00043037
1024x4096x14336,compute_bound,0.0,0.0,543.674,543.674,0.0005021
1024x4096x16384,compute_bound,0.0,0.0,545.907,545.907,0.00057383
1024x5120x5120,compute_bound,15.7861,15.7861,520.548,438.374,0.00022415
1024x5120x13824,compute_bound,13.1287,13.1287,522.276,453.708,0.00060521
1024x6656x4096,compute_bound,0.0,0.0,536.036,536.036,0.00023312
1024x8192x1280,compute_bound,0.0,0.0,501.709,501.709,8.966e-05
1024x8192x4096,compute_bound,0.0,0.0,592.838,592.838,0.00028691
1024x8192x8192,compute_bound,0.0,0.0,612.78,612.78,0.00057383
1024x8192x28672,compute_bound,0.0,0.0,579.958,579.958,0.0020084
1024x11008x4096,compute_bound,0.9577,0.9577,577.202,571.674,0.00038554
1024x13312x16384,compute_bound,0.0,0.0,548.269,548.269,0.00186494
1024x13824x5120,compute_bound,0.0,0.0,572.659,572.659,0.00060521
1024x14336x4096,compute_bound,0.0,0.0,580.479,580.479,0.0005021
1024x16384x13312,compute_bound,0.0,0.0,585.444,585.444,0.00186494
1024x16384x16384,compute_bound,0.0,0.0,587.059,587.059,0.00229531
1024x28672x8192,compute_bound,0.0,0.0,583.519,583.519,0.0020084
1280x3072x3072,compute_bound,7.4101,7.4101,507.444,469.842,0.00010087
1280x4096x4096,compute_bound,13.7058,13.7058,508.871,439.126,0.00017932
1280x4096x14336,compute_bound,13.2692,13.2692,524.974,455.314,0.00062762
1280x5120x5120,compute_bound,0.0,0.0,530.573,530.573,0.00028019
1280x8192x8192,compute_bound,1.8993,1.8993,570.843,560.001,0.00071729
1280x14336x4096,compute_bound,0.0,0.0,584.528,584.528,0.00062762
1536x128x128,compute_bound,0.87,0.87,4.023,3.988,2.1e-07
1536x256x256,compute_bound,0.892,0.892,15.92,15.778,8.4e-07
1536x512x512,compute_bound,0.9635,0.9635,63.936,63.32,3.36e-06
1536x1024x1024,compute_bound,26.947,26.947,251.62,183.816,1.345e-05
1536x1280x8192,compute_bound,35.4859,35.4859,428.438,276.403,0.00013449
1536x2048x2048,compute_bound,11.0288,11.0288,422.637,376.025,5.38e-05
1536x3072x3072,compute_bound,17.2582,17.2582,472.669,391.095,0.00012104
1536x4096x4096,compute_bound,5.6017,5.6017,541.065,510.756,0.00021519
1536x4096x6656,compute_bound,5.1541,5.1541,547.677,519.449,0.00034968
1536x4096x8192,compute_bound,7.5273,7.5273,567.269,524.569,0.00043037
1536x4096x11008,compute_bound,5.3756,5.3756,556.927,526.989,0.00057831
1536x4096x14336,compute_bound,4.7927,4.7927,556.322,529.659,0.00075315
1536x5120x5120,compute_bound,0.0,0.0,595.027,595.027,0.00033623
1536x5120x13824,compute_bound,0.0,0.0,609.855,609.855,0.00090781
1536x6656x4096,compute_bound,3.2781,3.2781,560.565,542.189,0.00034968
1536x8192x1280,compute_bound,4.2383,4.2383,536.324,513.593,0.00013449
1536x8192x4096,compute_bound,0.4198,0.4198,596.776,594.271,0.00043037
1536x8192x8192,compute_bound,0.0,0.0,611.864,611.864,0.00086074
1536x8192x28672,compute_bound,2.7577,2.7577,584.653,568.53,0.0030126
1536x11008x4096,compute_bound,0.1155,0.1155,560.901,560.253,0.00057831
1536x13312x16384,compute_bound,0.0,0.0,569.84,569.84,0.00279741
1536x13824x5120,compute_bound,0.0,0.0,579.661,579.661,0.00090781
1536x14336x4096,compute_bound,0.0,0.0,591.646,591.646,0.00075315
1536x16384x13312,compute_bound,0.0,0.0,578.475,578.475,0.00279741
1536x16384x16384,compute_bound,0.0,0.0,578.678,578.678,0.00344297
1536x28672x8192,compute_bound,0.0,0.0,567.98,567.98,0.0030126
1792x3072x3072,compute_bound,13.3387,13.3387,514.556,445.921,0.00014122
1792x4096x4096,compute_bound,1.8757,1.8757,578.14,567.296,0.00025105
1792x4096x14336,compute_bound,0.8829,0.8829,589.741,584.534,0.00087867
1792x5120x5120,compute_bound,5.0337,5.0337,527.727,501.163,0.00039227
1792x8192x8192,compute_bound,0.0,0.0,587.579,587.579,0.0010042
1792x14336x4096,compute_bound,0.0,0.0,580.493,580.493,0.00087867
2048x128x128,compute_bound,0.6951,0.6951,5.323,5.286,2.8e-07
2048x256x256,compute_bound,1.2006,1.2006,21.406,21.149,1.12e-06
2048x512x512,compute_bound,1.6105,1.6105,84.507,83.146,4.48e-06
2048x1024x1024,compute_bound,28.3923,28.3923,334.552,239.565,1.793e-05
2048x1280x8192,compute_bound,13.0909,13.0909,414.746,360.452,0.00017932
2048x2048x2048,compute_bound,9.6405,9.6405,532.972,481.591,7.173e-05
2048x3072x3072,compute_bound,5.6214,5.6214,530.028,500.233,0.00016139
2048x4096x4096,compute_bound,5.2277,5.2277,635.179,601.974,0.00028691
2048x4096x6656,compute_bound,5.2631,5.2631,644.311,610.4,0.00046624
2048x4096x8192,compute_bound,4.2596,4.2596,646.006,618.489,0.00057383
2048x4096x11008,compute_bound,2.9817,2.9817,639.363,620.299,0.00077108
2048x4096x14336,compute_bound,3.7694,3.7694,645.776,621.434,0.0010042
2048x5120x5120,compute_bound,1.5109,1.5109,566.741,558.178,0.0004483
2048x5120x13824,compute_bound,2.3758,2.3758,586.621,572.684,0.00121042
2048x6656x4096,compute_bound,0.0,0.0,554.178,554.178,0.00046624
2048x8192x1280,compute_bound,0.0,0.0,531.121,531.121,0.00017932
2048x8192x4096,compute_bound,0.0545,0.0545,596.817,596.492,0.00057383
2048x8192x8192,compute_bound,0.0,0.0,617.002,617.002,0.00114766
2048x8192x28672,compute_bound,0.0,0.0,581.252,581.252,0.0040168
2048x11008x4096,compute_bound,0.0,0.0,584.891,584.891,0.00077108
2048x13312x16384,compute_bound,0.0,0.0,569.971,569.971,0.00372989
2048x13824x5120,compute_bound,0.0,0.0,606.857,606.857,0.00121042
2048x14336x4096,compute_bound,0.0,0.0,608.933,608.933,0.0010042
2048x16384x13312,compute_bound,0.0,0.0,584.6,584.6,0.00372989
2048x16384x16384,compute_bound,0.0,0.0,585.701,585.701,0.00459063
2048x28672x8192,compute_bound,0.0,0.0,583.409,583.409,0.0040168
2560x3072x3072,compute_bound,1.4058,1.4058,600.512,592.07,0.00020174
2560x4096x4096,compute_bound,3.6531,3.6531,571.107,550.244,0.00035864
2560x4096x14336,compute_bound,3.1258,3.1258,592.681,574.155,0.00125525
2560x5120x5120,compute_bound,0.0,0.0,544.124,544.124,0.00056038
2560x8192x8192,compute_bound,0.0,0.0,621.092,621.092,0.00143457
2560x14336x4096,compute_bound,0.0,0.0,602.408,602.408,0.00125525
3072x128x128,compute_bound,1.7594,1.7594,8.071,7.929,4.2e-07
3072x256x256,compute_bound,2.8209,2.8209,32.259,31.349,1.68e-06
3072x512x512,compute_bound,0.1609,0.1609,124.935,124.734,6.72e-06
3072x1024x1024,compute_bound,11.894,11.894,391.205,344.675,2.69e-05
3072x1280x8192,compute_bound,2.05,2.05,528.528,517.693,0.00026898
3072x2048x2048,compute_bound,10.0176,10.0176,539.533,485.485,0.00010759
3072x3072x3072,compute_bound,4.0424,4.0424,526.523,505.239,0.00024208
3072x4096x4096,compute_bound,1.5899,1.5899,606.938,597.288,0.00043037
3072x4096x6656,compute_bound,1.2964,1.2964,617.172,609.171,0.00069935
3072x4096x8192,compute_bound,0.0,0.0,616.541,616.541,0.00086074
3072x4096x11008,compute_bound,0.2569,0.2569,616.129,614.546,0.00115662
3072x4096x14336,compute_bound,0.3539,0.3539,619.176,616.985,0.0015063
3072x5120x5120,compute_bound,0.0,0.0,595.226,595.226,0.00067246
3072x5120x13824,compute_bound,0.0,0.0,612.354,612.354,0.00181563
3072x6656x4096,compute_bound,0.0,0.0,600.399,600.399,0.00069935
3072x8192x1280,compute_bound,1.3449,1.3449,550.528,543.124,0.00026898
3072x8192x4096,compute_bound,0.0,0.0,605.22,605.22,0.00086074
3072x8192x8192,compute_bound,0.0,0.0,619.029,619.029,0.00172149
3072x8192x28672,compute_bound,0.0,0.0,582.041,582.041,0.0060252
3072x11008x4096,compute_bound,0.0,0.0,589.34,589.34,0.00115662
3072x13312x16384,compute_bound,0.0,0.0,577.782,577.782,0.00559483
3072x13824x5120,compute_bound,0.0166,0.0166,596.179,596.08,0.00181563
3072x14336x4096,compute_bound,0.0,0.0,600.516,600.516,0.0015063
3072x16384x13312,compute_bound,0.0,0.0,585.413,585.413,0.00559483
3072x16384x16384,compute_bound,0.0,0.0,585.453,585.453,0.00688594
3072x28672x8192,compute_bound,0.0,0.0,583.437,583.437,0.0060252
3584x3072x3072,compute_bound,2.2356,2.2356,575.999,563.122,0.00028243
3584x4096x4096,compute_bound,0.0,0.0,580.275,580.275,0.0005021
3584x4096x14336,compute_bound,0.0,0.0,594.338,594.338,0.00175735
3584x5120x5120,compute_bound,0.0,0.0,584.546,584.546,0.00078453
3584x8192x8192,compute_bound,0.0,0.0,623.131,623.131,0.0020084
3584x14336x4096,compute_bound,0.0,0.0,597.019,597.019,0.00175735
4096x128x128,compute_bound,1.8814,1.8814,10.79,10.587,5.6e-07
4096x256x256,compute_bound,0.0,0.0,42.554,42.554,2.24e-06
4096x512x512,compute_bound,1.5862,1.5862,170.344,167.642,8.97e-06
4096x1024x1024,compute_bound,5.7532,5.7532,457.414,431.098,3.586e-05
4096x1280x8192,compute_bound,13.4437,13.4437,517.06,447.548,0.00035864
4096x2048x2048,compute_bound,0.0,0.0,606.895,606.895,0.00014346
4096x3072x3072,compute_bound,0.0,0.0,613.861,613.861,0.00032278
4096x4096x256,compute_bound,4.822,4.822,402.677,383.26,3.586e-05
4096x4096x512,compute_bound,1.748,1.748,492.977,484.36,7.173e-05
4096x4096x768,compute_bound,2.7884,2.7884,527.103,512.405,0.00010759
4096x4096x1024,compute_bound,3.7527,3.7527,549.423,528.805,0.00014346
4096x4096x1536,compute_bound,0.0138,0.0138,559.935,559.858,0.00021519
4096x4096x2048,compute_bound,0.0,0.0,577.72,577.72,0.00028691
4096x4096x3072,compute_bound,0.0,0.0,602.265,602.265,0.00043037
4096x4096x4096,compute_bound,0.0,0.0,607.229,607.229,0.00057383
4096x4096x5120,compute_bound,0.0,0.0,614.513,614.513,0.00071729
4096x4096x6144,compute_bound,0.0,0.0,615.258,615.258,0.00086074
4096x4096x6656,compute_bound,0.0,0.0,616.565,616.565,0.00093247
4096x4096x7168,compute_bound,0.0,0.0,615.872,615.872,0.0010042
4096x4096x8192,compute_bound,0.0,0.0,620.027,620.027,0.00114766
4096x4096x10240,compute_bound,0.0,0.0,621.941,621.941,0.00143457
4096x4096x11008,compute_bound,0.0,0.0,623.913,623.913,0.00154216
4096x4096x12288,compute_bound,0.0,0.0,622.466,622.466,0.00172149
4096x4096x14336,compute_bound,0.0,0.0,626.62,626.62,0.0020084
4096x4096x16384,compute_bound,0.0,0.0,610.7,610.7,0.00229531
4096x5120x5120,compute_bound,0.0,0.0,607.811,607.811,0.00089661
4096x5120x13824,compute_bound,0.0,0.0,615.466,615.466,0.00242084
4096x6656x4096,compute_bound,0.0,0.0,593.623,593.623,0.00093247
4096x8192x1280,compute_bound,0.2488,0.2488,547.821,546.458,0.00035864
4096x8192x4096,compute_bound,0.0,0.0,605.665,605.665,0.00114766
4096x8192x8192,compute_bound,0.0,0.0,622.203,622.203,0.00229531
4096x8192x28672,compute_bound,0.0,0.0,582.565,582.565,0.0080336
4096x11008x4096,compute_bound,0.0,0.0,605.989,605.989,0.00154216
4096x13312x16384,compute_bound,0.0,0.0,582.984,582.984,0.00745977
4096x13824x5120,compute_bound,0.0812,0.0812,604.345,603.854,0.00242084
4096x14336x4096,compute_bound,0.0,0.0,608.242,608.242,0.0020084
4096x16384x13312,compute_bound,0.0,0.0,585.607,585.607,0.00745977
4096x16384x16384,compute_bound,0.0,0.0,584.714,584.714,0.00918126
4096x28672x8192,compute_bound,0.0,0.0,582.42,582.42,0.0080336
5120x3072x3072,compute_bound,0.2854,0.2854,593.98,592.285,0.00040347
5120x4096x4096,compute_bound,0.1596,0.1596,601.523,600.563,0.00071729
5120x4096x14336,compute_bound,0.0,0.0,610.826,610.826,0.0025105
5120x5120x5120,compute_bound,0.0,0.0,589.773,589.773,0.00112076
5120x8192x8192,compute_bound,0.0,0.0,617.726,617.726,0.00286914
5120x14336x4096,compute_bound,0.3746,0.3746,602.277,600.021,0.0025105
6144x128x128,compute_bound,1.0731,1.0731,15.935,15.764,8.4e-07
6144x256x256,compute_bound,1.8884,1.8884,63.968,62.76,3.36e-06
6144x512x512,compute_bound,1.7445,1.7445,251.652,247.262,1.345e-05
6144x1024x1024,compute_bound,10.3704,10.3704,494.177,442.929,5.38e-05
6144x1280x8192,compute_bound,0.0,0.0,630.818,630.818,0.00053796
6144x2048x2048,compute_bound,0.0,0.0,613.425,613.425,0.00021519
6144x3072x3072,compute_bound,0.0,0.0,592.651,592.651,0.00048417
6144x4096x4096,compute_bound,0.9601,0.9601,608.572,602.729,0.00086074
6144x4096x6656,compute_bound,0.0,0.0,616.056,616.056,0.00139871
6144x4096x8192,compute_bound,0.0,0.0,619.85,619.85,0.00172149
6144x4096x11008,compute_bound,0.0,0.0,616.464,616.464,0.00231325
6144x4096x14336,compute_bound,0.0,0.0,609.04,609.04,0.0030126
6144x5120x5120,compute_bound,0.0,0.0,597.613,597.613,0.00134491
6144x5120x13824,compute_bound,0.0,0.0,599.813,599.813,0.00363126
6144x6656x4096,compute_bound,0.0,0.0,597.447,597.447,0.00139871
6144x8192x1280,compute_bound,0.8977,0.8977,554.174,549.199,0.00053796
6144x8192x4096,compute_bound,0.0,0.0,609.642,609.642,0.00172149
6144x8192x8192,compute_bound,0.0,0.0,616.176,616.176,0.00344297
6144x8192x28672,compute_bound,0.0231,0.0231,580.278,580.144,0.0120504
6144x11008x4096,compute_bound,0.3971,0.3971,598.02,595.645,0.00231325
6144x13312x16384,compute_bound,0.0,0.0,577.861,577.861,0.01118966
6144x13824x5120,compute_bound,0.2249,0.2249,602.85,601.494,0.00363126
6144x14336x4096,compute_bound,0.0,0.0,603.411,603.411,0.0030126
6144x16384x13312,compute_bound,0.0,0.0,584.671,584.671,0.01118966
6144x16384x16384,compute_bound,0.0,0.0,582.424,582.424,0.01377188
6144x28672x8192,compute_bound,0.0,0.0,580.859,580.859,0.0120504
7168x3072x3072,compute_bound,0.0,0.0,586.402,586.402,0.00056486
7168x4096x4096,compute_bound,0.0,0.0,604.787,604.787,0.0010042
7168x4096x14336,compute_bound,0.0,0.0,607.788,607.788,0.0035147
7168x5120x5120,compute_bound,0.0,0.0,604.297,604.297,0.00156906
7168x8192x8192,compute_bound,0.0,0.0,614.1,614.1,0.0040168
7168x14336x4096,compute_bound,0.152,0.152,600.044,599.132,0.0035147
8192x128x128,compute_bound,1.8772,1.8772,21.521,21.117,1.12e-06
8192x256x256,compute_bound,1.4513,1.4513,85.167,83.931,4.48e-06
8192x512x512,compute_bound,0.0,0.0,334.178,334.178,1.793e-05
8192x1024x1024,compute_bound,0.6243,0.6243,557.431,553.951,7.173e-05
8192x1280x8192,compute_bound,2.516,2.516,593.246,578.32,0.00071729
8192x2048x2048,compute_bound,0.0,0.0,621.715,621.715,0.00028691
8192x3072x3072,compute_bound,0.0,0.0,621.706,621.706,0.00064556
8192x4096x4096,compute_bound,0.3225,0.3225,604.935,602.984,0.00114766
8192x4096x6656,compute_bound,0.0,0.0,617.008,617.008,0.00186494
8192x4096x8192,compute_bound,0.0,0.0,617.667,617.667,0.00229531
8192x4096x11008,compute_bound,0.0,0.0,610.168,610.168,0.00308433
8192x4096x14336,compute_bound,0.0,0.0,610.115,610.115,0.0040168
8192x5120x5120,compute_bound,0.0,0.0,607.787,607.787,0.00179321
8192x5120x13824,compute_bound,0.0,0.0,610.248,610.248,0.00484168
8192x6656x4096,compute_bound,0.0,0.0,603.253,603.253,0.00186494
8192x8192x1280,compute_bound,0.0,0.0,559.366,559.366,0.00071729
8192x8192x4096,compute_bound,0.0,0.0,610.127,610.127,0.00229531
8192x8192x8192,compute_bound,0.0,0.0,614.445,614.445,0.00459063
8192x8192x28672,compute_bound,0.9235,0.9235,580.812,575.448,0.0160672
8192x11008x4096,compute_bound,0.6398,0.6398,602.216,598.363,0.00308433
8192x13312x16384,compute_bound,0.0,0.0,580.728,580.728,0.01491954
8192x13824x5120,compute_bound,0.4754,0.4754,608.35,605.458,0.00484168
8192x14336x4096,compute_bound,0.4335,0.4335,604.157,601.538,0.0040168
8192x16384x13312,compute_bound,0.0,0.0,582.504,582.504,0.01491954
8192x16384x16384,compute_bound,0.6211,0.6211,582.039,578.424,0.01836251
8192x28672x8192,compute_bound,0.0,0.0,580.262,580.262,0.0160672
12288x128x128,compute_bound,0.1129,0.1129,31.889,31.853,1.68e-06
12288x256x256,compute_bound,0.0,0.0,126.625,126.625,6.72e-06
12288x512x512,compute_bound,9.557,9.557,412.505,373.082,2.69e-05
12288x1024x1024,compute_bound,1.3238,1.3238,581.637,573.937,0.00010759
12288x1280x8192,compute_bound,0.0,0.0,644.556,644.556,0.00107593
12288x2048x2048,compute_bound,0.0,0.0,629.496,629.496,0.00043037
12288x3072x3072,compute_bound,0.0,0.0,623.285,623.285,0.00096834
12288x4096x4096,compute_bound,0.3159,0.3159,608.391,606.469,0.00172149
12288x4096x6656,compute_bound,0.0,0.0,606.12,606.12,0.00279741
12288x4096x8192,compute_bound,0.0,0.0,608.277,608.277,0.00344297
12288x4096x11008,compute_bound,0.0,0.0,610.56,610.56,0.00462649
12288x4096x14336,compute_bound,0.0,0.0,610.511,610.511,0.0060252
12288x5120x5120,compute_bound,0.3647,0.3647,606.0,603.79,0.00268982
12288x5120x13824,compute_bound,0.0084,0.0084,610.181,610.13,0.00726252
12288x6656x4096,compute_bound,0.1147,0.1147,599.177,598.49,0.00279741
12288x8192x1280,compute_bound,1.7031,1.7031,561.901,552.331,0.00107593
12288x8192x4096,compute_bound,0.4639,0.4639,604.688,601.883,0.00344297
12288x8192x8192,compute_bound,0.0,0.0,615.939,615.939,0.00688594
12288x8192x28672,compute_bound,1.5307,1.5307,584.3,575.356,0.0241008
12288x11008x4096,compute_bound,0.1834,0.1834,598.294,597.197,0.00462649
12288x13312x16384,compute_bound,0.8805,0.8805,580.894,575.779,0.02237931
12288x13824x5120,compute_bound,0.7189,0.7189,607.613,603.245,0.00726252
12288x14336x4096,compute_bound,0.1281,0.1281,604.032,603.258,0.0060252
12288x16384x13312,compute_bound,0.1144,0.1144,583.136,582.469,0.02237931
12288x16384x16384,compute_bound,1.4323,1.4323,583.946,575.582,0.02754377
12288x28672x8192,compute_bound,0.3308,0.3308,580.416,578.496,0.0241008
16384x128x128,compute_bound,1.2489,1.2489,42.836,42.301,2.24e-06
16384x256x256,compute_bound,1.4085,1.4085,169.751,167.36,8.97e-06
16384x512x512,compute_bound,0.0,0.0,458.86,458.86,3.586e-05
16384x1024x1024,compute_bound,0.8496,0.8496,597.424,592.348,0.00014346
16384x1280x8192,compute_bound,0.0,0.0,651.969,651.969,0.00143457
16384x2048x2048,compute_bound,0.0,0.0,629.271,629.271,0.00057383
16384x3072x3072,compute_bound,0.0,0.0,628.127,628.127,0.00129111
16384x4096x4096,compute_bound,0.3454,0.3454,606.757,604.661,0.00229531
16384x4096x6656,compute_bound,0.0,0.0,604.877,604.877,0.00372989
16384x4096x8192,compute_bound,0.0,0.0,609.449,609.449,0.00459063
16384x4096x11008,compute_bound,0.0,0.0,610.834,610.834,0.00616866
16384x4096x14336,compute_bound,0.0,0.0,611.121,611.121,0.0080336
16384x5120x5120,compute_bound,0.0018,0.0018,600.434,600.423,0.00358643
16384x5120x13824,compute_bound,0.2776,0.2776,611.722,610.024,0.00968336
16384x6656x4096,compute_bound,0.0,0.0,596.275,596.275,0.00372989
16384x8192x1280,compute_bound,1.1805,1.1805,559.77,553.162,0.00143457
16384x8192x4096,compute_bound,0.2632,0.2632,604.485,602.894,0.00459063
16384x8192x8192,compute_bound,0.3939,0.3939,618.109,615.674,0.00918126
16384x8192x28672,compute_bound,4.4039,4.4039,586.021,560.213,0.0321344
16384x11008x4096,compute_bound,0.11,0.11,602.598,601.935,0.00616866
16384x13312x16384,compute_bound,2.7698,2.7698,582.205,566.079,0.02983908
16384x13824x5120,compute_bound,0.6712,0.6712,610.06,605.965,0.00968336
16384x14336x4096,compute_bound,0.3852,0.3852,605.884,603.55,0.0080336
16384x16384x13312,compute_bound,2.7801,2.7801,583.87,567.638,0.02983908
16384x16384x16384,compute_bound,4.8071,4.8071,584.43,556.336,0.03672502
16384x28672x8192,compute_bound,1.8816,1.8816,580.473,569.551,0.0321344
