shape,category,oracle_tflops,n_tiles,k3_regret_pct,k5_regret_pct,top1_regret_pct
1024x1024x1024,compute_bound,169.025,18,1.67,2.16,1.53
1024x11008x4096,compute_bound,577.202,18,1.29,5.07,0.96
1024x1280x8192,compute_bound,315.491,18,9.1,20.23,0.02
1024x128x128,compute_bound,2.675,18,1.05,1.38,0.97
1024x13312x16384,compute_bound,548.269,18,3.76,4.09,0.43
1024x13824x5120,compute_bound,572.659,18,1.74,1.83,0.43
1024x14336x4096,compute_bound,580.479,18,2.5,3.77,0.89
1024x16384x13312,compute_bound,585.444,18,2.42,7.1,0.38
1024x16384x16384,compute_bound,587.059,18,2.01,6.98,0.56
1024x2048x2048,compute_bound,375.828,18,5.27,9.49,3.71
1024x256x256,compute_bound,10.724,18,1.15,2.01,1.07
1024x28672x8192,compute_bound,583.519,18,2.84,4.93,0.01
1024x3072x3072,compute_bound,426.509,18,8.93,10.06,7.03
1024x4096x1024,compute_bound,401.848,18,6.05,6.08,0.35
1024x4096x10240,compute_bound,539.75,18,1.18,7.72,0.76
1024x4096x11008,compute_bound,540.034,18,0.38,7.45,0.32
1024x4096x12288,compute_bound,540.601,18,0.24,7.28,0.19
1024x4096x14336,compute_bound,543.674,18,1.14,7.37,0.02
1024x4096x1536,compute_bound,455.996,18,8.66,8.74,8.44
1024x4096x16384,compute_bound,545.907,18,0.75,7.63,0.18
1024x4096x2048,compute_bound,477.14,18,5.42,8.16,1.69
1024x4096x256,compute_bound,168.135,18,0.37,0.91,0.16
1024x4096x3072,compute_bound,504.169,18,4.85,8.47,4.84
1024x4096x4096,compute_bound,524.927,18,5.05,9.8,4.91
1024x4096x512,compute_bound,329.057,18,0.79,1.62,0.75
1024x4096x5120,compute_bound,527.168,18,2.93,8.78,2.87
1024x4096x6144,compute_bound,526.01,18,1.73,7.33,1.31
1024x4096x6656,compute_bound,531.89,18,2.59,7.99,2.5
1024x4096x7168,compute_bound,533.945,18,2.32,8.13,2.08
1024x4096x768,compute_bound,376.606,18,5.05,6.25,2.93
1024x4096x8192,compute_bound,536.738,18,1.65,8.03,1.54
1024x5120x13824,compute_bound,522.276,18,13.13,15.78,13.04
1024x5120x5120,compute_bound,520.548,18,15.79,18.31,15.12
1024x512x512,compute_bound,42.182,18,1.3,1.71,0.62
1024x6656x4096,compute_bound,536.036,18,2.41,3.31,0.04
1024x8192x1280,compute_bound,501.709,18,0.15,0.71,0.1
1024x8192x28672,compute_bound,579.958,18,1.26,8.4,0.56
1024x8192x4096,compute_bound,592.838,18,0.59,4.74,0.21
1024x8192x8192,compute_bound,612.78,18,0.72,3.1,0.7
10x14336x4096,small_batch,33.3894,43,18.7,22.16,9.39
10x4096x14336,small_batch,12.6253,43,5.03,11.44,4.36
10x4096x4096,small_batch,11.2132,43,0.67,7.32,0.0
10x8192x8192,small_batch,22.577,43,11.61,16.49,6.55
112x14336x4096,medium_batch,210.3423,43,9.92,10.85,3.16
112x4096x14336,medium_batch,119.4846,43,10.31,15.96,7.32
112x4096x4096,medium_batch,119.2025,43,15.65,21.61,9.96
112x8192x8192,medium_batch,177.2562,43,8.95,11.64,4.9
11x14336x4096,small_batch,36.7283,43,18.48,22.3,9.39
11x4096x14336,small_batch,13.7753,43,4.29,10.17,3.74
11x4096x4096,small_batch,12.3506,43,0.67,6.98,0.27
11x8192x8192,small_batch,24.8179,43,11.55,16.43,5.89
12288x1024x1024,compute_bound,581.637,18,1.52,2.77,1.32
12288x11008x4096,compute_bound,598.294,18,0.35,1.29,0.18
12288x1280x8192,compute_bound,644.556,18,1.2,3.87,0.26
12288x128x128,compute_bound,31.889,18,0.36,0.6,0.11
12288x13312x16384,compute_bound,580.894,18,0.95,1.61,0.88
12288x13824x5120,compute_bound,607.613,18,0.77,1.87,0.72
12288x14336x4096,compute_bound,604.032,18,0.37,1.7,0.13
12288x16384x13312,compute_bound,583.136,18,0.32,1.31,0.11
12288x16384x16384,compute_bound,583.946,18,1.34,1.51,1.31
12288x2048x2048,compute_bound,629.496,18,1.86,2.64,0.4
12288x256x256,compute_bound,126.625,18,0.53,1.33,0.34
12288x28672x8192,compute_bound,580.416,18,0.36,1.89,0.33
12288x3072x3072,compute_bound,623.285,18,0.57,1.02,0.14
12288x4096x11008,compute_bound,610.56,18,0.17,2.2,0.07
12288x4096x14336,compute_bound,610.511,18,0.55,2.51,0.03
12288x4096x4096,compute_bound,608.391,18,0.35,1.75,0.32
12288x4096x6656,compute_bound,606.12,18,0.15,1.22,0.03
12288x4096x8192,compute_bound,608.277,18,0.51,2.43,0.47
12288x5120x13824,compute_bound,610.181,18,0.08,2.04,0.01
12288x5120x5120,compute_bound,606.0,18,0.47,1.9,0.36
12288x512x512,compute_bound,412.505,18,7.37,9.34,6.71
12288x6656x4096,compute_bound,599.177,18,0.48,1.97,0.11
12288x8192x1280,compute_bound,561.901,18,1.61,1.74,1.31
12288x8192x28672,compute_bound,584.3,18,1.58,1.63,1.53
12288x8192x4096,compute_bound,604.688,18,0.59,1.63,0.46
12288x8192x8192,compute_bound,615.939,18,0.2,1.65,0.05
1280x14336x4096,compute_bound,584.528,18,1.52,2.37,1.25
1280x3072x3072,compute_bound,507.444,18,7.55,13.33,7.41
1280x4096x14336,compute_bound,524.974,18,13.28,14.43,13.27
1280x4096x4096,compute_bound,508.871,18,13.43,13.75,10.92
1280x5120x5120,compute_bound,530.573,18,2.9,3.3,0.07
1280x8192x8192,compute_bound,570.843,18,1.9,3.21,0.2
128x1024x1024,medium_batch,21.27,18,1.68,2.25,1.17
128x1024x4096,medium_batch,38.4014,43,9.7,17.59,8.04
128x1024x8192,medium_batch,41.5237,43,13.82,18.19,10.16
128x11008x2048,medium_batch,178.5252,43,8.19,15.05,6.27
128x11008x3584,medium_batch,220.1946,43,14.04,22.48,12.73
128x11008x4096,medium_batch,316.146,61,15.95,18.0,1.21
128x11008x5120,medium_batch,232.2218,43,13.59,23.41,11.78
128x11008x7168,medium_batch,240.5737,43,14.45,24.06,13.32
128x11008x8192,medium_batch,246.6948,43,15.49,23.49,14.99
128x1280x8192,medium_batch,59.874,18,34.69,44.74,0.16
128x128x128,medium_batch,0.338,61,0.89,1.18,0.59
128x128x256,medium_batch,0.3719,43,1.21,1.21,1.05
128x128x64,medium_batch,0.0922,43,2.82,2.82,1.74
128x128x80,medium_batch,0.1136,43,0.0,0.35,0.0
128x128x96,medium_batch,0.1423,43,3.16,3.16,1.12
128x13312x16384,medium_batch,293.279,61,16.36,17.01,0.36
128x13312x2048,medium_batch,200.7167,43,7.66,9.3,0.57
128x13312x3584,medium_batch,220.295,43,7.92,11.62,0.5
128x13312x4096,medium_batch,261.0068,43,16.35,23.28,5.92
128x13312x5120,medium_batch,260.5002,43,13.28,20.49,6.64
128x13312x7168,medium_batch,266.395,43,13.1,18.77,1.97
128x13312x8192,medium_batch,268.3452,43,11.76,18.54,1.52
128x13824x5120,medium_batch,376.459,18,12.66,13.88,2.23
128x1408x4096,medium_batch,51.7616,43,6.44,14.42,4.69
128x1408x7168,medium_batch,54.8438,43,7.55,14.66,1.75
128x1408x8192,medium_batch,56.4825,43,4.74,15.81,0.61
128x14336x2048,medium_batch,205.0579,43,2.04,3.48,1.83
128x14336x3584,medium_batch,244.1228,43,10.69,12.44,6.86
128x14336x4096,medium_batch,380.48,61,13.49,17.99,7.35
128x14336x5120,medium_batch,274.791,43,13.83,20.38,6.31
128x14336x7168,medium_batch,278.9679,43,16.79,18.46,4.0
128x14336x8192,medium_batch,281.5106,43,13.22,21.86,0.3
128x16384x13312,medium_batch,343.863,18,12.39,18.32,1.73
128x16384x16384,medium_batch,347.438,61,13.42,18.06,2.12
128x16384x2048,medium_batch,219.254,43,5.6,7.65,1.71
128x16384x3584,medium_batch,262.414,43,6.78,11.73,5.8
128x16384x4096,medium_batch,272.2901,43,10.0,15.23,0.32
128x16384x5120,medium_batch,284.9936,43,10.39,16.84,3.14
128x16384x6656,medium_batch,297.6891,43,14.34,17.95,0.59
128x16384x7168,medium_batch,294.3141,43,11.55,16.86,6.93
128x16384x8192,medium_batch,275.7935,43,9.54,15.12,2.66
128x2048x11008,medium_batch,74.4923,43,13.39,17.6,11.85
128x2048x13312,medium_batch,75.8812,43,14.01,17.65,11.73
128x2048x14336,medium_batch,75.9303,43,13.81,18.04,12.25
128x2048x16384,medium_batch,75.4768,43,14.17,15.37,11.72
128x2048x2048,medium_batch,83.383,61,1.32,18.09,0.14
128x2048x22016,medium_batch,75.6468,43,14.4,18.63,13.51
128x2048x27648,medium_batch,76.1627,43,13.6,16.71,13.57
128x2048x4096,medium_batch,69.8005,43,14.48,16.43,13.32
128x2048x5504,medium_batch,71.8206,43,14.49,16.14,10.77
128x2048x7168,medium_batch,73.5785,43,14.37,15.28,10.84
128x2048x8192,medium_batch,74.0946,43,13.66,15.08,12.04
128x22016x2048,medium_batch,245.4332,43,9.41,19.64,3.38
128x22016x3584,medium_batch,264.9706,43,9.16,16.61,3.55
128x22016x4096,medium_batch,280.4253,43,9.87,21.35,7.52
128x22016x5120,medium_batch,280.5091,43,11.51,16.3,7.99
128x22016x7168,medium_batch,243.4191,43,10.05,19.94,8.82
128x22016x8192,medium_batch,236.5676,43,8.92,18.13,8.58
128x256x128,medium_batch,0.3759,43,2.95,3.78,1.06
128x256x256,medium_batch,1.339,18,0.82,2.24,0.15
128x27648x2048,medium_batch,266.6528,43,9.05,11.36,4.77
128x27648x3584,medium_batch,310.256,43,10.64,17.47,8.06
128x27648x4096,medium_batch,313.2878,43,9.91,18.4,8.44
128x27648x5120,medium_batch,265.4409,43,6.22,9.36,3.95
128x27648x7168,medium_batch,269.9796,43,10.92,16.14,10.1
128x27648x8192,medium_batch,257.7725,43,7.31,11.1,6.26
128x2816x4096,medium_batch,92.9515,43,15.82,21.49,15.01
128x2816x7168,medium_batch,98.1683,43,17.57,21.03,13.84
128x2816x8192,medium_batch,97.1776,43,15.58,18.92,12.21
128x28672x8192,medium_batch,379.688,18,1.86,7.94,0.4
128x3072x3072,medium_batch,128.5,18,32.24,32.48,0.03
128x3584x11008,medium_batch,118.0348,43,10.52,16.37,8.84
128x3584x13312,medium_batch,117.401,43,11.91,14.85,8.27
128x3584x14336,medium_batch,117.0569,43,11.37,14.46,7.18
128x3584x16384,medium_batch,117.2289,43,10.54,13.95,6.68
128x3584x22016,medium_batch,115.6784,43,8.71,12.71,5.47
128x3584x27648,medium_batch,116.1899,43,9.95,12.52,5.35
128x3584x3584,medium_batch,113.223,43,12.44,18.9,11.26
128x3584x5504,medium_batch,119.2627,43,15.03,19.99,13.43
128x3584x8192,medium_batch,117.5599,43,12.55,16.26,8.7
128x4096x1024,medium_batch,85.075,18,1.99,2.46,0.64
128x4096x10240,medium_batch,188.708,18,34.7,43.93,0.01
128x4096x11008,medium_batch,188.736,61,29.06,34.57,0.06
128x4096x12288,medium_batch,190.222,18,34.82,44.03,0.08
128x4096x13312,medium_batch,134.4841,43,9.82,17.56,9.78
128x4096x14336,medium_batch,191.223,61,29.11,34.92,0.09
128x4096x1536,medium_batch,126.418,18,0.39,2.34,0.03
128x4096x16384,medium_batch,191.543,61,29.06,34.99,0.08
128x4096x2048,medium_batch,163.626,18,29.39,32.97,0.26
128x4096x22016,medium_batch,136.1716,43,10.81,16.84,10.19
128x4096x256,medium_batch,21.493,18,1.76,2.12,1.68
128x4096x27648,medium_batch,132.862,43,8.21,14.36,6.94
128x4096x3072,medium_batch,172.604,18,29.9,33.55,0.21
128x4096x4096,medium_batch,178.339,61,31.14,33.9,0.19
128x4096x512,medium_batch,42.398,18,0.08,0.57,0.04
128x4096x5120,medium_batch,180.81,18,33.88,43.17,0.17
128x4096x5504,medium_batch,131.3315,43,10.96,17.7,7.19
128x4096x6144,medium_batch,184.097,18,34.43,43.53,0.26
128x4096x6656,medium_batch,184.512,18,34.31,43.48,0.08
128x4096x7168,medium_batch,185.375,61,24.75,34.4,0.16
128x4096x768,medium_batch,63.936,18,1.07,2.14,0.22
128x4096x8192,medium_batch,186.887,61,28.87,34.6,0.03
128x5120x11008,medium_batch,139.71,43,6.59,10.24,1.19
128x5120x13312,medium_batch,141.6914,43,7.02,11.16,2.81
128x5120x13824,medium_batch,227.209,18,32.8,41.84,0.0
128x5120x14336,medium_batch,143.5319,43,8.02,12.62,1.03
128x5120x16384,medium_batch,143.1818,43,6.96,10.32,3.16
128x5120x22016,medium_batch,144.6769,43,7.04,11.84,2.39
128x5120x27648,medium_batch,120.0083,43,8.22,10.41,1.43
128x5120x5120,medium_batch,213.861,61,31.45,37.68,0.05
128x5120x5504,medium_batch,134.2927,43,4.69,5.96,1.69
128x5120x8192,medium_batch,136.6832,43,6.17,7.85,0.15
128x512x512,medium_batch,5.391,18,2.39,2.93,2.24
128x5504x2048,medium_batch,120.0616,43,8.12,9.23,1.8
128x5504x3584,medium_batch,139.7598,43,8.61,11.92,5.95
128x5504x4096,medium_batch,141.6598,43,9.2,10.55,5.83
128x5504x5120,medium_batch,145.821,43,6.01,14.12,2.22
128x64x128,medium_batch,0.0928,43,1.08,1.72,0.65
128x6656x4096,medium_batch,269.273,18,31.97,39.91,3.31
128x7168x11008,medium_batch,183.8967,43,8.48,16.83,5.68
128x7168x13312,medium_batch,187.5672,43,9.94,16.21,6.98
128x7168x14336,medium_batch,186.877,43,9.69,14.79,6.19
128x7168x16384,medium_batch,189.7597,43,9.56,15.64,7.14
128x7168x22016,medium_batch,152.018,43,7.89,12.56,7.71
128x7168x27648,medium_batch,150.7701,43,9.22,15.91,8.59
128x7168x7168,medium_batch,178.0606,43,7.98,13.67,4.55
128x7168x8192,medium_batch,183.1386,43,11.11,14.02,5.1
128x80x128,medium_batch,0.1146,43,1.75,1.75,1.57
128x8192x11008,medium_batch,200.2364,43,9.41,14.47,0.45
128x8192x1280,medium_batch,209.265,18,1.57,1.93,0.85
128x8192x13312,medium_batch,202.762,43,7.28,12.66,2.5
128x8192x14336,medium_batch,204.4958,43,8.8,13.73,3.37
128x8192x16384,medium_batch,197.5856,43,12.0,13.71,6.59
128x8192x2048,medium_batch,171.2643,43,8.61,13.65,1.72
128x8192x22016,medium_batch,168.4283,43,9.12,11.9,7.97
128x8192x27648,medium_batch,169.1672,43,10.29,17.25,8.38
128x8192x28672,medium_batch,293.739,18,39.96,46.2,1.83
128x8192x3584,medium_batch,190.0957,43,7.24,14.47,2.85
128x8192x4096,medium_batch,326.764,61,25.15,35.15,3.49
128x8192x5120,medium_batch,196.941,43,11.91,16.45,0.0
128x8192x7168,medium_batch,198.4395,43,8.56,12.37,4.25
128x8192x8192,medium_batch,342.852,61,25.43,35.33,2.69
128x96x128,medium_batch,0.1354,43,0.66,1.18,0.15
12x11008x2048,small_batch,18.9164,43,2.06,2.72,0.56
12x11008x4096,small_batch,31.337,43,17.59,18.68,13.54
12x11008x5120,small_batch,32.1275,43,14.27,18.59,13.35
12x11008x7168,small_batch,32.8732,43,16.97,19.48,13.16
12x11008x8192,small_batch,33.3076,43,17.33,19.5,13.77
12x13312x2048,small_batch,22.7484,43,2.31,3.5,1.64
12x13312x4096,small_batch,37.5911,43,18.71,21.78,10.78
12x13312x5120,small_batch,38.0555,43,18.16,21.34,10.06
12x13312x7168,small_batch,39.398,43,19.43,23.55,11.63
12x13312x8192,small_batch,39.548,43,19.49,23.05,10.94
12x14336x2048,small_batch,25.1281,43,2.78,5.53,0.43
12x14336x4096,small_batch,40.0673,43,18.78,22.57,9.3
12x14336x5120,small_batch,40.8688,43,19.04,22.37,9.58
12x14336x7168,small_batch,41.6815,43,19.02,23.51,9.16
12x14336x8192,small_batch,41.756,43,18.52,23.48,8.67
12x16384x2048,small_batch,27.614,43,0.41,0.68,0.14
12x2048x11008,small_batch,8.2057,43,14.8,18.64,14.18
12x2048x13312,small_batch,8.2617,43,14.56,18.61,14.19
12x2048x14336,small_batch,8.2736,43,14.45,18.51,14.24
12x2048x16384,small_batch,8.3936,43,15.88,19.77,14.89
12x2048x2048,small_batch,3.5897,43,4.11,5.15,3.84
12x2048x27648,small_batch,8.4281,43,15.32,19.87,15.32
12x2048x5504,small_batch,7.7534,43,14.02,17.67,13.51
12x2048x8192,small_batch,8.1717,43,14.76,19.45,14.17
12x4096x11008,small_batch,14.7935,43,6.5,11.01,3.34
12x4096x13312,small_batch,15.1094,43,5.3,11.75,4.59
12x4096x14336,small_batch,14.875,43,3.74,10.04,2.99
12x4096x16384,small_batch,15.0694,43,3.54,10.62,3.19
12x4096x27648,small_batch,15.4864,43,5.66,12.52,4.86
12x4096x4096,small_batch,13.4379,43,2.1,7.77,0.27
12x4096x5504,small_batch,13.9242,43,2.9,8.49,1.32
12x4096x8192,small_batch,14.3589,43,2.23,8.62,1.76
12x5120x11008,small_batch,16.8577,43,7.52,11.33,0.94
12x5120x13312,small_batch,17.0068,43,8.25,11.47,0.5
12x5120x14336,small_batch,16.9459,43,6.79,10.95,0.15
12x5120x16384,small_batch,17.1406,43,7.97,11.15,0.68
12x5120x27648,small_batch,13.8824,43,5.42,8.37,1.48
12x5120x5120,small_batch,16.3597,43,4.29,10.86,0.62
12x5120x5504,small_batch,16.3594,43,7.28,10.65,5.41
12x5120x8192,small_batch,16.652,43,6.85,10.55,0.66
12x5504x2048,small_batch,9.3149,43,2.03,2.69,1.9
12x5504x4096,small_batch,17.6323,43,4.73,7.93,0.26
12x5504x5120,small_batch,19.2725,43,7.0,13.18,4.37
12x7168x11008,small_batch,22.9925,43,11.72,12.88,3.75
12x7168x13312,small_batch,23.1913,43,12.53,13.6,4.46
12x7168x14336,small_batch,23.2317,43,12.28,13.68,3.6
12x7168x16384,small_batch,23.344,43,12.76,13.27,5.04
12x7168x27648,small_batch,17.4092,43,9.63,13.74,3.82
12x7168x7168,small_batch,22.5179,43,11.18,12.71,3.73
12x7168x8192,small_batch,22.7257,43,12.59,12.94,2.21
12x8192x11008,small_batch,27.5498,43,11.94,19.5,8.06
12x8192x13312,small_batch,27.7542,43,11.84,17.49,5.42
12x8192x14336,small_batch,27.876,43,12.24,17.68,7.1
12x8192x16384,small_batch,27.2576,43,11.22,16.71,7.0
12x8192x2048,small_batch,13.6193,43,0.27,0.94,0.14
12x8192x27648,small_batch,20.4233,43,13.04,13.68,7.05
12x8192x4096,small_batch,25.4136,43,11.02,15.85,3.77
12x8192x5120,small_batch,26.0664,43,11.07,16.32,2.23
12x8192x7168,small_batch,26.8134,43,11.77,17.17,6.08
12x8192x8192,small_batch,27.1471,43,11.85,16.66,4.27
144x14336x4096,medium_batch,223.8383,43,13.21,17.46,5.79
144x4096x14336,medium_batch,143.7864,43,13.65,14.18,8.54
144x4096x4096,medium_batch,130.5373,43,9.5,12.67,1.17
144x8192x8192,medium_batch,207.155,43,13.1,18.85,6.39
1536x1024x1024,compute_bound,251.62,18,0.42,2.08,0.26
1536x11008x4096,compute_bound,560.901,18,1.15,3.76,0.12
1536x1280x8192,compute_bound,428.438,18,8.77,14.16,0.57
1536x128x128,compute_bound,4.023,18,0.87,1.62,0.17
1536x13312x16384,compute_bound,569.84,18,3.65,3.83,0.52
1536x13824x5120,compute_bound,579.661,18,0.48,1.78,0.23
1536x14336x4096,compute_bound,591.646,18,3.14,4.04,2.01
1536x16384x13312,compute_bound,578.475,18,2.28,2.71,0.22
1536x16384x16384,compute_bound,578.678,18,2.23,2.42,0.12
1536x2048x2048,compute_bound,422.637,18,5.52,7.6,4.31
1536x256x256,compute_bound,15.92,18,0.48,0.89,0.26
1536x28672x8192,compute_bound,567.98,18,2.71,2.93,0.04
1536x3072x3072,compute_bound,472.669,18,16.02,17.31,13.44
1536x4096x11008,compute_bound,556.927,18,5.43,8.24,5.38
1536x4096x14336,compute_bound,556.322,18,4.81,7.62,4.79
1536x4096x4096,compute_bound,541.065,18,5.6,8.55,5.24
1536x4096x6656,compute_bound,547.677,18,5.15,7.87,3.98
1536x4096x8192,compute_bound,567.269,18,7.65,10.51,7.53
1536x5120x13824,compute_bound,609.855,18,1.3,1.44,0.42
1536x5120x5120,compute_bound,595.027,18,0.77,2.4,0.09
1536x512x512,compute_bound,63.936,18,1.06,2.03,0.96
1536x6656x4096,compute_bound,560.565,18,3.28,6.99,2.56
1536x8192x1280,compute_bound,536.324,18,4.02,5.34,2.56
1536x8192x28672,compute_bound,584.653,18,3.02,6.84,2.76
1536x8192x4096,compute_bound,596.776,18,0.77,1.88,0.42
1536x8192x8192,compute_bound,611.864,18,0.23,0.64,0.14
160x14336x4096,medium_batch,315.779,61,2.22,6.73,0.99
160x3072x3072,medium_batch,155.889,18,32.31,41.75,0.15
160x4096x14336,medium_batch,237.422,61,36.85,41.82,0.44
160x4096x4096,medium_batch,215.487,61,34.31,40.82,1.8
160x5120x5120,medium_batch,251.387,18,30.04,38.69,0.3
160x8192x8192,medium_batch,294.121,61,12.17,13.54,0.89
16384x1024x1024,compute_bound,597.424,18,0.91,2.82,0.85
16384x11008x4096,compute_bound,602.598,18,0.27,1.48,0.11
16384x1280x8192,compute_bound,651.969,18,1.97,3.01,0.22
16384x128x128,compute_bound,42.836,18,1.09,1.35,0.14
16384x13312x16384,compute_bound,582.205,18,1.73,2.9,1.7
16384x13824x5120,compute_bound,610.06,18,0.81,2.1,0.67
16384x14336x4096,compute_bound,605.884,18,0.4,2.1,0.39
16384x16384x13312,compute_bound,583.87,18,1.54,2.98,1.51
16384x16384x16384,compute_bound,584.43,18,1.52,5.03,1.5
16384x2048x2048,compute_bound,629.271,18,0.39,1.32,0.32
16384x256x256,compute_bound,169.751,18,0.73,1.3,0.7
16384x28672x8192,compute_bound,580.473,18,1.88,2.09,1.86
16384x3072x3072,compute_bound,628.127,18,1.08,2.02,0.29
16384x4096x11008,compute_bound,610.834,18,0.24,1.98,0.13
16384x4096x14336,compute_bound,611.121,18,0.22,2.29,0.02
16384x4096x4096,compute_bound,606.757,18,0.48,1.22,0.35
16384x4096x6656,compute_bound,604.877,18,0.32,1.99,0.19
16384x4096x8192,compute_bound,609.449,18,0.37,2.5,0.05
16384x5120x13824,compute_bound,611.722,18,0.31,2.28,0.28
16384x5120x5120,compute_bound,600.434,18,0.19,1.68,0.0
16384x512x512,compute_bound,458.86,18,1.83,3.74,0.2
16384x6656x4096,compute_bound,596.275,18,0.15,1.56,0.01
16384x8192x1280,compute_bound,559.77,18,1.22,1.69,1.18
16384x8192x28672,compute_bound,586.021,18,2.21,4.41,2.11
16384x8192x4096,compute_bound,604.485,18,0.33,1.5,0.26
16384x8192x8192,compute_bound,618.109,18,0.59,1.89,0.39
16x1024x1024,small_batch,,18,0.0,0.0,0.0
16x11008x4096,small_batch,,18,0.0,0.0,0.0
16x1280x8192,small_batch,,18,0.0,0.0,0.0
16x128x128,small_batch,,18,0.0,0.0,0.0
16x13312x16384,small_batch,,18,0.0,0.0,0.0
16x13824x5120,small_batch,,18,0.0,0.0,0.0
16x14336x4096,small_batch,,18,0.0,0.0,0.0
16x16384x13312,small_batch,,18,0.0,0.0,0.0
16x16384x16384,small_batch,,18,0.0,0.0,0.0
16x2048x2048,small_batch,,18,0.0,0.0,0.0
16x256x256,small_batch,,18,0.0,0.0,0.0
16x28672x8192,small_batch,,18,0.0,0.0,0.0
16x3072x3072,small_batch,,18,0.0,0.0,0.0
16x4096x11008,small_batch,,18,0.0,0.0,0.0
16x4096x14336,small_batch,,18,0.0,0.0,0.0
16x4096x4096,small_batch,,18,0.0,0.0,0.0
16x4096x6656,small_batch,,18,0.0,0.0,0.0
16x4096x8192,small_batch,,18,0.0,0.0,0.0
16x5120x13824,small_batch,,18,0.0,0.0,0.0
16x5120x5120,small_batch,,18,0.0,0.0,0.0
16x512x512,small_batch,,18,0.0,0.0,0.0
16x6656x4096,small_batch,,18,0.0,0.0,0.0
16x8192x1280,small_batch,,18,0.0,0.0,0.0
16x8192x28672,small_batch,,18,0.0,0.0,0.0
16x8192x4096,small_batch,,18,0.0,0.0,0.0
16x8192x8192,small_batch,,18,0.0,0.0,0.0
176x14336x4096,medium_batch,251.5674,43,13.02,14.54,6.94
176x4096x14336,medium_batch,149.5138,43,1.79,12.41,0.0
176x4096x4096,medium_batch,139.3384,43,2.85,8.16,1.31
176x8192x8192,medium_batch,253.3007,43,14.41,23.4,11.35
1792x14336x4096,compute_bound,580.493,18,2.54,3.04,0.85
1792x3072x3072,compute_bound,514.556,18,12.01,13.35,11.19
1792x4096x14336,compute_bound,589.741,18,0.89,2.88,0.88
1792x4096x4096,compute_bound,578.14,18,2.04,5.33,1.88
1792x5120x5120,compute_bound,527.727,18,5.03,8.9,0.96
1792x8192x8192,compute_bound,587.579,18,0.65,2.59,0.28
192x11008x2048,medium_batch,203.676,43,7.58,10.54,3.02
192x11008x3584,medium_batch,238.7491,43,13.01,15.43,3.53
192x11008x4096,medium_batch,239.0491,43,9.87,15.0,4.84
192x11008x5120,medium_batch,245.6819,43,10.21,18.71,3.0
192x11008x7168,medium_batch,243.4352,43,7.8,16.63,1.08
192x11008x8192,medium_batch,253.7885,43,10.93,18.18,6.12
192x13312x2048,medium_batch,213.1611,43,2.47,11.48,1.76
192x13312x3584,medium_batch,238.0675,43,7.73,9.6,1.79
192x13312x4096,medium_batch,246.8896,43,8.67,9.65,2.71
192x13312x5120,medium_batch,261.124,43,12.09,14.55,6.95
192x13312x7168,medium_batch,258.0165,43,10.75,12.79,5.16
192x13312x8192,medium_batch,265.717,43,11.65,15.01,7.26
192x14336x2048,medium_batch,230.4968,43,6.58,13.53,3.86
192x14336x3584,medium_batch,257.0517,43,9.41,14.04,6.54
192x14336x4096,medium_batch,375.022,61,2.01,4.96,0.5
192x14336x5120,medium_batch,259.1481,43,6.99,11.53,1.31
192x14336x7168,medium_batch,258.3324,43,5.76,8.14,0.03
192x14336x8192,medium_batch,270.5451,43,10.05,12.62,5.17
192x16384x2048,medium_batch,233.7482,43,2.27,5.3,0.07
192x16384x3584,medium_batch,272.1812,43,5.27,9.77,4.74
192x16384x4096,medium_batch,286.6688,43,9.81,12.75,8.3
192x16384x5120,medium_batch,276.7994,43,4.79,9.67,0.85
192x16384x7168,medium_batch,281.1543,43,6.47,8.65,0.69
192x16384x8192,medium_batch,280.6633,43,11.98,13.33,8.23
192x2048x11008,medium_batch,108.9238,43,14.7,19.9,11.55
192x2048x13312,medium_batch,109.3001,43,14.76,19.69,12.29
192x2048x14336,medium_batch,107.7487,43,13.71,18.88,10.82
192x2048x16384,medium_batch,109.5143,43,14.57,20.04,13.34
192x2048x2048,medium_batch,70.0449,43,3.85,6.97,3.53
192x2048x22016,medium_batch,107.0615,43,12.73,17.56,9.61
192x2048x27648,medium_batch,110.3647,43,15.0,19.42,11.51
192x2048x5504,medium_batch,107.9459,43,17.61,23.53,16.93
192x2048x8192,medium_batch,112.6992,43,17.99,23.97,16.35
192x22016x2048,medium_batch,254.0883,43,9.13,11.91,5.08
192x22016x3584,medium_batch,281.3835,43,9.56,13.96,6.05
192x22016x4096,medium_batch,285.3766,43,10.99,14.43,5.7
192x22016x5120,medium_batch,286.9878,43,8.08,13.37,6.37
192x22016x7168,medium_batch,249.6644,43,5.37,6.64,0.67
192x22016x8192,medium_batch,248.5719,43,6.39,9.73,0.63
192x27648x2048,medium_batch,284.1701,43,19.37,23.45,8.26
192x27648x3584,medium_batch,317.3538,43,22.62,25.9,11.03
192x27648x4096,medium_batch,310.1529,43,19.11,22.99,5.33
192x27648x5120,medium_batch,279.7195,43,11.82,16.98,5.68
192x27648x7168,medium_batch,274.0854,43,11.61,18.94,2.72
192x27648x8192,medium_batch,275.8318,43,9.31,20.87,5.16
192x3072x3072,medium_batch,188.256,18,32.51,41.72,0.1
192x3584x11008,medium_batch,146.5252,43,7.62,10.6,2.57
192x3584x13312,medium_batch,148.1971,43,9.07,12.38,2.71
192x3584x14336,medium_batch,147.1521,43,8.18,11.46,0.59
192x3584x16384,medium_batch,148.0858,43,7.92,11.32,2.31
192x3584x22016,medium_batch,149.7159,43,8.54,12.79,4.12
192x3584x27648,medium_batch,150.46,43,8.36,11.28,2.53
192x3584x3584,medium_batch,129.7446,43,1.35,4.53,0.42
192x3584x5504,medium_batch,141.9613,43,6.0,6.92,2.28
192x3584x8192,medium_batch,145.6721,43,8.74,9.17,0.57
192x4096x11008,medium_batch,162.0577,43,1.4,12.76,0.52
192x4096x13312,medium_batch,163.898,43,3.28,14.11,0.59
192x4096x14336,medium_batch,285.149,61,36.83,43.0,0.36
192x4096x16384,medium_batch,165.1148,43,3.4,13.69,1.44
192x4096x22016,medium_batch,165.5971,43,2.45,12.97,1.68
192x4096x27648,medium_batch,166.4436,43,3.53,12.95,1.32
192x4096x4096,medium_batch,260.247,61,34.53,41.43,0.03
192x4096x5504,medium_batch,157.9695,43,3.12,8.86,1.51
192x4096x8192,medium_batch,157.4382,43,0.68,7.51,0.34
192x5120x11008,medium_batch,187.4598,43,4.03,13.53,2.64
192x5120x13312,medium_batch,189.4838,43,5.48,14.86,1.29
192x5120x14336,medium_batch,189.3935,43,6.0,14.24,0.56
192x5120x16384,medium_batch,191.4536,43,5.6,14.23,2.73
192x5120x22016,medium_batch,192.0927,43,5.32,15.54,0.67
192x5120x27648,medium_batch,161.9442,43,3.14,7.05,2.91
192x5120x5120,medium_batch,301.253,61,30.09,38.63,0.36
192x5120x5504,medium_batch,183.636,43,8.46,13.72,5.52
192x5120x8192,medium_batch,185.8778,43,1.55,11.5,1.41
192x5504x2048,medium_batch,157.2807,43,13.15,16.32,1.15
192x5504x3584,medium_batch,189.2782,43,17.09,24.03,7.84
192x5504x4096,medium_batch,181.5998,43,11.98,15.12,0.34
192x5504x5120,medium_batch,181.5411,43,10.95,15.12,0.2
192x7168x11008,medium_batch,217.7184,43,10.83,17.68,0.11
192x7168x13312,medium_batch,240.0058,43,17.42,22.27,4.17
192x7168x14336,medium_batch,235.8765,43,14.65,21.3,4.18
192x7168x16384,medium_batch,237.3485,43,15.02,19.25,1.41
192x7168x22016,medium_batch,198.1289,43,5.73,18.4,3.73
192x7168x27648,medium_batch,192.6858,43,13.62,18.14,1.45
192x7168x7168,medium_batch,240.1354,43,16.15,22.72,7.57
192x7168x8192,medium_batch,233.2676,43,11.64,18.15,2.7
192x8192x11008,medium_batch,262.021,43,15.28,19.75,9.39
192x8192x13312,medium_batch,257.4715,43,14.97,20.24,1.89
192x8192x14336,medium_batch,260.4679,43,15.52,21.4,4.95
192x8192x16384,medium_batch,235.7195,43,10.89,17.18,0.07
192x8192x2048,medium_batch,205.9146,43,8.97,14.74,7.68
192x8192x22016,medium_batch,211.5279,43,14.26,16.29,3.3
192x8192x27648,medium_batch,213.1427,43,15.18,18.93,4.31
192x8192x3584,medium_batch,231.2532,43,11.43,15.07,9.45
192x8192x4096,medium_batch,243.4835,43,16.39,19.4,12.81
192x8192x5120,medium_batch,251.1246,43,10.86,18.77,9.14
192x8192x7168,medium_batch,262.6539,43,15.5,20.01,6.54
192x8192x8192,medium_batch,346.443,61,10.52,11.69,0.79
1x10240x2048,decode,1.968,43,3.09,3.8,2.74
1x10240x4096,decode,2.5078,43,10.79,16.41,10.31
1x10240x5120,decode,2.5638,43,10.44,16.45,9.97
1x10240x7168,decode,2.625,43,12.91,18.88,10.45
1x10240x8192,decode,2.6456,43,11.96,17.64,10.77
1x1024x1024,decode,0.311,886,10.29,10.93,10.29
1x1024x14336,decode,0.858,825,8.97,26.34,3.26
1x1024x2048,decode,0.47,825,6.81,12.55,2.13
1x1024x3072,decode,0.2941,43,5.3,8.23,3.94
1x1024x4096,decode,0.665,825,10.23,19.55,6.02
1x1024x8192,decode,0.816,825,11.64,22.55,4.29
1x10752x3584,decode,2.5652,43,12.18,16.11,10.29
1x11008x2048,decode,2.0728,43,0.91,3.38,0.55
1x11008x4096,decode,2.6359,61,14.34,16.52,10.48
1x11008x5120,decode,2.6979,43,14.02,16.96,10.63
1x11008x7168,decode,2.7743,43,14.1,18.95,12.51
1x11008x8192,decode,2.7929,43,14.07,17.88,11.38
1x12288x4096,decode,2.9459,43,11.52,16.7,9.26
1x1280x1280,decode,0.1498,43,1.94,2.34,0.53
1x1280x3840,decode,0.4117,43,16.4,20.62,1.8
1x1280x8192,decode,0.4366,61,17.32,20.27,15.55
1x128x128,decode,,18,0.0,0.0,0.0
1x13312x16384,decode,2.3754,61,10.22,15.75,8.9
1x13312x2048,decode,2.4928,43,1.26,3.53,0.18
1x13312x4096,decode,3.1471,43,11.46,17.7,11.01
1x13312x5120,decode,3.2132,43,13.48,19.22,11.08
1x13312x7168,decode,3.2922,43,16.79,20.01,11.22
1x13312x8192,decode,3.3178,43,16.15,21.18,11.3
1x13824x2048,decode,2.6031,43,1.99,4.23,1.09
1x13824x4096,decode,3.2531,43,12.84,18.71,11.42
1x13824x5120,decode,3.3149,61,12.27,18.31,11.46
1x13824x7168,decode,3.3954,43,15.97,20.38,11.7
1x13824x8192,decode,3.4245,43,13.87,19.93,11.71
1x14336x2048,decode,2.6847,43,4.55,4.88,0.37
1x14336x4096,decode,3.3543,61,14.06,18.62,9.9
1x14336x5120,decode,3.4217,43,13.77,18.8,9.39
1x14336x7168,decode,3.514,43,17.7,21.38,9.77
1x14336x8192,decode,3.5428,43,16.83,21.45,9.71
1x15360x5120,decode,3.5922,43,15.73,18.92,10.7
1x1536x1536,decode,0.2202,43,3.45,5.18,2.41
1x1536x4608,decode,0.4956,43,16.4,19.61,15.11
1x1536x5120,decode,1.02,825,7.35,21.96,4.12
1x16384x13312,decode,,18,0.0,0.0,0.0
1x16384x16384,decode,2.6084,61,7.97,11.64,4.77
1x16384x2048,decode,2.9651,43,2.92,11.45,0.53
1x16384x4096,decode,3.6899,43,12.69,17.46,10.98
1x16384x5120,decode,3.7764,43,13.29,16.49,10.42
1x16384x7168,decode,3.8881,43,13.93,21.05,10.5
1x16384x8192,decode,3.9347,43,15.44,21.63,9.7
1x18432x6144,decode,3.8966,43,12.33,17.32,7.76
1x2048x1024,decode,0.6,825,4.17,6.5,1.0
1x2048x10240,decode,0.7022,43,16.23,20.31,15.42
1x2048x11008,decode,0.7052,43,16.44,20.28,15.56
1x2048x13312,decode,0.7123,43,16.99,20.17,15.44
1x2048x13824,decode,0.7132,43,17.01,20.18,15.52
1x2048x14336,decode,1.511,868,3.18,23.3,1.59
1x2048x16384,decode,0.7033,43,16.25,19.81,15.14
1x2048x2048,decode,0.916,886,6.66,12.34,2.29
1x2048x22016,decode,0.7097,43,16.51,19.8,15.26
1x2048x2688,decode,0.4961,43,1.59,2.64,0.18
1x2048x27648,decode,0.7135,43,16.68,20.13,15.49
1x2048x28672,decode,0.7143,43,16.72,20.03,15.41
1x2048x32768,decode,0.7158,43,16.62,20.17,15.4
1x2048x3584,decode,0.6318,43,14.45,19.21,14.32
1x2048x4096,decode,1.218,868,6.24,19.05,3.28
1x2048x5376,decode,0.6647,43,15.44,19.87,14.65
1x2048x5504,decode,0.6637,43,14.87,19.63,14.43
1x2048x6144,decode,0.6748,43,15.29,19.89,14.6
1x2048x6656,decode,0.6799,43,15.68,19.93,14.96
1x2048x7168,decode,1.436,825,7.73,23.12,3.62
1x2048x8192,decode,1.478,868,7.92,22.4,3.72
1x21504x7168,decode,3.1462,43,7.73,18.33,3.05
1x22016x2048,decode,3.8612,43,11.93,20.47,8.19
1x22016x4096,decode,4.296,43,10.88,26.66,9.81
1x22016x5120,decode,4.3524,43,9.26,26.91,9.01
1x22016x7168,decode,3.0693,43,4.22,15.84,1.31
1x22016x8192,decode,2.8522,43,4.82,12.45,1.93
1x24576x8192,decode,2.8514,43,4.13,8.84,3.27
1x2560x2560,decode,0.6082,43,1.3,2.37,1.28
1x2560x7680,decode,0.8498,43,15.5,19.05,14.12
1x256x256,decode,,18,0.0,0.0,0.0
1x2688x2048,decode,0.5176,43,0.0,0.93,0.0
1x27648x2048,decode,4.5966,43,14.7,22.84,6.11
1x27648x4096,decode,4.9293,43,12.64,21.65,5.98
1x27648x5120,decode,4.2244,43,12.32,20.14,4.07
1x27648x7168,decode,2.9946,43,5.68,9.48,3.05
1x27648x8192,decode,2.9718,43,4.73,8.55,2.31
1x28672x2048,decode,4.7361,43,16.01,22.72,5.78
1x28672x4096,decode,5.0985,43,14.24,22.66,6.12
1x28672x5120,decode,3.8595,43,10.21,15.38,0.37
1x28672x7168,decode,2.9923,43,5.74,9.07,2.72
1x28672x8192,decode,2.9786,61,6.2,8.59,1.77
1x3072x1024,decode,0.3009,43,2.63,3.69,1.16
1x3072x3072,decode,0.8566,61,8.32,13.66,8.02
1x3072x9216,decode,1.0162,43,14.3,18.04,13.28
1x32768x2048,decode,4.9198,43,9.92,18.34,5.15
1x32768x4096,decode,5.3013,43,8.34,15.34,7.19
1x32768x5120,decode,3.3775,43,7.22,10.89,4.51
1x32768x7168,decode,3.2207,43,7.31,11.62,4.73
1x32768x8192,decode,3.1526,43,5.57,10.14,2.34
1x3584x10752,decode,1.1344,43,12.39,15.92,11.02
1x3584x2048,decode,0.6927,43,3.81,5.02,1.11
1x3584x3584,decode,1.0099,43,7.7,12.77,7.3
1x3840x1280,decode,0.4639,43,3.82,5.37,1.31
1x4096x1024,decode,1.103,825,1.27,3.72,0.91
1x4096x10240,decode,1.2347,43,3.75,9.01,3.09
1x4096x11008,decode,2.43,886,2.35,17.82,0.78
1x4096x12288,decode,1.2621,43,4.87,10.2,4.41
1x4096x13312,decode,1.2721,43,5.19,10.68,4.8
1x4096x13824,decode,1.2723,43,5.12,10.59,4.76
1x4096x14336,decode,2.261,886,3.32,17.91,2.08
1x4096x16384,decode,1.2916,43,5.95,11.44,5.54
1x4096x2048,decode,1.629,868,3.81,10.19,0.06
1x4096x22016,decode,1.3168,43,7.19,12.45,6.76
1x4096x27648,decode,1.326,43,7.43,12.66,6.92
1x4096x28672,decode,1.3295,43,7.52,12.84,7.09
1x4096x32768,decode,1.3396,43,8.95,13.53,7.93
1x4096x4096,decode,2.154,886,4.5,18.29,3.16
1x4096x5376,decode,1.1924,43,1.6,7.89,1.6
1x4096x5504,decode,1.181,43,0.31,7.11,0.1
1x4096x6656,decode,1.2262,61,2.45,8.49,2.2
1x4096x8192,decode,2.471,886,2.19,19.79,1.74
1x4608x1536,decode,0.6835,43,1.33,8.0,1.16
1x5120x10240,decode,1.4073,43,4.27,7.7,0.59
1x5120x11008,decode,1.4105,43,4.09,7.64,0.65
1x5120x13312,decode,1.422,43,4.24,7.82,0.71
1x5120x13824,decode,2.651,773,4.04,18.11,1.4
1x5120x14336,decode,1.4276,43,4.36,7.87,0.74
1x5120x1536,decode,1.83,825,7.32,12.57,3.39
1x5120x15360,decode,1.4293,43,4.25,7.79,0.79
1x5120x16384,decode,1.4328,43,4.36,7.88,0.82
1x5120x18432,decode,2.431,469,1.03,14.27,0.37
1x5120x22016,decode,1.4419,43,4.22,7.82,0.81
1x5120x27648,decode,1.2202,43,5.93,8.25,1.92
1x5120x28672,decode,1.0975,43,2.22,6.47,0.39
1x5120x32768,decode,1.0882,43,2.67,6.63,1.28
1x5120x5120,decode,2.893,886,5.67,20.57,2.59
1x5120x5376,decode,1.3867,43,5.08,7.56,0.0
1x5120x5504,decode,1.3958,43,5.98,8.03,0.1
1x5120x6656,decode,1.3699,43,3.94,7.59,0.56
1x5120x8192,decode,1.3905,43,4.2,7.95,0.53
1x512x512,decode,,18,0.0,0.0,0.0
1x5376x2048,decode,1.0313,43,1.12,2.02,0.18
1x5376x4096,decode,1.4167,43,5.02,7.51,0.13
1x5376x5120,decode,1.4527,43,5.31,7.8,0.43
1x5504x2048,decode,1.0499,43,2.01,2.9,0.73
1x5504x4096,decode,1.6625,43,6.88,10.09,3.97
1x5504x5120,decode,1.7242,43,6.75,10.23,5.34
1x6144x18432,decode,1.6984,43,5.02,7.66,0.0
1x6144x2048,decode,1.192,43,0.94,2.94,0.76
1x6144x6144,decode,1.6191,43,4.67,7.99,0.35
1x6656x2048,decode,1.258,43,0.37,0.74,0.19
1x6656x4096,decode,1.7495,61,8.04,9.53,1.77
1x6656x5120,decode,1.7099,43,5.77,8.04,0.99
1x7168x10240,decode,1.9166,43,7.0,10.06,1.39
1x7168x11008,decode,1.9207,43,7.7,10.36,1.16
1x7168x13312,decode,1.9358,43,7.69,10.38,1.68
1x7168x13824,decode,1.9363,43,6.89,9.75,1.16
1x7168x14336,decode,1.9396,43,7.55,9.97,1.12
1x7168x16384,decode,1.9473,43,7.15,10.2,0.96
1x7168x2048,decode,0.803,3,0.25,0.25,0.12
1x7168x21504,decode,1.4734,43,6.21,6.5,1.49
1x7168x22016,decode,1.4691,43,5.21,7.32,0.57
1x7168x27648,decode,1.4523,43,4.74,6.39,0.47
1x7168x28672,decode,1.4454,43,4.3,6.19,0.19
1x7168x32768,decode,1.4449,43,4.24,5.92,0.21
1x7168x7168,decode,1.882,43,6.9,9.19,1.51
1x7168x8192,decode,1.8963,43,6.98,8.57,1.22
1x7680x2560,decode,1.7847,43,7.41,8.34,0.9
1x8192x10240,decode,2.2911,43,11.73,12.54,2.46
1x8192x11008,decode,2.3005,43,11.68,13.33,2.93
1x8192x1280,decode,,18,0.0,0.0,0.0
1x8192x13312,decode,2.3198,43,11.54,13.62,2.13
1x8192x13824,decode,2.3248,43,11.63,12.36,1.58
1x8192x14336,decode,2.3267,43,11.58,13.28,3.04
1x8192x16384,decode,2.2956,43,10.65,11.33,1.91
1x8192x2048,decode,1.5686,43,3.09,4.99,2.38
1x8192x22016,decode,1.7005,43,6.83,10.19,2.36
1x8192x24576,decode,1.6984,43,7.3,9.81,3.57
1x8192x27648,decode,1.6958,43,6.75,9.52,1.6
1x8192x28672,decode,1.6948,61,6.86,9.99,3.36
1x8192x32768,decode,1.6992,43,6.7,10.14,3.2
1x8192x4096,decode,2.1232,61,11.15,13.77,3.43
1x8192x5120,decode,2.1768,43,11.58,11.99,2.63
1x8192x7168,decode,2.2362,43,11.36,12.01,1.28
1x8192x8192,decode,2.2654,61,8.7,12.8,3.34
1x9216x3072,decode,2.2984,43,13.14,17.34,12.89
2048x1024x1024,compute_bound,334.552,18,0.98,1.35,0.85
2048x11008x4096,compute_bound,584.891,18,1.23,2.12,0.39
2048x1280x8192,compute_bound,414.746,18,6.17,7.82,2.06
2048x128x128,compute_bound,5.323,18,0.41,0.7,0.39
2048x13312x16384,compute_bound,569.971,18,3.02,4.33,0.18
2048x13824x5120,compute_bound,606.857,18,1.4,1.76,0.09
2048x14336x4096,compute_bound,608.933,18,1.84,2.0,0.75
2048x16384x13312,compute_bound,584.6,18,2.13,2.64,0.02
2048x16384x16384,compute_bound,585.701,18,2.16,2.27,0.0
2048x2048x2048,compute_bound,532.972,18,9.69,15.95,9.64
2048x256x256,compute_bound,21.406,18,1.02,1.26,0.98
2048x28672x8192,compute_bound,583.409,18,1.92,2.41,0.05
2048x3072x3072,compute_bound,530.028,18,5.62,8.24,4.89
2048x4096x11008,compute_bound,639.363,18,3.4,5.76,2.98
2048x4096x14336,compute_bound,645.776,18,3.93,5.11,3.77
2048x4096x4096,compute_bound,635.179,18,5.33,7.69,5.23
2048x4096x6656,compute_bound,644.311,18,5.26,5.75,5.26
2048x4096x8192,compute_bound,646.006,18,4.57,5.92,4.26
2048x5120x13824,compute_bound,586.621,18,2.56,6.47,2.38
2048x5120x5120,compute_bound,566.741,18,1.91,5.69,1.51
2048x512x512,compute_bound,84.507,18,0.88,1.61,0.33
2048x6656x4096,compute_bound,554.178,18,0.86,3.24,0.33
2048x8192x1280,compute_bound,531.121,18,1.21,1.86,1.16
2048x8192x28672,compute_bound,581.252,18,1.58,7.1,0.02
2048x8192x4096,compute_bound,596.817,18,0.07,3.27,0.05
2048x8192x8192,compute_bound,617.002,18,0.41,3.51,0.21
208x14336x4096,medium_batch,276.29,43,9.92,14.36,7.46
208x4096x14336,medium_batch,166.0602,43,7.78,14.58,0.08
208x4096x4096,medium_batch,163.1292,43,11.81,14.63,0.47
208x8192x8192,medium_batch,252.1295,43,13.81,16.82,1.36
224x14336x4096,medium_batch,290.9515,43,7.27,12.62,4.49
224x4096x14336,medium_batch,178.0594,43,7.57,15.0,1.18
224x4096x4096,medium_batch,170.8769,43,8.35,12.23,0.63
224x8192x8192,medium_batch,269.5739,43,11.45,13.57,3.06
240x14336x4096,medium_batch,313.4011,43,12.58,15.89,6.69
240x4096x14336,medium_batch,187.2246,43,9.92,14.1,1.0
240x4096x4096,medium_batch,183.416,43,10.97,14.84,0.27
240x8192x8192,medium_batch,288.5188,43,10.76,16.88,2.24
2560x14336x4096,compute_bound,602.408,18,0.75,1.19,0.16
2560x3072x3072,compute_bound,600.512,18,1.99,3.36,1.41
2560x4096x14336,compute_bound,592.681,18,3.35,7.26,3.13
2560x4096x4096,compute_bound,571.107,18,3.87,6.54,3.65
2560x5120x5120,compute_bound,544.124,18,0.49,1.95,0.16
2560x8192x8192,compute_bound,621.092,18,0.86,0.98,0.43
256x1024x1024,medium_batch,42.065,18,0.84,2.32,0.51
256x1024x4096,medium_batch,69.3475,43,17.15,18.72,15.05
256x1024x8192,medium_batch,74.5576,43,15.96,19.66,14.41
256x11008x2048,medium_batch,230.5087,43,4.87,11.03,1.11
256x11008x3584,medium_batch,263.0349,43,6.07,14.99,3.86
256x11008x4096,medium_batch,400.008,61,5.59,9.41,5.18
256x11008x5120,medium_batch,275.6748,43,9.99,14.58,5.33
256x11008x7168,medium_batch,279.8992,43,9.56,14.42,5.28
256x11008x8192,medium_batch,287.4167,43,11.5,14.13,6.09
256x1280x8192,medium_batch,118.607,18,34.9,44.71,0.05
256x128x128,medium_batch,0.671,18,0.75,1.19,0.15
256x128x256,medium_batch,0.6141,43,0.73,0.88,0.15
256x13312x16384,medium_batch,402.03,18,3.28,14.04,3.19
256x13312x2048,medium_batch,270.5268,43,6.12,14.19,1.83
256x13312x3584,medium_batch,308.2778,43,10.46,14.37,2.8
256x13312x4096,medium_batch,316.623,43,10.31,14.85,3.93
256x13312x5120,medium_batch,321.9155,43,8.3,17.27,3.8
256x13312x7168,medium_batch,326.4307,43,10.06,17.34,2.99
256x13312x8192,medium_batch,328.6436,43,9.24,16.27,3.22
256x13824x5120,medium_batch,488.958,18,7.96,14.89,7.95
256x1408x4096,medium_batch,97.629,43,12.52,21.52,11.18
256x1408x7168,medium_batch,100.3824,43,12.71,21.98,11.74
256x1408x8192,medium_batch,104.7014,43,13.57,24.34,13.25
256x14336x2048,medium_batch,287.3217,43,6.18,14.7,1.95
256x14336x3584,medium_batch,325.8963,43,9.88,15.58,4.5
256x14336x4096,medium_batch,484.151,61,6.43,12.55,6.42
256x14336x5120,medium_batch,338.5489,43,8.91,16.21,4.32
256x14336x7168,medium_batch,349.2052,43,10.83,17.7,5.76
256x14336x8192,medium_batch,350.6975,43,10.74,16.81,7.42
256x16384x13312,medium_batch,455.749,18,3.37,9.33,0.22
256x16384x16384,medium_batch,459.297,18,3.24,9.36,0.27
256x16384x2048,medium_batch,301.7983,43,7.12,8.74,2.81
256x16384x3584,medium_batch,337.9089,43,4.18,8.79,1.64
256x16384x4096,medium_batch,344.3239,43,6.95,12.72,0.36
256x16384x5120,medium_batch,364.1747,43,9.19,14.44,5.15
256x16384x7168,medium_batch,350.2073,43,5.7,9.77,0.07
256x16384x8192,medium_batch,343.2198,43,10.97,15.13,7.38
256x2048x11008,medium_batch,128.746,43,12.13,15.23,11.51
256x2048x13312,medium_batch,133.6062,43,13.98,17.6,13.53
256x2048x14336,medium_batch,133.1136,43,13.21,17.04,12.02
256x2048x16384,medium_batch,133.8496,43,13.22,17.78,12.24
256x2048x2048,medium_batch,163.856,61,29.91,33.36,1.44
256x2048x22016,medium_batch,129.4412,43,9.29,14.47,8.47
256x2048x27648,medium_batch,133.424,43,11.31,16.59,10.85
256x2048x4096,medium_batch,121.2822,43,9.15,14.34,7.92
256x2048x5504,medium_batch,127.6088,43,12.62,16.31,10.54
256x2048x7168,medium_batch,134.3041,43,14.35,18.35,10.1
256x2048x8192,medium_batch,138.3398,43,19.14,22.34,18.25
256x22016x2048,medium_batch,296.5871,43,18.94,23.74,1.97
256x22016x3584,medium_batch,341.0481,43,23.71,25.33,3.87
256x22016x4096,medium_batch,344.6618,43,23.65,25.56,3.3
256x22016x5120,medium_batch,352.5034,43,22.77,25.17,3.86
256x22016x7168,medium_batch,307.8846,43,14.72,23.05,6.92
256x22016x8192,medium_batch,311.2463,43,14.66,24.27,7.39
256x256x128,medium_batch,0.6105,43,0.0,0.15,0.0
256x256x256,medium_batch,2.691,61,0.52,1.26,0.04
256x256x64,medium_batch,0.3084,43,0.0,0.29,0.0
256x256x80,medium_batch,0.3838,43,0.16,0.57,0.16
256x256x96,medium_batch,0.4619,43,0.74,0.87,0.28
256x27648x2048,medium_batch,344.7783,43,17.1,21.8,0.99
256x27648x3584,medium_batch,382.6145,43,19.29,22.93,2.16
256x27648x4096,medium_batch,375.1646,43,17.86,19.98,4.34
256x27648x5120,medium_batch,339.6341,43,5.57,11.53,1.61
256x27648x7168,medium_batch,342.5181,43,8.91,17.58,6.72
256x27648x8192,medium_batch,347.1356,43,11.07,20.43,4.84
256x2816x4096,medium_batch,138.291,43,7.63,8.97,4.74
256x2816x7168,medium_batch,143.8841,43,6.66,9.45,3.76
256x2816x8192,medium_batch,148.456,43,8.69,12.55,5.7
256x28672x8192,medium_batch,499.644,18,1.64,11.3,1.31
256x3072x3072,medium_batch,240.791,18,31.24,39.33,0.22
256x3584x11008,medium_batch,185.8595,43,10.08,18.06,9.14
256x3584x13312,medium_batch,181.374,43,7.36,16.64,7.15
256x3584x14336,medium_batch,184.721,43,10.57,16.0,8.56
256x3584x16384,medium_batch,183.5848,43,8.11,14.58,7.51
256x3584x22016,medium_batch,185.3819,43,10.6,16.41,7.91
256x3584x27648,medium_batch,186.9032,43,10.42,17.91,7.78
256x3584x3584,medium_batch,171.9031,43,11.98,14.35,6.09
256x3584x5504,medium_batch,178.05,43,10.89,15.51,7.51
256x3584x8192,medium_batch,183.1364,43,7.87,13.32,7.49
256x4096x11008,medium_batch,351.633,61,33.98,40.89,2.77
256x4096x13312,medium_batch,200.89,43,9.5,16.83,2.42
256x4096x14336,medium_batch,355.368,61,34.12,41.11,0.67
256x4096x16384,medium_batch,200.7275,43,10.77,16.36,1.13
256x4096x22016,medium_batch,204.3159,43,10.15,16.75,2.03
256x4096x27648,medium_batch,202.2331,43,9.38,15.42,0.39
256x4096x4096,medium_batch,326.069,61,32.17,38.43,3.3
256x4096x5504,medium_batch,201.212,43,13.99,16.74,6.77
256x4096x6656,medium_batch,341.948,18,33.42,40.38,2.66
256x4096x7168,medium_batch,198.5417,43,10.21,15.25,1.1
256x4096x8192,medium_batch,339.922,61,32.37,39.44,1.65
256x5120x11008,medium_batch,224.964,43,12.75,20.66,0.03
256x5120x13312,medium_batch,230.8801,43,18.9,22.41,1.18
256x5120x13824,medium_batch,313.051,18,14.14,17.96,0.24
256x5120x14336,medium_batch,234.1201,43,16.82,24.47,6.38
256x5120x16384,medium_batch,238.4636,43,16.32,22.76,3.73
256x5120x22016,medium_batch,233.6111,43,17.82,23.35,2.08
256x5120x27648,medium_batch,203.0332,43,14.14,21.41,4.01
256x5120x5120,medium_batch,299.764,61,14.79,17.81,0.07
256x5120x5504,medium_batch,226.3812,43,15.51,20.49,2.87
256x5120x8192,medium_batch,232.8703,43,14.8,20.68,4.8
256x512x512,medium_batch,10.638,18,0.96,1.53,0.54
256x5504x2048,medium_batch,187.3393,43,10.16,13.69,8.45
256x5504x3584,medium_batch,207.3345,43,8.3,16.14,6.6
256x5504x4096,medium_batch,221.1335,43,11.54,20.84,8.56
256x5504x5120,medium_batch,234.3339,43,16.1,23.65,12.12
256x64x256,medium_batch,0.3053,43,0.03,0.46,0.0
256x6656x4096,medium_batch,354.58,18,11.8,14.65,0.92
256x7168x11008,medium_batch,282.4076,43,14.39,21.98,2.75
256x7168x13312,medium_batch,280.1638,43,13.49,20.45,0.11
256x7168x14336,medium_batch,279.2018,43,12.52,18.26,0.21
256x7168x16384,medium_batch,288.4298,43,15.23,19.59,1.55
256x7168x22016,medium_batch,247.6615,43,10.93,21.3,4.63
256x7168x27648,medium_batch,243.5502,43,17.31,26.53,3.86
256x7168x7168,medium_batch,270.017,43,9.96,15.91,0.65
256x7168x8192,medium_batch,288.0982,43,13.08,19.75,4.26
256x80x256,medium_batch,0.3816,43,0.45,1.15,0.0
256x8192x11008,medium_batch,310.9947,43,16.0,19.78,4.34
256x8192x1280,medium_batch,333.538,18,12.1,15.95,8.96
256x8192x13312,medium_batch,307.6082,43,14.04,16.34,1.82
256x8192x14336,medium_batch,311.6021,43,13.19,17.12,1.89
256x8192x16384,medium_batch,292.6824,43,10.29,18.62,6.51
256x8192x2048,medium_batch,234.8581,43,7.87,9.33,1.83
256x8192x22016,medium_batch,264.6488,43,9.39,16.6,3.49
256x8192x27648,medium_batch,270.3864,43,16.39,20.91,5.6
256x8192x28672,medium_batch,369.92,18,16.38,18.42,0.56
256x8192x3584,medium_batch,270.7416,43,10.75,11.89,0.29
256x8192x4096,medium_batch,397.843,61,5.69,14.46,3.49
256x8192x5120,medium_batch,290.7112,43,9.57,13.83,5.58
256x8192x7168,medium_batch,316.5313,43,16.37,20.14,10.63
256x8192x8192,medium_batch,414.366,61,0.26,11.73,0.19
256x96x256,medium_batch,0.464,43,0.73,0.88,0.6
272x14336x4096,compute_bound,275.06,43,3.11,7.29,2.23
272x4096x14336,compute_bound,198.7545,43,14.77,20.29,1.16
272x4096x4096,compute_bound,188.7576,43,8.49,15.06,3.75
272x8192x8192,compute_bound,252.0225,43,9.31,16.43,4.46
288x14336x4096,compute_bound,294.596,43,3.31,8.73,1.34
288x4096x14336,compute_bound,209.87,43,14.86,20.24,0.0
288x4096x4096,compute_bound,208.8586,43,14.32,18.66,4.78
288x8192x8192,compute_bound,269.5304,43,9.0,17.78,6.53
2x10240x2048,small_batch,3.6867,43,1.05,2.07,1.04
2x10240x4096,small_batch,5.0156,43,10.31,16.5,10.12
2x10240x5120,small_batch,5.1174,43,10.42,16.35,9.87
2x10240x7168,small_batch,5.2463,43,11.07,17.48,10.5
2x10240x8192,small_batch,5.2847,43,11.3,17.19,10.65
2x1024x1024,small_batch,0.1821,61,0.33,0.88,0.33
2x1024x3072,small_batch,0.567,43,3.83,4.5,1.96
2x10752x3584,small_batch,5.1237,43,12.98,16.37,10.7
2x11008x2048,small_batch,4.0197,43,1.06,3.11,0.88
2x11008x4096,small_batch,5.2782,61,14.45,17.43,10.59
2x11008x5120,small_batch,5.3957,43,14.16,16.96,10.78
2x11008x7168,small_batch,5.529,43,13.95,18.1,12.2
2x11008x8192,small_batch,5.5789,43,14.01,17.57,10.73
2x12288x4096,small_batch,5.8848,43,11.87,17.81,9.34
2x1280x1280,small_batch,0.3007,43,0.73,2.66,0.17
2x1280x3840,small_batch,0.8207,43,16.36,20.37,2.12
2x1280x8192,small_batch,,18,0.0,0.0,0.0
2x128x128,small_batch,,18,0.0,0.0,0.0
2x13312x16384,small_batch,,18,0.0,0.0,0.0
2x13312x2048,small_batch,4.8526,43,3.11,3.28,0.18
2x13312x4096,small_batch,6.2943,43,12.27,17.62,11.01
2x13312x5120,small_batch,6.4265,43,12.33,18.85,11.08
2x13312x7168,small_batch,6.58,43,14.42,19.51,11.27
2x13312x8192,small_batch,6.6236,43,16.59,20.2,11.23
2x13824x2048,small_batch,5.0392,43,2.1,2.6,0.88
2x13824x4096,small_batch,6.4987,43,11.85,18.77,11.59
2x13824x5120,small_batch,6.6297,61,12.69,18.87,11.75
2x13824x7168,small_batch,6.7909,43,15.73,21.24,11.75
2x13824x8192,small_batch,6.8367,43,16.17,20.33,11.69
2x14336x2048,small_batch,4.9438,43,0.51,1.33,0.34
2x14336x4096,small_batch,6.7009,61,12.41,18.38,9.51
2x14336x5120,small_batch,6.8368,43,12.35,19.09,9.53
2x14336x7168,small_batch,7.0231,43,18.88,20.86,9.76
2x14336x8192,small_batch,7.0898,43,16.63,21.42,9.76
2x15360x5120,small_batch,7.1911,43,14.89,19.23,10.64
2x1536x1536,small_batch,0.4291,43,1.79,3.01,0.0
2x1536x4608,small_batch,0.9912,43,16.61,19.52,15.11
2x16384x13312,small_batch,,18,0.0,0.0,0.0
2x16384x16384,small_batch,,18,0.0,0.0,0.0
2x16384x2048,small_batch,5.7567,43,4.59,5.97,4.59
2x16384x4096,small_batch,7.3718,43,12.6,16.76,10.44
2x16384x5120,small_batch,7.5258,43,12.84,17.0,9.59
2x16384x7168,small_batch,7.8598,43,14.89,21.27,9.47
2x16384x8192,small_batch,7.7738,43,14.61,19.48,9.46
2x18432x6144,small_batch,7.761,43,12.02,17.82,7.61
2x2048x10240,small_batch,1.3988,43,15.94,20.2,15.18
2x2048x11008,small_batch,1.4061,43,16.22,20.27,15.38
2x2048x13312,small_batch,1.4201,43,16.87,19.96,15.25
2x2048x13824,small_batch,1.4227,43,16.79,20.07,15.27
2x2048x14336,small_batch,1.4197,43,16.3,19.78,14.92
2x2048x16384,small_batch,1.4066,43,16.3,19.8,15.17
2x2048x2048,small_batch,0.7799,61,1.47,1.83,0.37
2x2048x22016,small_batch,1.4189,43,16.52,19.87,15.25
2x2048x2688,small_batch,0.9904,43,1.6,2.8,1.24
2x2048x27648,small_batch,1.4267,43,16.53,20.03,15.38
2x2048x28672,small_batch,1.4269,43,16.72,19.98,15.29
2x2048x32768,small_batch,1.4324,43,16.67,20.24,15.45
2x2048x3584,small_batch,1.2659,43,14.61,19.59,14.35
2x2048x4096,small_batch,1.2827,43,14.75,19.28,13.97
2x2048x5376,small_batch,1.3278,43,15.43,19.61,14.64
2x2048x5504,small_batch,1.3273,43,15.2,19.69,14.43
2x2048x6144,small_batch,1.3452,43,15.17,19.69,14.47
2x2048x6656,small_batch,1.3584,43,15.72,19.71,14.87
2x2048x8192,small_batch,1.3833,43,16.25,20.22,15.2
2x21504x7168,small_batch,6.2821,43,7.79,18.2,3.69
2x22016x2048,small_batch,7.6438,43,10.49,19.09,7.25
2x22016x4096,small_batch,8.543,43,10.22,23.57,9.53
2x22016x5120,small_batch,8.732,43,9.42,24.22,9.29
2x22016x7168,small_batch,6.3056,43,5.88,17.28,4.0
2x22016x8192,small_batch,5.7026,43,4.45,11.96,1.86
2x24576x8192,small_batch,5.7273,43,4.44,9.35,3.62
2x2560x2560,small_batch,1.2163,43,1.82,2.36,1.1
2x2560x7680,small_batch,1.7012,43,15.83,19.19,14.39
2x256x256,small_batch,,18,0.0,0.0,0.0
2x2688x2048,small_batch,1.0391,43,1.31,2.21,1.13
2x27648x2048,small_batch,9.1936,43,14.7,23.51,5.82
2x27648x4096,small_batch,9.9981,43,13.2,24.04,6.68
2x27648x5120,small_batch,8.3342,43,6.92,16.82,3.53
2x27648x7168,small_batch,5.9372,43,4.85,7.65,2.72
2x27648x8192,small_batch,5.9484,43,5.02,8.5,2.91
2x28672x2048,small_batch,9.4569,43,15.3,21.42,5.77
2x28672x4096,small_batch,10.1181,43,13.05,22.73,7.28
2x28672x5120,small_batch,7.7763,43,9.33,17.18,0.21
2x28672x7168,small_batch,6.0181,43,6.45,9.16,3.76
2x28672x8192,small_batch,5.9784,61,5.4,7.89,1.65
2x3072x1024,small_batch,0.5915,43,1.66,3.45,1.49
2x3072x3072,small_batch,1.7164,61,8.35,13.54,8.04
2x3072x9216,small_batch,2.0265,43,14.15,18.04,13.14
2x32768x2048,small_batch,9.74,43,9.71,16.71,3.1
2x32768x4096,small_batch,10.5525,43,8.57,14.53,5.15
2x32768x5120,small_batch,6.6636,43,4.77,9.83,2.18
2x32768x7168,small_batch,6.4503,43,6.98,11.47,4.39
2x32768x8192,small_batch,7.7267,43,12.8,26.47,0.92
2x3584x10752,small_batch,2.2647,43,12.28,15.85,10.86
2x3584x2048,small_batch,1.3802,43,1.3,2.93,0.93
2x3584x3584,small_batch,2.0135,43,7.68,12.62,7.28
2x3840x1280,small_batch,0.9157,43,2.73,4.12,2.2
2x4096x10240,small_batch,2.4826,43,4.26,9.64,3.98
2x4096x11008,small_batch,2.5026,61,4.72,9.96,4.21
2x4096x12288,small_batch,2.5331,43,5.52,10.59,4.93
2x4096x13312,small_batch,2.5418,43,5.6,10.56,4.97
2x4096x13824,small_batch,2.5583,43,5.91,10.99,5.27
2x4096x14336,small_batch,2.557,61,5.87,10.84,5.21
2x4096x16384,small_batch,2.5783,43,5.94,11.18,5.39
2x4096x2048,small_batch,1.5984,43,5.06,5.24,4.2
2x4096x22016,small_batch,2.6429,43,7.47,12.64,7.04
2x4096x27648,small_batch,2.66,43,7.65,12.91,7.14
2x4096x28672,small_batch,2.6603,43,7.67,12.81,7.16
2x4096x32768,small_batch,2.6782,43,8.85,14.01,8.3
2x4096x4096,small_batch,2.0207,61,5.58,9.69,1.78
2x4096x5376,small_batch,2.3693,43,2.32,8.03,1.8
2x4096x5504,small_batch,2.3596,43,0.72,6.92,0.72
2x4096x6656,small_batch,2.4481,61,2.37,8.78,2.29
2x4096x8192,small_batch,2.4261,61,3.29,8.9,2.82
2x4608x1536,small_batch,1.2442,43,2.23,4.05,0.87
2x5120x10240,small_batch,2.8085,43,3.92,7.77,0.48
2x5120x11008,small_batch,2.8195,43,3.9,7.81,0.6
2x5120x13312,small_batch,2.844,43,4.09,7.82,0.79
2x5120x13824,small_batch,2.844,61,4.09,7.79,0.68
2x5120x14336,small_batch,2.8496,43,4.03,7.81,0.73
2x5120x15360,small_batch,2.8576,43,4.08,7.82,0.69
2x5120x16384,small_batch,2.8617,43,4.06,7.73,0.78
2x5120x22016,small_batch,2.883,43,4.05,7.81,0.84
2x5120x27648,small_batch,2.3764,43,4.6,9.0,3.25
2x5120x28672,small_batch,2.1927,43,2.86,6.62,0.31
2x5120x32768,small_batch,2.1717,43,2.42,6.25,1.13
2x5120x5120,small_batch,2.7612,61,4.92,8.5,0.63
2x5120x5376,small_batch,2.765,43,4.7,8.13,0.2
2x5120x5504,small_batch,2.775,43,5.94,7.82,0.0
2x5120x6656,small_batch,2.7288,43,3.41,7.63,0.08
2x5120x8192,small_batch,2.7736,43,3.82,7.76,0.46
2x512x512,small_batch,,18,0.0,0.0,0.0
2x5376x2048,small_batch,1.9737,43,0.53,0.89,0.18
2x5376x4096,small_batch,2.8153,43,4.53,8.66,0.51
2x5376x5120,small_batch,2.8809,43,4.69,8.18,0.2
2x5504x2048,small_batch,1.9373,43,2.52,3.33,1.36
2x5504x4096,small_batch,3.2022,43,5.64,10.11,0.71
2x5504x5120,small_batch,3.3104,43,5.24,7.61,2.19
2x6144x18432,small_batch,3.3957,43,4.56,7.73,0.0
2x6144x2048,small_batch,2.2516,43,2.62,5.58,1.75
2x6144x6144,small_batch,3.2244,43,4.1,7.95,0.77
2x6656x2048,small_batch,2.3879,43,1.21,4.2,0.87
2x6656x4096,small_batch,3.4811,61,7.56,10.22,2.86
2x6656x5120,small_batch,3.4062,43,5.75,8.43,1.09
2x7168x10240,small_batch,3.8293,43,7.09,9.68,1.14
2x7168x11008,small_batch,3.8358,43,7.35,9.55,1.06
2x7168x13312,small_batch,3.87,43,8.68,10.21,1.32
2x7168x13824,small_batch,3.871,43,7.53,9.74,1.39
2x7168x14336,small_batch,3.8793,43,7.26,9.82,1.27
2x7168x16384,small_batch,3.8907,43,7.26,9.54,1.12
2x7168x21504,small_batch,2.9451,43,4.72,6.61,0.76
2x7168x22016,small_batch,2.9465,43,4.66,6.81,0.56
2x7168x27648,small_batch,2.9347,43,4.49,7.52,1.62
2x7168x28672,small_batch,2.9275,43,4.52,7.28,1.23
2x7168x32768,small_batch,2.9338,43,4.4,7.23,1.53
2x7168x7168,small_batch,3.7502,43,6.43,8.68,1.22
2x7168x8192,small_batch,3.7877,43,7.47,10.16,1.4
2x7680x2560,small_batch,3.4321,43,4.19,6.23,4.02
2x8192x10240,small_batch,4.5846,43,11.82,12.71,2.46
2x8192x11008,small_batch,4.6035,43,12.01,13.6,3.22
2x8192x1280,small_batch,,18,0.0,0.0,0.0
2x8192x13312,small_batch,4.6316,43,11.52,12.18,2.81
2x8192x13824,small_batch,4.642,43,11.52,12.66,3.53
2x8192x14336,small_batch,4.6497,43,11.73,12.88,2.13
2x8192x16384,small_batch,4.6198,43,11.58,11.72,2.49
2x8192x2048,small_batch,2.9135,43,0.52,1.71,0.18
2x8192x22016,small_batch,3.3915,43,6.43,10.35,2.32
2x8192x24576,small_batch,3.3911,43,6.11,9.02,1.64
2x8192x27648,small_batch,3.3917,43,6.52,9.81,1.06
2x8192x28672,small_batch,3.3951,61,6.31,9.86,2.59
2x8192x32768,small_batch,3.3972,43,6.42,9.43,1.98
2x8192x4096,small_batch,4.2574,61,10.47,11.77,3.44
2x8192x5120,small_batch,4.3626,43,11.36,11.68,4.1
2x8192x7168,small_batch,4.4861,43,11.39,13.04,2.02
2x8192x8192,small_batch,4.5216,61,11.31,12.46,2.05
2x9216x3072,small_batch,4.5743,43,12.95,15.8,12.09
304x14336x4096,compute_bound,301.595,43,4.43,6.55,0.3
304x4096x14336,compute_bound,224.884,43,17.83,21.63,3.03
304x4096x4096,compute_bound,210.6115,43,10.44,15.28,7.5
304x8192x8192,compute_bound,265.3094,43,9.2,15.35,4.5
3072x1024x1024,compute_bound,391.205,18,3.75,7.16,2.14
3072x11008x4096,compute_bound,589.34,18,1.42,2.0,0.05
3072x1280x8192,compute_bound,528.528,18,2.07,9.41,2.05
3072x128x128,compute_bound,8.071,18,1.57,1.85,1.39
3072x13312x16384,compute_bound,577.782,18,2.25,2.66,0.28
3072x13824x5120,compute_bound,596.179,18,0.1,0.68,0.02
3072x14336x4096,compute_bound,600.516,18,0.63,2.13,0.42
3072x16384x13312,compute_bound,585.413,18,1.9,2.06,0.14
3072x16384x16384,compute_bound,585.453,18,1.58,1.85,0.07
3072x2048x2048,compute_bound,539.533,18,10.13,11.39,10.02
3072x256x256,compute_bound,32.259,18,2.01,2.16,0.33
3072x28672x8192,compute_bound,583.437,18,1.4,2.48,0.13
3072x3072x3072,compute_bound,526.523,18,4.04,7.84,1.93
3072x4096x11008,compute_bound,616.129,18,1.91,3.14,0.26
3072x4096x14336,compute_bound,619.176,18,0.44,1.73,0.35
3072x4096x4096,compute_bound,606.938,18,1.67,3.01,1.59
3072x4096x6656,compute_bound,617.172,18,2.06,3.58,1.3
3072x4096x8192,compute_bound,616.541,18,1.33,2.58,0.38
3072x5120x13824,compute_bound,612.354,18,1.76,4.29,0.59
3072x5120x5120,compute_bound,595.226,18,1.18,3.87,0.56
3072x512x512,compute_bound,124.935,18,0.35,0.94,0.16
3072x6656x4096,compute_bound,600.399,18,1.69,2.44,1.14
3072x8192x1280,compute_bound,550.528,18,1.34,3.46,1.03
3072x8192x28672,compute_bound,582.041,18,0.11,1.68,0.05
3072x8192x4096,compute_bound,605.22,18,0.54,1.5,0.15
3072x8192x8192,compute_bound,619.029,18,0.27,0.72,0.02
30x14336x4096,small_batch,96.3285,43,16.85,19.42,9.69
30x4096x14336,small_batch,35.9861,43,3.29,10.54,2.0
30x4096x4096,small_batch,29.8793,43,5.51,11.01,0.12
30x8192x8192,small_batch,68.2371,43,14.21,17.01,12.27
31x14336x4096,small_batch,98.3562,43,15.38,17.79,5.81
31x4096x14336,small_batch,37.0943,43,1.17,10.09,0.65
31x4096x4096,small_batch,35.042,43,6.56,11.58,0.41
31x8192x8192,small_batch,70.226,43,15.68,16.53,11.75
320x14336x4096,compute_bound,422.485,61,10.62,12.67,10.5
320x3072x3072,compute_bound,285.358,18,29.46,37.73,0.22
320x4096x14336,compute_bound,306.636,61,12.74,17.71,0.62
320x4096x4096,compute_bound,284.671,61,11.87,16.41,0.88
320x5120x5120,compute_bound,355.064,18,13.74,17.38,3.38
320x8192x8192,compute_bound,376.136,61,6.37,6.93,4.73
32x1024x1024,small_batch,,18,0.0,0.0,0.0
32x11008x2048,small_batch,63.8595,43,3.26,6.62,2.08
32x11008x4096,small_batch,71.2514,61,4.44,6.04,4.08
32x11008x5120,small_batch,72.0916,43,4.66,9.75,4.58
32x11008x7168,small_batch,75.0809,43,7.59,10.55,5.83
32x11008x8192,small_batch,73.0941,43,3.33,7.42,2.76
32x1280x8192,small_batch,,18,0.0,0.0,0.0
32x128x128,small_batch,,18,0.0,0.0,0.0
32x13312x16384,small_batch,,18,0.0,0.0,0.0
32x13312x2048,small_batch,82.8033,43,7.07,15.71,3.49
32x13312x4096,small_batch,97.6593,43,18.02,18.98,9.99
32x13312x5120,small_batch,100.2661,43,18.41,21.19,8.97
32x13312x7168,small_batch,98.0998,43,14.85,18.94,8.54
32x13312x8192,small_batch,98.9905,43,16.63,18.78,9.97
32x13824x5120,small_batch,,18,0.0,0.0,0.0
32x14336x2048,small_batch,86.0685,43,7.16,16.41,0.0
32x14336x4096,small_batch,97.4155,61,12.53,14.7,2.13
32x14336x5120,small_batch,101.2658,43,15.04,16.63,5.7
32x14336x7168,small_batch,105.2385,43,18.07,20.29,8.77
32x14336x8192,small_batch,103.832,43,17.45,17.64,6.85
32x16384x13312,small_batch,,18,0.0,0.0,0.0
32x16384x16384,small_batch,,18,0.0,0.0,0.0
32x16384x2048,small_batch,93.231,43,5.74,14.69,0.35
32x16384x4096,small_batch,106.2585,43,9.26,15.42,4.45
32x16384x5120,small_batch,108.5158,43,11.28,16.67,2.98
32x16384x7168,small_batch,111.9481,43,13.34,15.69,7.45
32x16384x8192,small_batch,112.444,43,16.87,18.4,7.92
32x2048x11008,small_batch,22.1101,43,15.81,19.83,15.6
32x2048x13312,small_batch,22.4629,43,16.17,20.66,15.73
32x2048x14336,small_batch,22.5403,43,16.36,20.48,15.99
32x2048x16384,small_batch,22.216,43,15.1,20.02,14.22
32x2048x2048,small_batch,11.756,61,1.38,2.73,0.52
32x2048x27648,small_batch,22.4806,43,15.55,20.25,15.39
32x2048x5504,small_batch,20.9156,43,15.17,18.85,14.07
32x2048x8192,small_batch,21.8449,43,15.44,20.07,14.79
32x256x256,small_batch,,18,0.0,0.0,0.0
32x27648x2048,small_batch,111.408,43,7.31,11.26,1.46
32x27648x4096,small_batch,122.9121,43,6.12,8.74,4.29
32x27648x5120,small_batch,108.5722,43,12.26,17.63,10.79
32x27648x7168,small_batch,86.5076,43,5.03,5.91,4.74
32x27648x8192,small_batch,85.2011,43,4.9,10.53,3.32
32x28672x8192,small_batch,,18,0.0,0.0,0.0
32x3072x3072,small_batch,,18,0.0,0.0,0.0
32x4096x11008,small_batch,37.6947,61,3.53,10.03,1.95
32x4096x13312,small_batch,38.0901,43,3.3,9.57,2.26
32x4096x14336,small_batch,38.2597,61,2.19,10.02,0.37
32x4096x16384,small_batch,38.8319,43,3.12,9.65,3.06
32x4096x27648,small_batch,39.0176,43,2.63,10.31,2.21
32x4096x4096,small_batch,36.1724,61,9.19,12.1,0.93
32x4096x5504,small_batch,36.7144,43,1.9,11.94,1.11
32x4096x6656,small_batch,,18,0.0,0.0,0.0
32x4096x8192,small_batch,37.5401,61,2.19,9.51,1.59
32x5120x11008,small_batch,45.2937,43,12.31,13.94,5.69
32x5120x13312,small_batch,45.5607,43,11.97,13.59,6.05
32x5120x13824,small_batch,,18,0.0,0.0,0.0
32x5120x14336,small_batch,45.7889,43,12.53,13.83,6.67
32x5120x16384,small_batch,45.9595,43,11.77,12.41,5.66
32x5120x27648,small_batch,36.272,43,8.47,9.96,1.11
32x5120x5120,small_batch,44.5066,61,13.19,14.46,1.98
32x5120x5504,small_batch,44.7087,43,14.66,15.45,1.85
32x5120x8192,small_batch,44.524,43,9.83,12.4,3.34
32x512x512,small_batch,,18,0.0,0.0,0.0
32x5504x2048,small_batch,35.0357,43,2.84,6.2,1.53
32x5504x4096,small_batch,45.5917,43,8.25,10.94,6.06
32x5504x5120,small_batch,46.3185,43,5.36,10.66,5.35
32x6656x4096,small_batch,,18,0.0,0.0,0.0
32x7168x11008,small_batch,61.7647,43,12.7,17.07,11.95
32x7168x13312,small_batch,62.2227,43,11.87,17.59,11.46
32x7168x14336,small_batch,62.4233,43,12.57,17.22,11.6
32x7168x16384,small_batch,62.6673,43,12.79,16.97,11.71
32x7168x27648,small_batch,46.0401,43,8.51,12.09,6.98
32x7168x7168,small_batch,60.4018,43,11.7,16.93,10.94
32x7168x8192,small_batch,61.2347,43,12.21,18.25,11.39
32x8192x11008,small_batch,73.2434,43,14.85,18.92,11.6
32x8192x1280,small_batch,,18,0.0,0.0,0.0
32x8192x13312,small_batch,74.1369,43,14.58,19.55,11.95
32x8192x14336,small_batch,73.8395,43,14.76,17.2,11.37
32x8192x16384,small_batch,71.5,43,15.04,16.49,11.06
32x8192x2048,small_batch,49.821,43,0.74,5.94,0.55
32x8192x27648,small_batch,53.2914,43,11.91,12.98,10.2
32x8192x28672,small_batch,,18,0.0,0.0,0.0
32x8192x4096,small_batch,68.4653,61,14.43,18.86,12.61
32x8192x5120,small_batch,70.2398,43,16.61,18.81,12.96
32x8192x7168,small_batch,72.1628,43,17.82,18.75,12.28
32x8192x8192,small_batch,72.885,61,15.07,16.84,12.28
336x14336x4096,compute_bound,316.4243,43,25.2,27.74,2.35
336x4096x14336,compute_bound,230.0929,43,11.99,19.65,0.12
336x4096x4096,compute_bound,214.5073,43,6.88,15.63,3.53
336x8192x8192,compute_bound,288.4298,43,10.07,17.85,2.89
33x14336x4096,medium_batch,84.8633,43,1.98,2.9,1.13
33x4096x14336,medium_batch,40.0432,43,13.81,15.58,9.0
33x4096x4096,medium_batch,37.4542,43,9.56,13.38,4.16
33x8192x8192,medium_batch,72.1225,43,12.2,16.0,10.03
34x14336x4096,medium_batch,88.7585,43,2.09,5.23,1.49
34x4096x14336,medium_batch,41.1881,43,13.66,15.24,8.85
34x4096x4096,medium_batch,38.537,43,10.1,13.67,5.38
34x8192x8192,medium_batch,75.4406,43,15.74,18.95,10.01
352x14336x4096,compute_bound,335.8033,43,27.08,29.29,3.39
352x4096x14336,compute_bound,242.9209,43,13.5,18.99,1.6
352x4096x4096,compute_bound,228.0279,43,14.65,15.93,3.58
352x8192x8192,compute_bound,301.3147,43,8.57,17.25,3.76
3584x14336x4096,compute_bound,597.019,18,0.69,1.31,0.47
3584x3072x3072,compute_bound,575.999,18,2.56,4.89,2.24
3584x4096x14336,compute_bound,594.338,18,1.53,3.46,0.5
3584x4096x4096,compute_bound,580.275,18,2.35,3.28,0.21
3584x5120x5120,compute_bound,584.546,18,1.25,2.45,0.64
3584x8192x8192,compute_bound,623.131,18,1.08,1.59,0.35
35x14336x4096,medium_batch,89.9278,43,1.98,4.12,1.3
35x4096x14336,medium_batch,42.4876,43,13.81,16.2,8.94
35x4096x4096,medium_batch,39.6705,43,10.64,13.77,4.77
35x8192x8192,medium_batch,75.6071,43,11.83,16.97,10.09
368x14336x4096,compute_bound,370.351,43,30.39,32.65,6.84
368x4096x14336,compute_bound,257.9708,43,14.77,22.9,3.71
368x4096x4096,compute_bound,226.1503,43,6.0,13.3,1.02
368x8192x8192,compute_bound,326.9572,43,12.4,18.34,5.06
36x14336x4096,medium_batch,93.8127,43,4.58,6.87,3.1
36x4096x14336,medium_batch,43.5934,43,13.72,16.63,7.91
36x4096x4096,medium_batch,40.8591,43,13.38,14.48,6.94
36x8192x8192,medium_batch,80.1433,43,16.67,20.54,11.31
37x14336x4096,medium_batch,94.4877,43,3.77,6.36,2.88
37x4096x14336,medium_batch,44.8969,43,13.84,17.57,9.0
37x4096x4096,medium_batch,41.9374,43,12.23,13.37,5.26
37x8192x8192,medium_batch,78.6092,43,12.92,17.04,8.15
384x11008x2048,compute_bound,293.8127,43,5.89,15.65,2.0
384x11008x3584,compute_bound,339.3246,43,10.08,17.9,0.85
384x11008x4096,compute_bound,335.3039,43,5.12,14.3,2.86
384x11008x5120,compute_bound,351.9581,43,8.58,18.02,2.1
384x11008x7168,compute_bound,344.2692,43,5.85,15.92,2.87
384x11008x8192,compute_bound,353.7566,43,7.74,17.81,2.55
384x13312x2048,compute_bound,298.4912,43,24.1,26.95,7.84
384x13312x3584,compute_bound,340.9108,43,27.51,31.49,4.89
384x13312x4096,compute_bound,348.3275,43,28.21,31.12,2.18
384x13312x5120,compute_bound,350.7831,43,26.6,30.69,2.59
384x13312x7168,compute_bound,344.8298,43,25.11,28.21,13.77
384x13312x8192,compute_bound,349.2571,43,25.31,28.56,7.22
384x14336x2048,compute_bound,324.4166,43,26.04,28.22,10.33
384x14336x3584,compute_bound,353.4355,43,26.75,28.63,6.32
384x14336x4096,compute_bound,506.923,61,10.79,13.44,10.71
384x14336x5120,compute_bound,366.5458,43,26.48,29.7,0.88
384x14336x7168,compute_bound,375.0328,43,26.27,27.85,16.45
384x14336x8192,compute_bound,384.2111,43,28.04,29.41,11.85
384x16384x2048,compute_bound,345.6621,43,23.04,26.76,11.17
384x16384x3584,compute_bound,384.7388,43,23.26,28.06,3.4
384x16384x4096,compute_bound,399.8015,43,26.45,29.45,7.5
384x16384x5120,compute_bound,401.6491,43,24.38,27.83,3.33
384x16384x7168,compute_bound,405.8182,43,22.73,27.33,16.76
384x16384x8192,compute_bound,376.5726,43,15.01,22.62,14.18
384x2048x11008,compute_bound,165.4049,43,3.97,14.69,3.51
384x2048x13312,compute_bound,169.4202,43,6.34,16.53,4.93
384x2048x14336,compute_bound,166.2838,43,4.16,14.65,2.73
384x2048x16384,compute_bound,169.4178,43,6.36,15.32,4.6
384x2048x2048,compute_bound,121.6475,43,3.08,4.06,2.94
384x2048x22016,compute_bound,173.8205,43,9.12,16.76,7.2
384x2048x27648,compute_bound,173.1869,43,8.36,15.94,4.52
384x2048x5504,compute_bound,158.5481,43,5.15,10.27,2.99
384x2048x8192,compute_bound,164.9436,43,3.89,15.8,3.23
384x22016x2048,compute_bound,360.1699,43,12.89,18.48,9.37
384x22016x3584,compute_bound,389.6736,43,12.53,17.6,11.63
384x22016x4096,compute_bound,403.9284,43,14.18,19.09,13.03
384x22016x5120,compute_bound,414.7822,43,17.14,20.86,15.7
384x22016x7168,compute_bound,359.1857,43,13.55,20.05,4.39
384x22016x8192,compute_bound,362.0934,43,16.27,21.83,5.15
384x27648x2048,compute_bound,335.5599,43,16.65,20.1,16.37
384x27648x3584,compute_bound,366.5226,43,16.35,19.47,16.06
384x27648x4096,compute_bound,375.9422,43,17.17,18.58,15.94
384x27648x5120,compute_bound,351.7156,43,14.32,19.53,12.25
384x27648x7168,compute_bound,325.0386,43,14.1,18.89,11.25
384x27648x8192,compute_bound,331.6128,43,16.39,18.76,14.47
384x3072x3072,compute_bound,258.85,18,14.5,17.73,0.32
384x3584x11008,compute_bound,243.5135,43,14.93,22.81,3.66
384x3584x13312,compute_bound,244.7576,43,15.51,21.54,2.83
384x3584x14336,compute_bound,250.8982,43,15.82,22.64,4.71
384x3584x16384,compute_bound,251.6751,43,16.46,22.57,5.49
384x3584x22016,compute_bound,253.0887,43,18.69,25.44,5.73
384x3584x27648,compute_bound,254.9573,43,19.56,25.16,6.96
384x3584x3584,compute_bound,225.0948,43,11.56,19.38,5.53
384x3584x5504,compute_bound,247.5017,43,16.18,25.1,4.5
384x3584x8192,compute_bound,243.3501,43,12.62,21.27,3.5
384x4096x11008,compute_bound,269.2034,43,13.66,22.21,1.56
384x4096x13312,compute_bound,273.1472,43,15.74,21.69,2.1
384x4096x14336,compute_bound,359.986,61,12.63,15.78,0.78
384x4096x16384,compute_bound,268.7056,43,11.1,18.04,0.42
384x4096x22016,compute_bound,272.5984,43,15.12,21.44,1.66
384x4096x27648,compute_bound,273.0221,43,16.66,22.8,3.62
384x4096x4096,compute_bound,333.285,61,12.8,14.26,3.43
384x4096x5504,compute_bound,266.629,43,15.22,20.19,0.61
384x4096x8192,compute_bound,268.8163,43,15.08,19.7,0.83
384x5120x11008,compute_bound,295.9491,43,13.05,18.76,0.79
384x5120x13312,compute_bound,300.4512,43,13.49,18.7,1.32
384x5120x14336,compute_bound,305.6406,43,14.26,20.61,0.9
384x5120x16384,compute_bound,302.4071,43,10.62,16.98,2.28
384x5120x22016,compute_bound,304.7128,43,15.69,20.49,0.37
384x5120x27648,compute_bound,279.1729,43,16.41,22.39,5.96
384x5120x5120,compute_bound,389.174,61,9.57,13.0,0.59
384x5120x5504,compute_bound,278.1933,43,9.46,13.11,0.1
384x5120x8192,compute_bound,295.3004,43,11.85,17.28,0.07
384x5504x2048,compute_bound,235.662,43,9.92,10.71,9.92
384x5504x3584,compute_bound,262.6257,43,5.64,11.39,1.24
384x5504x4096,compute_bound,265.4802,43,7.87,11.23,5.02
384x5504x5120,compute_bound,289.8357,43,12.53,17.85,10.04
384x7168x11008,compute_bound,313.9714,43,14.29,21.02,8.16
384x7168x13312,compute_bound,318.0888,43,14.98,18.07,8.35
384x7168x14336,compute_bound,310.3898,43,12.78,13.88,6.33
384x7168x16384,compute_bound,320.405,43,15.05,20.89,9.73
384x7168x22016,compute_bound,280.2617,43,10.31,17.13,8.24
384x7168x27648,compute_bound,271.1513,43,11.58,15.52,9.14
384x7168x7168,compute_bound,303.5502,43,11.6,18.01,2.64
384x7168x8192,compute_bound,302.7,43,12.14,18.62,4.71
384x8192x11008,compute_bound,332.7217,43,7.87,17.71,3.26
384x8192x13312,compute_bound,337.7486,43,9.48,18.54,4.28
384x8192x14336,compute_bound,336.8967,43,8.56,18.1,3.72
384x8192x16384,compute_bound,314.9476,43,11.9,15.48,8.55
384x8192x2048,compute_bound,266.4757,43,2.82,10.19,1.39
384x8192x22016,compute_bound,304.6907,43,11.06,14.59,9.4
384x8192x27648,compute_bound,305.3112,43,11.33,15.4,10.45
384x8192x3584,compute_bound,317.6482,43,7.56,18.68,6.93
384x8192x4096,compute_bound,313.7952,43,6.56,16.46,6.31
384x8192x5120,compute_bound,330.3584,43,9.88,18.84,6.53
384x8192x7168,compute_bound,320.9077,43,7.1,15.47,2.45
384x8192x8192,compute_bound,454.705,61,7.69,11.28,7.65
38x14336x4096,medium_batch,97.1259,43,2.22,6.22,2.05
38x4096x14336,medium_batch,45.9583,43,13.55,16.38,7.34
38x4096x4096,medium_batch,43.0127,43,12.01,15.43,6.09
38x8192x8192,medium_batch,82.6732,43,14.35,19.88,10.88
39x14336x4096,medium_batch,100.2052,43,3.88,7.01,1.21
39x4096x14336,medium_batch,47.2651,43,13.79,17.44,9.54
39x4096x4096,medium_batch,44.324,43,12.99,16.35,6.23
39x8192x8192,medium_batch,86.3065,43,16.77,20.4,11.87
3x10240x2048,small_batch,4.8323,43,1.07,1.51,0.15
3x10240x4096,small_batch,7.5415,43,10.81,16.87,10.33
3x10240x5120,small_batch,7.6911,43,10.44,17.66,9.97
3x10240x7168,small_batch,7.8695,43,10.39,19.25,10.39
3x10240x8192,small_batch,7.9069,43,13.88,19.38,10.23
3x1024x1024,small_batch,0.275,43,0.51,1.2,0.33
3x1024x3072,small_batch,0.811,43,3.97,5.99,1.2
3x10752x3584,small_batch,7.6853,43,12.67,16.46,10.28
3x11008x2048,small_batch,5.0546,43,1.33,3.6,0.14
3x11008x4096,small_batch,7.9449,43,14.66,17.95,10.72
3x11008x5120,small_batch,8.1011,43,13.95,18.78,13.45
3x11008x7168,small_batch,8.2817,43,17.28,17.99,13.77
3x11008x8192,small_batch,8.3682,43,14.96,19.34,13.83
3x12288x4096,small_batch,8.8273,43,12.95,17.96,9.15
3x1280x1280,small_batch,0.4298,43,2.56,2.75,2.07
3x1280x3840,small_batch,1.2148,43,16.3,19.62,1.14
3x13312x2048,small_batch,5.9007,43,0.43,4.02,0.43
3x13312x4096,small_batch,9.4412,43,15.69,19.08,11.01
3x13312x5120,small_batch,9.6397,43,14.32,20.73,11.01
3x13312x7168,small_batch,9.8905,43,19.55,21.17,11.24
3x13312x8192,small_batch,9.9352,43,17.35,21.34,11.04
3x13824x2048,small_batch,6.3765,43,1.63,3.48,0.89
3x13824x4096,small_batch,9.7369,43,17.13,19.43,11.3
3x13824x5120,small_batch,9.9539,43,16.67,18.95,11.62
3x13824x7168,small_batch,10.2211,43,18.65,21.81,12.0
3x13824x8192,small_batch,10.2609,43,17.39,21.55,11.65
3x14336x2048,small_batch,6.5534,43,2.47,4.41,2.47
3x14336x4096,small_batch,10.0397,43,18.28,18.51,9.41
3x14336x5120,small_batch,10.2744,43,16.99,19.85,9.48
3x14336x7168,small_batch,10.5491,43,17.71,21.43,9.66
3x14336x8192,small_batch,10.6155,43,19.25,21.36,9.65
3x15360x5120,small_batch,10.7669,43,16.1,21.8,10.77
3x1536x1536,small_batch,0.6072,43,0.86,1.86,0.35
3x1536x4608,small_batch,1.4786,43,16.54,19.44,15.25
3x16384x2048,small_batch,7.2626,43,0.29,1.43,0.15
3x16384x4096,small_batch,11.0817,43,12.79,21.68,10.02
3x16384x5120,small_batch,11.2783,43,12.76,19.57,9.06
3x16384x7168,small_batch,11.6796,43,13.94,21.81,9.28
3x16384x8192,small_batch,11.52,43,13.53,19.62,7.77
3x18432x6144,small_batch,11.5699,43,11.42,18.87,6.86
3x2048x10240,small_batch,2.0927,43,15.96,19.82,15.1
3x2048x11008,small_batch,2.0999,43,15.81,19.8,15.05
3x2048x13312,small_batch,2.1212,43,16.09,19.89,15.16
3x2048x13824,small_batch,2.1234,43,16.06,19.93,15.16
3x2048x14336,small_batch,2.1234,43,15.95,19.73,15.02
3x2048x16384,small_batch,2.1125,43,16.53,20.11,15.34
3x2048x2048,small_batch,1.085,43,2.03,2.86,1.2
3x2048x22016,small_batch,2.129,43,16.55,20.02,15.32
3x2048x2688,small_batch,1.4315,43,0.86,5.57,0.69
3x2048x27648,small_batch,2.1427,43,16.69,20.22,15.5
3x2048x28672,small_batch,2.1415,43,16.53,20.16,15.34
3x2048x32768,small_batch,2.1487,43,16.68,20.24,15.48
3x2048x3584,small_batch,1.8508,43,12.65,17.84,12.52
3x2048x4096,small_batch,1.9124,43,14.23,19.39,14.0
3x2048x5376,small_batch,1.9916,43,15.25,19.92,14.64
3x2048x5504,small_batch,1.9701,43,14.39,18.77,13.7
3x2048x6144,small_batch,2.0156,43,15.31,20.08,14.92
3x2048x6656,small_batch,2.0315,43,15.4,19.92,15.04
3x2048x8192,small_batch,2.0682,43,15.86,19.75,15.1
3x21504x7168,small_batch,9.3885,43,7.66,18.14,4.32
3x22016x2048,small_batch,9.8444,43,5.25,6.92,4.99
3x22016x4096,small_batch,12.888,43,10.73,22.49,9.5
3x22016x5120,small_batch,13.0874,43,9.47,25.65,8.77
3x22016x7168,small_batch,9.4886,43,6.88,19.18,3.26
3x22016x8192,small_batch,8.46,43,4.34,11.26,1.72
3x24576x8192,small_batch,9.8061,43,15.41,20.42,10.97
3x2560x2560,small_batch,1.7465,43,2.93,6.02,1.4
3x2560x7680,small_batch,2.5495,43,15.63,19.29,14.44
3x2688x2048,small_batch,1.4671,43,6.48,6.65,5.54
3x27648x2048,small_batch,12.5083,43,6.61,16.09,4.77
3x27648x4096,small_batch,14.9175,43,14.12,23.07,6.5
3x27648x5120,small_batch,12.8654,43,8.95,19.41,2.77
3x27648x7168,small_batch,9.9438,43,14.96,18.6,11.24
3x27648x8192,small_batch,10.3899,43,16.77,20.21,0.18
3x28672x2048,small_batch,12.9335,43,7.48,17.78,5.95
3x28672x4096,small_batch,15.1634,43,13.17,24.28,7.27
3x28672x5120,small_batch,12.0544,43,12.89,19.36,2.46
3x28672x7168,small_batch,10.6808,43,19.5,22.11,0.21
3x28672x8192,small_batch,10.5517,43,12.4,21.81,0.54
3x3072x1024,small_batch,0.818,43,0.18,0.68,0.17
3x3072x3072,small_batch,2.3479,43,4.14,6.23,0.33
3x3072x9216,small_batch,3.0419,43,14.27,18.19,13.31
3x32768x2048,small_batch,14.1969,43,8.06,15.51,1.12
3x32768x4096,small_batch,15.804,43,8.29,17.56,6.68
3x32768x5120,small_batch,11.5478,43,17.98,22.34,0.86
3x32768x7168,small_batch,11.319,43,18.94,23.2,0.51
3x32768x8192,small_batch,11.5565,43,10.38,15.99,1.75
3x3584x10752,small_batch,3.3971,43,12.33,15.89,10.91
3x3584x2048,small_batch,1.9808,43,1.77,3.31,1.24
3x3584x3584,small_batch,3.0202,43,8.08,12.86,7.41
3x3840x1280,small_batch,1.2848,43,5.14,6.06,3.37
3x4096x10240,small_batch,3.7063,43,4.13,9.36,3.36
3x4096x11008,small_batch,3.7477,43,4.86,9.9,4.1
3x4096x12288,small_batch,3.7939,43,5.47,10.57,4.7
3x4096x13312,small_batch,3.7967,43,5.08,10.19,4.53
3x4096x13824,small_batch,3.8236,43,5.77,10.81,5.09
3x4096x14336,small_batch,3.8239,43,5.74,10.65,5.08
3x4096x16384,small_batch,3.8704,43,5.97,11.28,5.53
3x4096x2048,small_batch,2.3397,43,3.24,8.52,3.07
3x4096x22016,small_batch,3.9412,43,6.95,12.19,6.49
3x4096x27648,small_batch,3.9948,43,7.74,12.96,7.31
3x4096x28672,small_batch,3.9832,43,7.5,12.66,6.95
3x4096x32768,small_batch,4.0029,43,8.62,14.11,8.32
3x4096x4096,small_batch,3.4188,43,1.47,7.66,0.13
3x4096x5376,small_batch,3.5464,43,1.59,7.74,1.17
3x4096x5504,small_batch,3.5394,43,1.14,7.2,0.93
3x4096x6656,small_batch,3.6361,43,1.75,8.48,1.66
3x4096x8192,small_batch,3.6444,43,3.36,8.92,2.89
3x4608x1536,small_batch,1.8309,43,1.86,2.69,1.7
3x5120x10240,small_batch,4.2105,43,3.72,7.67,0.37
3x5120x11008,small_batch,4.2335,43,4.14,7.81,0.75
3x5120x13312,small_batch,4.2624,43,4.08,7.78,0.66
3x5120x13824,small_batch,4.2677,43,4.09,7.73,0.72
3x5120x14336,small_batch,4.276,43,4.03,7.82,0.77
3x5120x15360,small_batch,4.2864,43,4.15,7.82,0.8
3x5120x16384,small_batch,4.2955,43,4.19,7.64,0.81
3x5120x22016,small_batch,4.3279,43,4.13,7.8,0.89
3x5120x27648,small_batch,3.6034,43,4.78,9.62,4.42
3x5120x28672,small_batch,3.2856,43,2.92,6.5,0.33
3x5120x32768,small_batch,3.2826,43,2.68,6.45,1.83
3x5120x5120,small_batch,4.1329,43,4.71,8.12,0.62
3x5120x5376,small_batch,4.1475,43,4.61,8.14,0.2
3x5120x5504,small_batch,4.1667,43,6.03,8.16,0.2
3x5120x6656,small_batch,4.0932,43,3.48,7.7,0.16
3x5120x8192,small_batch,4.1603,43,3.82,7.7,0.46
3x5376x2048,small_batch,2.9875,43,1.26,1.78,0.72
3x5376x4096,small_batch,4.1696,43,4.81,8.55,0.13
3x5376x5120,small_batch,4.3259,43,4.6,8.36,1.24
3x5504x2048,small_batch,2.9883,43,3.42,3.75,0.71
3x5504x4096,small_batch,4.7559,43,4.57,11.03,0.7
3x5504x5120,small_batch,4.9251,43,5.2,10.07,1.72
3x6144x18432,small_batch,5.0981,43,5.72,8.12,0.03
3x6144x2048,small_batch,2.7512,43,5.91,6.42,4.86
3x6144x6144,small_batch,4.8572,43,4.51,9.06,0.77
3x6656x2048,small_batch,3.1218,43,0.45,4.8,0.31
3x6656x4096,small_batch,5.215,43,7.88,9.69,2.0
3x6656x5120,small_batch,5.1195,43,5.32,8.2,0.7
3x7168x10240,small_batch,5.7437,43,8.6,10.31,1.85
3x7168x11008,small_batch,5.7649,43,8.4,10.28,1.63
3x7168x13312,small_batch,5.8096,43,9.86,10.61,2.84
3x7168x13824,small_batch,5.8156,43,9.31,10.55,1.77
3x7168x14336,small_batch,5.8255,43,8.42,10.29,1.23
3x7168x16384,small_batch,5.8496,43,10.02,10.4,1.15
3x7168x21504,small_batch,4.4201,43,6.19,9.78,1.58
3x7168x22016,small_batch,4.4081,43,6.42,8.7,2.6
3x7168x27648,small_batch,4.351,43,6.15,7.62,0.2
3x7168x28672,small_batch,4.3379,43,5.61,7.51,0.21
3x7168x32768,small_batch,4.3469,43,4.97,7.24,0.38
3x7168x7168,small_batch,5.6377,43,8.33,10.43,1.16
3x7168x8192,small_batch,5.6924,43,6.53,10.59,1.34
3x7680x2560,small_batch,4.5095,43,3.69,4.25,2.54
3x8192x10240,small_batch,6.8844,43,11.84,15.08,3.13
3x8192x11008,small_batch,6.9156,43,11.99,15.12,5.47
3x8192x13312,small_batch,6.9592,43,11.93,15.24,3.85
3x8192x13824,small_batch,6.9657,43,11.87,15.51,2.48
3x8192x14336,small_batch,6.9801,43,12.01,15.66,4.47
3x8192x16384,small_batch,6.8562,43,10.83,14.37,3.46
3x8192x2048,small_batch,3.7393,43,2.18,5.88,1.9
3x8192x22016,small_batch,5.1025,43,7.8,12.35,4.01
3x8192x24576,small_batch,5.0935,43,8.49,11.9,4.01
3x8192x27648,small_batch,5.1035,43,8.33,11.76,4.21
3x8192x28672,small_batch,5.0948,43,8.22,11.26,3.56
3x8192x32768,small_batch,5.119,43,7.86,11.79,3.88
3x8192x4096,small_batch,6.4102,43,11.41,12.7,4.62
3x8192x5120,small_batch,6.5574,43,11.62,13.23,3.43
3x8192x7168,small_batch,6.7393,43,11.52,13.69,3.12
3x8192x8192,small_batch,6.8051,43,11.71,16.41,4.15
3x9216x3072,small_batch,5.9723,43,0.14,6.33,0.0
400x14336x4096,compute_bound,359.8193,43,23.44,28.25,1.48
400x4096x14336,compute_bound,263.4569,43,15.67,18.91,5.1
400x4096x4096,compute_bound,241.2079,43,11.64,13.56,7.77
400x8192x8192,compute_bound,320.5372,43,8.29,14.38,7.25
4096x1024x1024,compute_bound,457.414,18,1.8,5.85,1.76
4096x11008x4096,compute_bound,605.989,18,0.9,1.97,0.77
4096x1280x8192,compute_bound,517.06,18,8.96,11.48,7.93
4096x128x128,compute_bound,10.79,18,0.64,0.96,0.21
4096x13312x16384,compute_bound,582.984,18,2.01,2.49,0.19
4096x13824x5120,compute_bound,604.345,18,0.37,1.3,0.08
4096x14336x4096,compute_bound,608.242,18,0.76,1.35,0.32
4096x16384x13312,compute_bound,585.607,18,1.73,2.15,0.02
4096x16384x16384,compute_bound,584.714,18,1.45,1.76,0.11
4096x2048x2048,compute_bound,606.895,18,1.34,3.54,0.41
4096x256x256,compute_bound,42.554,18,0.36,0.61,0.23
4096x28672x8192,compute_bound,582.42,18,0.89,2.25,0.06
4096x3072x3072,compute_bound,613.861,18,0.79,4.12,0.38
4096x4096x1024,compute_bound,549.423,18,4.03,5.94,3.75
4096x4096x10240,compute_bound,621.941,18,1.11,3.15,0.06
4096x4096x11008,compute_bound,623.913,18,1.76,4.16,0.7
4096x4096x12288,compute_bound,622.466,18,0.88,3.38,0.43
4096x4096x14336,compute_bound,626.62,18,1.91,3.94,1.02
4096x4096x1536,compute_bound,559.935,18,0.17,0.83,0.01
4096x4096x16384,compute_bound,610.7,18,2.19,4.8,0.25
4096x4096x2048,compute_bound,577.72,18,0.76,1.58,0.7
4096x4096x256,compute_bound,402.677,18,3.51,4.82,2.48
4096x4096x3072,compute_bound,602.265,18,2.29,2.57,1.21
4096x4096x4096,compute_bound,607.229,18,1.87,2.04,0.04
4096x4096x512,compute_bound,492.977,18,4.34,6.71,1.75
4096x4096x5120,compute_bound,614.513,18,1.73,3.34,1.59
4096x4096x6144,compute_bound,615.258,18,1.0,2.99,0.83
4096x4096x6656,compute_bound,616.565,18,1.3,2.98,0.3
4096x4096x7168,compute_bound,615.872,18,1.61,2.67,0.0
4096x4096x768,compute_bound,527.103,18,2.79,6.97,2.14
4096x4096x8192,compute_bound,620.027,18,1.59,4.1,0.57
4096x5120x13824,compute_bound,615.466,18,2.02,2.22,0.6
4096x5120x5120,compute_bound,607.811,18,0.78,2.04,0.28
4096x512x512,compute_bound,170.344,18,1.03,1.59,0.76
4096x6656x4096,compute_bound,593.623,18,1.19,2.43,0.61
4096x8192x1280,compute_bound,547.821,18,0.33,2.72,0.25
4096x8192x28672,compute_bound,582.565,18,0.89,1.81,0.19
4096x8192x4096,compute_bound,605.665,18,0.48,1.01,0.14
4096x8192x8192,compute_bound,622.203,18,0.69,0.9,0.33
40x14336x4096,medium_batch,101.0915,43,2.77,7.79,1.69
40x4096x14336,medium_batch,48.3971,43,13.77,17.67,8.39
40x4096x4096,medium_batch,45.3377,43,13.57,15.74,6.69
40x8192x8192,medium_batch,86.8555,43,14.85,18.83,10.13
416x14336x4096,compute_bound,373.6368,43,23.74,28.18,2.57
416x4096x14336,compute_bound,274.1797,43,14.77,19.49,5.26
416x4096x4096,compute_bound,244.1774,43,7.99,11.26,4.99
416x8192x8192,compute_bound,327.4851,43,9.23,14.16,3.62
41x14336x4096,medium_batch,104.2469,43,2.94,6.72,2.04
41x4096x14336,medium_batch,49.6685,43,13.63,17.55,9.87
41x4096x4096,medium_batch,46.4084,43,12.94,14.85,7.15
41x8192x8192,medium_batch,88.7397,43,14.19,18.74,9.42
42x14336x4096,medium_batch,105.7818,43,6.13,8.78,1.69
42x4096x14336,medium_batch,50.838,43,13.78,18.07,10.03
42x4096x4096,medium_batch,47.4763,43,12.62,14.73,7.72
42x8192x8192,medium_batch,89.5154,43,11.54,17.91,7.53
432x14336x4096,compute_bound,369.9858,43,21.76,24.04,0.58
432x4096x14336,compute_bound,280.0045,43,14.14,18.93,3.13
432x4096x4096,compute_bound,254.8214,43,8.45,13.36,1.46
432x8192x8192,compute_bound,341.3641,43,9.32,16.21,7.1
43x14336x4096,medium_batch,108.4866,43,0.68,9.01,0.68
43x4096x14336,medium_batch,52.0913,43,13.88,18.08,8.33
43x4096x4096,medium_batch,48.6067,43,13.64,15.7,8.41
43x8192x8192,medium_batch,93.5527,43,17.16,20.7,11.6
448x14336x4096,compute_bound,393.2238,43,23.15,26.3,1.68
448x4096x14336,compute_bound,289.67,43,16.11,18.73,4.45
448x4096x4096,compute_bound,255.618,43,8.42,9.83,3.93
448x8192x8192,compute_bound,353.1734,43,9.98,14.85,4.88
44x14336x4096,medium_batch,109.0372,43,4.36,8.36,1.0
44x4096x14336,medium_batch,53.1711,43,13.82,17.99,11.3
44x4096x4096,medium_batch,49.8715,43,13.87,16.31,7.51
44x8192x8192,medium_batch,95.4175,43,16.67,19.49,10.64
45x14336x4096,medium_batch,113.435,43,3.81,10.61,0.6
45x4096x14336,medium_batch,54.4462,43,13.83,20.01,9.69
45x4096x4096,medium_batch,50.8657,43,13.53,17.2,9.52
45x8192x8192,medium_batch,99.1903,43,16.89,20.83,11.06
464x14336x4096,compute_bound,395.5431,43,21.81,24.45,0.03
464x4096x14336,compute_bound,288.3135,43,12.95,18.18,1.13
464x4096x4096,compute_bound,262.2455,43,11.79,15.84,4.14
464x8192x8192,compute_bound,358.0353,43,8.9,15.08,4.42
46x14336x4096,medium_batch,117.1629,43,3.44,10.71,1.96
46x4096x14336,medium_batch,55.5646,43,13.72,19.95,10.08
46x4096x4096,medium_batch,51.9261,43,13.52,15.68,4.38
46x8192x8192,medium_batch,96.3862,43,13.0,18.87,7.04
47x14336x4096,medium_batch,118.5758,43,1.36,9.0,0.68
47x4096x14336,medium_batch,56.5167,43,13.39,18.92,10.14
47x4096x4096,medium_batch,53.0567,43,13.42,15.87,8.96
47x8192x8192,medium_batch,99.9815,43,16.31,19.52,8.0
480x14336x4096,compute_bound,399.2001,43,20.01,22.49,0.03
480x4096x14336,compute_bound,298.0046,43,12.7,18.32,1.25
480x4096x4096,compute_bound,263.1204,43,6.83,10.38,2.43
480x8192x8192,compute_bound,372.183,43,9.18,15.19,6.59
48x11008x2048,medium_batch,89.7438,43,5.79,8.65,3.68
48x11008x4096,medium_batch,99.4034,43,5.23,8.35,1.63
48x11008x5120,medium_batch,103.8174,43,4.41,10.52,4.34
48x11008x7168,medium_batch,102.8795,43,3.47,6.94,2.23
48x11008x8192,medium_batch,104.7523,43,5.15,7.16,2.09
48x13312x2048,medium_batch,102.7257,43,3.34,5.64,0.47
48x13312x4096,medium_batch,114.6206,43,3.8,11.01,2.06
48x13312x5120,medium_batch,112.8785,43,1.1,3.4,0.35
48x13312x7168,medium_batch,114.2774,43,2.2,6.37,0.74
48x13312x8192,medium_batch,116.3556,43,1.14,5.71,0.66
48x14336x2048,medium_batch,110.6277,43,6.88,7.56,4.51
48x14336x4096,medium_batch,120.5832,61,7.89,10.3,3.87
48x14336x5120,medium_batch,121.5593,43,3.21,10.12,2.03
48x14336x7168,medium_batch,122.2126,43,5.4,9.88,3.77
48x14336x8192,medium_batch,122.5773,43,5.9,9.03,2.79
48x16384x2048,medium_batch,115.5306,43,3.6,6.32,0.57
48x16384x4096,medium_batch,130.1137,43,3.29,9.18,1.67
48x16384x5120,medium_batch,132.8669,43,5.08,7.74,1.43
48x16384x7168,medium_batch,133.2564,43,5.59,9.28,4.17
48x16384x8192,medium_batch,126.7812,43,5.41,8.05,5.09
48x2048x11008,medium_batch,32.1584,43,13.27,19.5,13.09
48x2048x13312,medium_batch,32.3756,43,12.49,18.89,12.26
48x2048x14336,medium_batch,32.4537,43,13.18,19.46,12.51
48x2048x16384,medium_batch,32.2678,43,12.28,19.06,11.82
48x2048x2048,medium_batch,18.8933,43,1.3,3.62,1.3
48x2048x27648,medium_batch,31.973,43,10.8,17.77,10.78
48x2048x5504,medium_batch,31.3379,43,14.4,20.7,13.72
48x2048x8192,medium_batch,31.8586,43,12.91,18.37,12.66
48x27648x2048,medium_batch,135.9668,43,5.49,12.76,3.76
48x27648x4096,medium_batch,161.2524,43,8.78,15.0,2.89
48x27648x5120,medium_batch,150.7036,43,13.12,21.73,9.71
48x27648x7168,medium_batch,118.9695,43,5.38,10.41,3.18
48x27648x8192,medium_batch,119.4751,43,6.45,10.76,6.06
48x3072x3072,medium_batch,,18,0.0,0.0,0.0
48x4096x11008,medium_batch,57.2912,43,13.45,18.88,9.33
48x4096x13312,medium_batch,57.8173,43,13.87,19.54,8.28
48x4096x14336,medium_batch,57.6248,61,13.34,18.65,9.42
48x4096x16384,medium_batch,58.4169,43,14.0,17.03,10.88
48x4096x27648,medium_batch,58.9332,43,13.54,19.82,11.68
48x4096x4096,medium_batch,54.0402,61,13.09,15.36,8.15
48x4096x5504,medium_batch,54.9612,43,11.76,15.7,7.27
48x4096x8192,medium_batch,56.5078,43,13.34,20.59,7.36
48x5120x11008,medium_batch,68.2491,43,13.5,21.09,13.39
48x5120x13312,medium_batch,68.5703,43,13.1,19.99,13.07
48x5120x14336,medium_batch,68.39,43,13.11,19.52,12.75
48x5120x16384,medium_batch,69.1048,43,13.37,19.93,13.11
48x5120x27648,medium_batch,55.5937,43,11.6,17.16,9.01
48x5120x5120,medium_batch,66.5481,61,14.73,20.47,13.79
48x5120x5504,medium_batch,67.2649,43,16.41,20.88,14.19
48x5120x8192,medium_batch,67.2782,43,13.59,20.28,13.14
48x5504x2048,medium_batch,49.7485,43,0.73,1.81,0.37
48x5504x4096,medium_batch,63.8595,43,9.03,11.78,3.86
48x5504x5120,medium_batch,65.4393,43,9.16,11.65,3.46
48x7168x11008,medium_batch,89.6174,43,14.51,18.09,8.82
48x7168x13312,medium_batch,89.1493,43,12.37,17.71,8.39
48x7168x14336,medium_batch,89.1268,43,12.54,17.89,7.59
48x7168x16384,medium_batch,89.3735,43,12.09,18.02,7.82
48x7168x27648,medium_batch,66.8817,43,9.43,12.69,8.91
48x7168x7168,medium_batch,89.7438,43,14.62,19.34,11.02
48x7168x8192,medium_batch,90.494,43,15.3,19.8,10.63
48x8192x11008,medium_batch,102.0312,43,16.05,18.19,7.02
48x8192x13312,medium_batch,100.128,43,13.52,17.35,5.57
48x8192x14336,medium_batch,102.1185,43,14.2,18.29,6.83
48x8192x16384,medium_batch,100.0754,43,16.74,18.22,9.82
48x8192x2048,medium_batch,73.7696,43,2.33,3.88,0.91
48x8192x27648,medium_batch,75.5006,43,10.13,13.24,9.73
48x8192x4096,medium_batch,100.2623,43,17.83,20.28,10.29
48x8192x5120,medium_batch,99.4181,43,14.17,18.79,8.92
48x8192x7168,medium_batch,102.8657,43,16.89,22.05,7.76
48x8192x8192,medium_batch,102.6947,61,17.45,20.51,9.22
496x14336x4096,compute_bound,410.2927,43,18.85,23.39,0.81
496x4096x14336,compute_bound,301.3024,43,13.68,17.28,0.04
496x4096x4096,compute_bound,263.1138,43,0.25,10.13,0.0
496x8192x8192,compute_bound,383.082,43,9.66,16.24,6.69
49x14336x4096,medium_batch,122.5684,43,8.58,10.05,2.01
49x4096x14336,medium_batch,56.5556,43,13.31,17.69,10.53
49x4096x4096,medium_batch,55.4637,43,16.0,19.04,13.75
49x8192x8192,medium_batch,102.2254,43,14.44,16.31,10.73
4x10240x2048,small_batch,6.2978,43,0.6,3.06,0.15
4x10240x4096,small_batch,9.9954,43,10.18,16.53,9.89
4x10240x5120,small_batch,9.0105,43,10.27,15.06,8.65
4x10240x7168,small_batch,10.5151,43,13.36,18.38,10.47
4x10240x8192,small_batch,10.5625,43,11.0,19.74,10.4
4x1024x1024,small_batch,0.3212,61,0.47,0.78,0.31
4x1024x3072,small_batch,0.8911,43,0.28,1.54,0.0
4x10752x3584,small_batch,10.2334,43,12.86,15.7,10.69
4x11008x2048,small_batch,6.8213,43,1.34,4.62,1.05
4x11008x4096,small_batch,10.5437,61,14.0,17.25,10.95
4x11008x5120,small_batch,10.7706,43,13.92,17.72,11.14
4x11008x7168,small_batch,11.0346,43,14.18,19.28,13.72
4x11008x8192,small_batch,11.1509,43,14.46,19.61,14.1
4x12288x4096,small_batch,11.7694,43,13.39,17.09,9.15
4x1280x1280,small_batch,0.5003,43,0.46,0.92,0.46
4x1280x3840,small_batch,1.3539,43,3.33,4.1,1.63
4x1280x8192,small_batch,,18,0.0,0.0,0.0
4x128x128,small_batch,,18,0.0,0.0,0.0
4x13312x16384,small_batch,,18,0.0,0.0,0.0
4x13312x2048,small_batch,8.274,43,3.09,5.05,1.05
4x13312x4096,small_batch,12.5737,43,16.73,18.76,10.81
4x13312x5120,small_batch,12.8405,43,15.4,20.66,11.07
4x13312x7168,small_batch,13.1508,43,18.82,21.29,11.1
4x13312x8192,small_batch,13.255,43,18.06,21.65,11.33
4x13824x2048,small_batch,8.5793,43,2.37,4.63,0.0
4x13824x4096,small_batch,12.9676,43,16.87,18.73,11.56
4x13824x5120,small_batch,13.247,61,14.84,19.83,11.6
4x13824x7168,small_batch,13.5443,43,18.61,21.58,11.56
4x13824x8192,small_batch,13.6484,43,16.94,21.66,11.82
4x14336x2048,small_batch,8.7512,43,2.48,4.01,2.33
4x14336x4096,small_batch,13.4172,61,17.86,20.11,9.62
4x14336x5120,small_batch,13.712,43,18.95,22.65,17.07
4x14336x7168,small_batch,14.0079,43,18.52,21.11,9.23
4x14336x8192,small_batch,14.0858,43,18.98,21.35,9.31
4x15360x5120,small_batch,14.3555,43,17.99,21.86,10.62
4x1536x1536,small_batch,0.7182,43,1.2,1.5,0.75
4x1536x4608,small_batch,1.9549,43,15.83,18.67,14.64
4x16384x13312,small_batch,,18,0.0,0.0,0.0
4x16384x16384,small_batch,,18,0.0,0.0,0.0
4x16384x2048,small_batch,8.7937,43,3.05,3.18,1.93
4x16384x4096,small_batch,14.6626,43,11.86,20.87,9.86
4x16384x5120,small_batch,15.0647,43,12.99,19.65,10.47
4x16384x7168,small_batch,15.3791,43,13.01,21.84,8.08
4x16384x8192,small_batch,15.5381,43,14.82,22.54,9.87
4x18432x6144,small_batch,15.6293,43,13.04,19.34,7.66
4x2048x10240,small_batch,2.7681,43,15.14,19.27,14.38
4x2048x11008,small_batch,2.7912,43,15.42,19.35,14.57
4x2048x13312,small_batch,2.8137,43,15.58,19.38,14.65
4x2048x13824,small_batch,2.8171,43,15.6,19.34,14.53
4x2048x14336,small_batch,2.8094,43,15.37,19.11,14.18
4x2048x16384,small_batch,2.8155,43,16.35,20.0,15.15
4x2048x2048,small_batch,1.2175,61,3.51,4.31,0.72
4x2048x22016,small_batch,2.8369,43,16.39,19.99,15.13
4x2048x2688,small_batch,1.5683,43,2.51,4.37,2.37
4x2048x27648,small_batch,2.849,43,16.41,19.92,15.14
4x2048x28672,small_batch,2.8532,43,16.48,20.0,15.28
4x2048x32768,small_batch,2.8667,43,16.7,20.17,15.39
4x2048x3584,small_batch,2.103,43,2.38,3.73,0.85
4x2048x4096,small_batch,2.2218,43,1.57,7.15,1.44
4x2048x5376,small_batch,2.6427,43,14.84,19.38,14.31
4x2048x5504,small_batch,2.6237,43,13.95,18.75,13.51
4x2048x6144,small_batch,2.659,43,14.78,18.95,13.93
4x2048x6656,small_batch,2.6953,43,15.27,19.33,14.26
4x2048x8192,small_batch,2.7508,43,15.54,19.45,14.59
4x21504x7168,small_batch,12.7094,43,9.32,19.62,5.09
4x22016x2048,small_batch,12.2841,43,4.31,4.8,0.41
4x22016x4096,small_batch,16.7679,43,8.29,25.11,7.65
4x22016x5120,small_batch,17.4229,43,10.21,27.37,9.9
4x22016x7168,small_batch,12.1962,43,3.73,16.73,1.68
4x22016x8192,small_batch,11.4486,43,5.92,13.93,2.48
4x24576x8192,small_batch,11.6841,43,5.7,10.67,5.67
4x2560x2560,small_batch,1.7904,43,0.96,2.27,0.27
4x2560x7680,small_batch,3.3934,43,15.67,19.26,14.42
4x256x256,small_batch,,18,0.0,0.0,0.0
4x2688x2048,small_batch,1.6167,43,5.81,6.46,2.99
4x27648x2048,small_batch,15.618,43,2.82,10.61,2.69
4x27648x4096,small_batch,19.8035,43,12.42,23.56,7.08
4x27648x5120,small_batch,16.8571,43,11.92,21.34,5.89
4x27648x7168,small_batch,12.2415,43,6.91,10.47,5.08
4x27648x8192,small_batch,12.3548,43,5.55,11.01,2.81
4x28672x2048,small_batch,15.3894,43,3.06,7.97,2.81
4x28672x4096,small_batch,20.2877,43,13.86,22.93,7.15
4x28672x5120,small_batch,15.4621,43,10.48,15.88,1.96
4x28672x7168,small_batch,12.3103,43,6.84,10.09,4.63
4x28672x8192,small_batch,12.572,61,8.78,11.15,3.82
4x3072x1024,small_batch,0.9725,43,2.43,2.71,2.13
4x3072x3072,small_batch,2.6732,61,3.03,3.69,2.22
4x3072x9216,small_batch,4.0384,43,13.9,17.89,12.88
4x32768x2048,small_batch,18.7435,43,6.78,14.57,1.52
4x32768x4096,small_batch,21.0385,43,9.06,18.07,6.53
4x32768x5120,small_batch,13.6417,43,9.27,12.38,4.77
4x32768x7168,small_batch,13.4903,43,8.43,14.44,3.74
4x32768x8192,small_batch,15.3206,43,17.71,26.41,3.13
4x3584x10752,small_batch,4.5029,43,11.72,15.31,10.34
4x3584x2048,small_batch,2.0881,43,3.57,5.14,2.5
4x3584x3584,small_batch,3.7339,43,4.32,6.4,2.28
4x3840x1280,small_batch,1.4123,43,2.52,3.47,1.83
4x4096x10240,small_batch,4.9828,43,4.87,9.87,4.0
4x4096x11008,small_batch,4.9774,61,4.49,9.41,3.52
4x4096x12288,small_batch,5.0281,43,4.67,9.75,4.08
4x4096x13312,small_batch,5.1121,43,6.17,11.06,5.33
4x4096x13824,small_batch,5.1375,43,6.46,11.29,5.62
4x4096x14336,small_batch,5.1163,61,6.03,10.89,5.17
4x4096x16384,small_batch,5.0996,43,4.92,10.0,4.19
4x4096x2048,small_batch,2.3139,43,2.82,3.6,2.43
4x4096x22016,small_batch,5.2229,43,6.91,11.57,5.82
4x4096x27648,small_batch,5.2852,43,7.72,12.26,6.57
4x4096x28672,small_batch,5.2479,43,6.76,11.61,5.74
4x4096x32768,small_batch,5.3034,43,8.21,13.8,8.16
4x4096x4096,small_batch,4.5033,61,0.27,7.23,0.14
4x4096x5376,small_batch,4.7335,43,1.9,7.74,1.59
4x4096x5504,small_batch,4.6945,43,1.03,7.07,0.93
4x4096x6656,small_batch,4.8438,61,2.26,8.39,1.84
4x4096x8192,small_batch,4.8486,61,3.15,8.54,2.61
4x4608x1536,small_batch,2.0485,43,3.5,4.96,2.82
4x5120x10240,small_batch,5.617,43,3.77,7.81,0.59
4x5120x11008,small_batch,5.6417,43,4.32,7.77,0.55
4x5120x13312,small_batch,5.6903,43,4.74,7.79,0.75
4x5120x13824,small_batch,5.6994,61,5.09,8.01,0.76
4x5120x14336,small_batch,5.7035,43,4.5,7.78,0.73
4x5120x15360,small_batch,5.7276,43,4.72,8.02,0.83
4x5120x16384,small_batch,5.7331,43,4.54,7.8,0.95
4x5120x22016,small_batch,5.7779,43,4.18,7.85,0.87
4x5120x27648,small_batch,4.9352,43,5.63,10.54,3.96
4x5120x28672,small_batch,4.4683,43,3.94,7.61,1.99
4x5120x32768,small_batch,4.3705,43,3.11,6.58,1.72
4x5120x5120,small_batch,5.5164,61,6.23,8.22,0.21
4x5120x5376,small_batch,5.5524,43,4.81,7.74,0.3
4x5120x5504,small_batch,5.5501,43,5.68,8.15,0.0
4x5120x6656,small_batch,5.4619,43,3.41,7.57,0.32
4x5120x8192,small_batch,5.547,43,3.88,8.54,0.53
4x512x512,small_batch,,18,0.0,0.0,0.0
4x5376x2048,small_batch,3.1681,43,3.48,3.61,0.71
4x5376x4096,small_batch,5.5805,43,3.55,9.43,1.13
4x5376x5120,small_batch,5.7498,43,4.3,8.43,1.75
4x5504x2048,small_batch,3.3007,43,6.06,6.32,5.01
4x5504x4096,small_batch,6.3143,43,6.79,10.31,1.66
4x5504x5120,small_batch,6.5059,43,5.57,11.28,0.69
4x6144x18432,small_batch,6.7955,43,7.45,9.88,0.12
4x6144x2048,small_batch,3.6209,43,3.08,3.35,2.94
4x6144x6144,small_batch,6.4597,43,4.5,7.96,0.68
4x6656x2048,small_batch,3.9056,43,3.46,4.13,2.52
4x6656x4096,small_batch,6.9533,61,8.21,11.22,3.22
4x6656x5120,small_batch,6.8328,43,7.0,9.54,1.09
4x7168x10240,small_batch,7.6663,43,10.19,11.44,1.75
4x7168x11008,small_batch,7.6866,43,10.25,11.75,1.25
4x7168x13312,small_batch,7.7462,43,10.25,11.8,2.5
4x7168x13824,small_batch,7.748,43,9.72,11.6,2.22
4x7168x14336,small_batch,7.7644,43,10.38,11.72,2.26
4x7168x16384,small_batch,7.7994,43,10.29,12.08,2.12
4x7168x21504,small_batch,5.9026,43,6.74,11.11,4.03
4x7168x22016,small_batch,5.8763,43,6.52,10.12,2.72
4x7168x27648,small_batch,5.7912,43,6.09,8.38,0.41
4x7168x28672,small_batch,5.7839,43,6.29,8.17,1.12
4x7168x32768,small_batch,5.783,43,5.91,8.51,1.21
4x7168x7168,small_batch,7.5225,43,9.01,10.5,1.87
4x7168x8192,small_batch,7.5801,43,10.42,10.68,1.53
4x7680x2560,small_batch,5.7739,43,1.45,1.45,0.44
4x8192x10240,small_batch,9.1793,43,12.05,13.83,2.82
4x8192x11008,small_batch,9.202,43,11.85,15.79,4.86
4x8192x1280,small_batch,,18,0.0,0.0,0.0
4x8192x13312,small_batch,9.2789,43,12.0,16.27,6.61
4x8192x13824,small_batch,9.2875,43,11.97,16.41,5.14
4x8192x14336,small_batch,9.303,43,11.98,15.66,4.62
4x8192x16384,small_batch,9.1541,43,11.06,14.49,3.81
4x8192x2048,small_batch,4.5459,43,1.34,1.47,1.21
4x8192x22016,small_batch,6.7995,43,8.5,13.08,4.66
4x8192x24576,small_batch,6.7834,43,8.96,12.59,5.12
4x8192x27648,small_batch,6.817,43,9.56,13.0,5.3
4x8192x28672,small_batch,6.8009,61,8.77,12.73,4.91
4x8192x32768,small_batch,6.8245,43,9.32,12.61,5.45
4x8192x4096,small_batch,8.525,61,10.98,14.0,5.53
4x8192x5120,small_batch,8.7252,43,11.11,13.04,4.38
4x8192x7168,small_batch,8.979,43,11.52,14.75,2.97
4x8192x8192,small_batch,9.0613,61,11.6,14.31,3.39
4x9216x3072,small_batch,7.997,43,3.28,7.34,2.35
50x14336x4096,medium_batch,125.8201,43,7.9,8.41,0.42
50x4096x14336,medium_batch,60.6464,43,14.17,19.49,13.28
50x4096x4096,medium_batch,56.5194,43,14.93,19.37,13.33
50x8192x8192,medium_batch,102.1491,43,13.41,14.94,7.29
5120x14336x4096,compute_bound,602.277,18,0.75,1.39,0.37
5120x3072x3072,compute_bound,593.98,18,0.53,3.91,0.29
5120x4096x14336,compute_bound,610.826,18,2.13,2.92,0.04
5120x4096x4096,compute_bound,601.523,18,0.18,1.73,0.16
5120x5120x5120,compute_bound,589.773,18,0.86,1.3,0.44
5120x8192x8192,compute_bound,617.726,18,0.54,1.21,0.43
512x1024x1024,compute_bound,85.183,18,1.14,2.72,1.12
512x1024x4096,compute_bound,122.6713,43,15.06,15.8,6.32
512x1024x8192,compute_bound,122.7396,43,9.39,14.57,7.17
512x11008x4096,compute_bound,530.46,18,13.24,15.93,13.21
512x1280x8192,compute_bound,233.588,18,36.77,44.27,0.05
512x128x128,compute_bound,1.342,18,0.45,0.52,0.15
512x128x512,compute_bound,2.5229,43,0.75,1.04,0.45
512x13312x16384,compute_bound,519.526,18,2.17,10.67,0.72
512x13824x5120,compute_bound,561.422,18,2.77,3.73,0.73
512x1408x4096,compute_bound,145.8132,43,10.53,14.03,5.25
512x1408x7168,compute_bound,149.6404,43,5.17,17.31,4.59
512x1408x8192,compute_bound,151.8202,43,9.63,16.36,6.63
512x14336x4096,compute_bound,562.55,18,2.23,2.55,0.33
512x16384x13312,compute_bound,559.362,18,2.1,7.65,0.45
512x16384x16384,compute_bound,562.418,18,3.09,7.72,0.68
512x2048x11008,compute_bound,202.4844,43,11.26,18.12,3.56
512x2048x13312,compute_bound,199.8532,43,8.6,17.86,0.2
512x2048x14336,compute_bound,200.9892,43,8.05,15.73,0.51
512x2048x16384,compute_bound,204.8991,43,9.32,18.29,3.64
512x2048x2048,compute_bound,295.416,61,31.3,37.79,0.51
512x2048x22016,compute_bound,207.6655,43,11.44,18.24,4.14
512x2048x27648,compute_bound,205.1859,43,9.6,17.26,1.55
512x2048x4096,compute_bound,194.7522,43,13.24,15.76,2.3
512x2048x5504,compute_bound,202.1989,43,14.98,17.2,5.44
512x2048x7168,compute_bound,190.4811,43,9.92,11.62,0.35
512x2048x8192,compute_bound,199.0969,43,8.3,15.6,2.8
512x256x256,compute_bound,5.334,18,0.67,0.9,0.28
512x256x512,compute_bound,5.1387,43,0.61,0.76,0.46
512x2816x4096,compute_bound,222.1813,43,3.84,16.38,2.64
512x2816x7168,compute_bound,245.5805,43,15.11,23.77,6.08
512x2816x8192,compute_bound,242.5638,43,12.3,21.73,1.78
512x28672x8192,compute_bound,534.442,18,2.67,3.16,0.45
512x3072x3072,compute_bound,333.113,18,14.32,17.27,1.06
512x3584x11008,compute_bound,286.0124,43,13.45,20.91,2.38
512x3584x13312,compute_bound,291.5496,43,15.56,22.09,3.46
512x3584x14336,compute_bound,289.0955,43,14.59,20.07,2.55
512x3584x16384,compute_bound,295.5277,43,14.55,19.9,6.46
512x3584x22016,compute_bound,293.0337,43,14.69,22.14,4.18
512x3584x27648,compute_bound,300.0015,43,16.87,24.01,4.97
512x3584x3584,compute_bound,250.4491,43,9.46,12.42,0.83
512x3584x5504,compute_bound,271.9702,43,10.48,14.84,1.01
512x3584x8192,compute_bound,278.5787,43,11.21,16.77,1.54
512x4096x11008,compute_bound,418.56,61,6.7,13.53,1.11
512x4096x13312,compute_bound,308.5618,43,11.05,18.26,1.55
512x4096x14336,compute_bound,415.223,61,5.25,10.66,0.07
512x4096x16384,compute_bound,316.6723,43,13.95,16.69,1.51
512x4096x22016,compute_bound,316.199,43,13.95,19.78,1.06
512x4096x27648,compute_bound,317.5124,43,13.97,18.92,2.18
512x4096x4096,compute_bound,388.375,61,4.62,13.96,1.69
512x4096x5504,compute_bound,280.8346,43,8.39,10.35,1.54
512x4096x6656,compute_bound,403.658,18,5.03,12.87,1.35
512x4096x7168,compute_bound,306.8241,43,14.65,16.94,1.13
512x4096x8192,compute_bound,415.376,61,6.82,13.58,2.07
512x5120x11008,compute_bound,299.3942,43,13.03,18.32,7.16
512x5120x13312,compute_bound,303.1522,43,13.42,17.52,7.62
512x5120x13824,compute_bound,396.923,18,4.58,9.68,4.06
512x5120x14336,compute_bound,303.6956,43,12.29,15.87,5.98
512x5120x16384,compute_bound,305.1898,43,12.25,19.88,7.12
512x5120x22016,compute_bound,311.7675,43,17.02,18.87,8.39
512x5120x27648,compute_bound,273.4415,43,10.18,14.5,4.07
512x5120x5120,compute_bound,381.851,61,8.81,10.25,7.63
512x5120x5504,compute_bound,280.5064,43,8.74,14.37,3.57
512x5120x8192,compute_bound,294.4602,43,10.43,20.61,6.11
512x512x128,compute_bound,2.5972,43,1.07,1.22,0.62
512x512x256,compute_bound,5.0308,43,0.75,1.33,0.45
512x512x512,compute_bound,21.232,61,0.51,0.91,0.34
512x512x64,compute_bound,1.2464,43,0.44,0.88,0.44
512x512x80,compute_bound,1.6133,43,0.61,0.61,0.31
512x512x96,compute_bound,1.8725,43,0.15,0.59,0.15
512x5504x2048,compute_bound,239.3167,43,3.68,4.82,2.04
512x5504x3584,compute_bound,284.7163,43,10.51,17.93,4.68
512x5504x4096,compute_bound,285.1428,43,8.84,16.9,3.3
512x5504x5120,compute_bound,298.1538,43,12.84,17.29,7.22
512x64x512,compute_bound,1.3067,43,0.93,1.23,0.31
512x6656x4096,compute_bound,470.34,18,9.79,15.64,9.78
512x7168x11008,compute_bound,363.6109,43,11.23,20.24,5.31
512x7168x13312,compute_bound,365.0259,43,10.51,18.6,4.21
512x7168x14336,compute_bound,365.4821,43,10.4,18.54,5.56
512x7168x16384,compute_bound,367.8435,43,10.72,18.19,6.42
512x7168x22016,compute_bound,340.0119,43,13.27,16.52,12.14
512x7168x27648,compute_bound,337.2501,43,13.95,17.19,12.09
512x7168x7168,compute_bound,356.02,43,9.03,17.8,4.68
512x7168x8192,compute_bound,364.0508,43,10.25,19.19,6.74
512x80x512,compute_bound,1.5745,43,0.75,1.19,0.6
512x8192x11008,compute_bound,388.8468,43,8.41,15.03,2.79
512x8192x1280,compute_bound,445.359,18,6.38,6.96,6.17
512x8192x13312,compute_bound,388.942,43,6.44,14.82,2.22
512x8192x14336,compute_bound,387.2006,43,6.73,14.12,3.99
512x8192x16384,compute_bound,370.0206,43,12.59,15.54,6.32
512x8192x2048,compute_bound,311.8906,43,4.51,12.31,2.96
512x8192x28672,compute_bound,486.82,18,3.18,10.96,0.07
512x8192x3584,compute_bound,360.1218,43,6.42,14.13,4.97
512x8192x4096,compute_bound,532.919,61,5.23,7.07,5.04
512x8192x5120,compute_bound,370.342,43,6.34,16.43,4.55
512x8192x7168,compute_bound,388.2532,43,8.52,16.97,6.51
512x8192x8192,compute_bound,537.333,61,0.95,3.81,0.9
512x96x512,compute_bound,1.957,43,0.92,1.38,0.92
51x14336x4096,medium_batch,127.4626,43,8.07,9.21,3.54
51x4096x14336,medium_batch,61.9874,43,14.53,20.37,14.28
51x4096x4096,medium_batch,57.7276,43,16.67,17.78,13.25
51x8192x8192,medium_batch,107.1322,43,16.58,17.4,10.24
52x14336x4096,medium_batch,131.5322,43,8.88,12.53,1.53
52x4096x14336,medium_batch,63.2558,43,14.36,19.43,14.11
52x4096x4096,medium_batch,58.7011,43,16.54,18.37,13.12
52x8192x8192,medium_batch,111.4676,43,17.39,18.38,11.49
53x14336x4096,medium_batch,132.687,43,8.59,10.54,7.5
53x4096x14336,medium_batch,64.3383,43,14.15,19.23,14.12
53x4096x4096,medium_batch,59.8299,43,16.44,20.3,13.12
53x8192x8192,medium_batch,106.3946,43,9.54,14.76,7.43
54x14336x4096,medium_batch,134.731,43,6.6,7.92,1.01
54x4096x14336,medium_batch,65.6337,43,14.35,19.57,14.22
54x4096x4096,medium_batch,60.9588,43,16.44,18.46,12.91
54x8192x8192,medium_batch,112.0279,43,14.55,18.23,13.22
55x14336x4096,medium_batch,136.9932,43,6.81,8.76,3.37
55x4096x14336,medium_batch,66.711,43,14.2,18.54,14.02
55x4096x4096,medium_batch,62.1713,43,16.65,18.39,13.13
55x8192x8192,medium_batch,112.364,43,11.88,15.07,9.44
56x14336x4096,medium_batch,138.8948,43,7.0,8.44,6.78
56x4096x14336,medium_batch,67.9801,43,14.15,20.27,14.09
56x4096x4096,medium_batch,63.3017,43,16.83,19.46,13.23
56x8192x8192,medium_batch,110.3683,43,9.57,11.87,8.55
57x14336x4096,medium_batch,144.0554,43,8.08,11.38,6.83
57x4096x14336,medium_batch,69.194,43,14.3,20.35,14.18
57x4096x4096,medium_batch,64.3454,43,16.63,19.52,13.22
57x8192x8192,medium_batch,117.8872,43,13.78,17.43,9.7
58x14336x4096,medium_batch,146.8355,43,6.99,10.09,2.69
58x4096x14336,medium_batch,70.3498,43,14.17,18.54,14.11
58x4096x4096,medium_batch,65.3863,43,16.61,17.81,13.2
58x8192x8192,medium_batch,111.6812,43,7.35,12.17,4.81
59x14336x4096,medium_batch,149.2384,43,7.21,10.78,3.98
59x4096x14336,medium_batch,71.6226,43,14.18,19.71,14.12
59x4096x4096,medium_batch,66.5136,43,16.52,19.59,13.1
59x8192x8192,medium_batch,124.8754,43,17.16,18.9,14.8
5x14336x4096,small_batch,16.771,43,18.77,21.26,9.62
5x4096x14336,small_batch,6.3675,43,5.23,11.09,5.19
5x4096x4096,small_batch,5.6366,43,0.93,7.36,0.93
5x8192x8192,small_batch,11.2961,43,11.67,15.98,2.56
60x14336x4096,medium_batch,148.9417,43,6.42,10.94,2.56
60x4096x14336,medium_batch,72.7464,43,14.16,19.35,14.13
60x4096x4096,medium_batch,67.7297,43,16.72,20.13,13.21
60x8192x8192,medium_batch,119.3754,43,10.0,13.46,7.78
6144x1024x1024,compute_bound,494.177,18,10.18,10.37,8.66
6144x11008x4096,compute_bound,598.02,18,0.55,1.14,0.4
6144x1280x8192,compute_bound,630.818,18,1.24,2.07,0.17
6144x128x128,compute_bound,15.935,18,1.06,1.68,0.8
6144x13312x16384,compute_bound,577.861,18,1.16,2.33,0.06
6144x13824x5120,compute_bound,602.85,18,0.25,1.42,0.22
6144x14336x4096,compute_bound,603.411,18,0.07,1.17,0.05
6144x16384x13312,compute_bound,584.671,18,0.92,1.8,0.04
6144x16384x16384,compute_bound,582.424,18,0.38,1.38,0.02
6144x2048x2048,compute_bound,613.425,18,0.9,3.53,0.17
6144x256x256,compute_bound,63.968,18,1.89,2.87,1.1
6144x28672x8192,compute_bound,580.859,18,0.44,2.14,0.11
6144x3072x3072,compute_bound,592.651,18,0.86,2.78,0.77
6144x4096x11008,compute_bound,616.464,18,0.66,0.86,0.29
6144x4096x14336,compute_bound,609.04,18,0.97,2.38,0.03
6144x4096x4096,compute_bound,608.572,18,1.36,2.34,0.96
6144x4096x6656,compute_bound,616.056,18,0.48,1.33,0.36
6144x4096x8192,compute_bound,619.85,18,0.98,1.58,0.09
6144x5120x13824,compute_bound,599.813,18,0.85,2.26,0.3
6144x5120x5120,compute_bound,597.613,18,0.67,1.44,0.05
6144x512x512,compute_bound,251.652,18,1.51,1.74,0.82
6144x6656x4096,compute_bound,597.447,18,0.18,1.18,0.1
6144x8192x1280,compute_bound,554.174,18,0.94,1.07,0.9
6144x8192x28672,compute_bound,580.278,18,0.17,1.19,0.02
6144x8192x4096,compute_bound,609.642,18,0.44,1.74,0.23
6144x8192x8192,compute_bound,616.176,18,0.3,1.32,0.14
61x14336x4096,medium_batch,149.1479,43,7.27,8.4,2.28
61x4096x14336,medium_batch,74.0498,43,14.27,19.87,14.24
61x4096x4096,medium_batch,68.9537,43,16.84,19.1,13.33
61x8192x8192,medium_batch,118.7544,43,10.13,12.1,6.31
62x14336x4096,medium_batch,151.0896,43,6.31,8.79,0.0
62x4096x14336,medium_batch,75.1084,43,14.18,19.44,14.12
62x4096x4096,medium_batch,69.8957,43,16.14,18.89,13.1
62x8192x8192,medium_batch,130.1556,43,16.57,19.56,11.43
63x14336x4096,medium_batch,156.9195,43,7.03,8.9,0.08
63x4096x14336,medium_batch,76.3199,43,14.09,19.36,14.03
63x4096x4096,medium_batch,71.2144,43,16.74,20.24,13.54
63x8192x8192,medium_batch,132.0071,43,12.53,18.79,11.51
640x14336x4096,compute_bound,536.328,18,9.02,11.42,5.78
640x3072x3072,compute_bound,381.188,18,9.01,11.84,0.97
640x4096x14336,compute_bound,394.639,18,2.86,8.28,0.78
640x4096x4096,compute_bound,376.876,18,4.02,7.07,3.35
640x5120x5120,compute_bound,458.144,18,9.48,15.17,9.45
640x8192x8192,compute_bound,493.19,18,9.55,11.08,9.42
64x1024x1024,medium_batch,10.709,18,2.58,3.96,2.14
64x11008x2048,medium_batch,118.0914,43,7.58,9.36,5.72
64x11008x4096,medium_batch,234.236,61,34.36,43.73,0.36
64x11008x5120,medium_batch,134.9988,43,7.17,8.38,1.41
64x11008x7168,medium_batch,134.8971,43,4.98,8.61,3.16
64x11008x8192,medium_batch,137.8005,43,6.19,10.18,3.77
64x1280x8192,medium_batch,30.118,18,34.33,49.39,0.08
64x128x128,medium_batch,0.169,18,3.55,4.14,0.59
64x13312x16384,medium_batch,216.17,18,36.97,47.39,1.47
64x13312x2048,medium_batch,133.1982,43,8.14,9.04,6.03
64x13312x4096,medium_batch,147.6449,43,3.44,7.38,0.25
64x13312x5120,medium_batch,148.5544,43,4.74,6.45,0.95
64x13312x7168,medium_batch,154.9249,43,5.06,7.13,0.96
64x13312x8192,medium_batch,152.161,43,0.91,7.77,0.22
64x13824x5120,medium_batch,294.508,18,34.51,48.05,1.02
64x1408x4096,medium_batch,30.6611,43,18.67,25.98,15.83
64x1408x7168,medium_batch,38.4821,43,21.75,29.99,16.2
64x1408x8192,medium_batch,38.876,43,22.67,30.6,16.4
64x14336x2048,medium_batch,143.0076,43,8.51,10.26,8.25
64x14336x4096,medium_batch,291.525,61,32.93,46.01,0.65
64x14336x5120,medium_batch,162.7586,43,5.94,7.33,0.35
64x14336x7168,medium_batch,162.2267,43,5.9,9.52,3.2
64x14336x8192,medium_batch,164.7276,43,5.04,10.07,2.81
64x16384x13312,medium_batch,261.815,18,35.05,46.09,0.11
64x16384x16384,medium_batch,262.872,18,35.32,46.12,0.67
64x16384x2048,medium_batch,153.1619,43,3.71,9.79,2.37
64x16384x4096,medium_batch,172.371,43,7.51,11.46,6.75
64x16384x5120,medium_batch,170.9426,43,4.33,9.88,2.85
64x16384x7168,medium_batch,181.0171,43,7.5,11.3,5.94
64x16384x8192,medium_batch,174.617,43,3.95,11.69,1.76
64x2048x11008,medium_batch,40.1984,43,7.58,17.95,6.72
64x2048x13312,medium_batch,40.3112,43,6.41,16.92,5.88
64x2048x14336,medium_batch,41.1098,43,9.01,18.35,7.57
64x2048x16384,medium_batch,40.7195,43,8.83,15.01,7.26
64x2048x2048,medium_batch,42.659,61,2.38,18.8,1.11
64x2048x27648,medium_batch,38.202,43,2.27,11.09,1.04
64x2048x4096,medium_batch,37.0729,43,6.95,13.93,6.1
64x2048x5504,medium_batch,38.3571,43,7.12,16.16,6.19
64x2048x7168,medium_batch,40.1249,43,9.24,16.5,8.38
64x2048x8192,medium_batch,40.3974,43,8.61,16.91,8.1
64x256x256,medium_batch,0.666,18,1.95,2.25,0.75
64x27648x2048,medium_batch,190.2448,43,9.17,16.72,7.85
64x27648x4096,medium_batch,213.1035,43,10.16,14.76,6.5
64x27648x5120,medium_batch,195.6379,43,13.83,18.45,6.85
64x27648x7168,medium_batch,165.4232,43,9.74,12.92,5.27
64x27648x8192,medium_batch,167.7955,43,12.36,16.12,6.48
64x2816x4096,medium_batch,48.4286,43,9.4,17.1,2.56
64x2816x7168,medium_batch,49.8436,43,7.64,10.2,1.07
64x2816x8192,medium_batch,50.1774,43,8.98,13.89,0.61
64x28672x8192,medium_batch,261.961,18,11.16,15.59,0.36
64x3072x3072,medium_batch,68.487,18,2.94,22.39,0.02
64x4096x11008,medium_batch,97.132,61,21.31,32.64,0.08
64x4096x13312,medium_batch,77.3306,43,14.59,19.62,14.04
64x4096x14336,medium_batch,98.107,61,21.04,32.42,0.0
64x4096x16384,medium_batch,78.0031,43,14.49,18.79,14.31
64x4096x27648,medium_batch,79.162,43,14.53,18.9,14.27
64x4096x4096,medium_batch,90.967,61,20.36,32.96,0.0
64x4096x5504,medium_batch,74.4173,43,13.42,18.59,11.6
64x4096x6656,medium_batch,94.747,18,34.42,49.18,0.01
64x4096x7168,medium_batch,76.7711,43,14.13,18.37,13.58
64x4096x8192,medium_batch,95.93,61,21.4,32.26,0.02
64x5120x11008,medium_batch,89.0642,43,12.01,19.67,10.17
64x5120x13312,medium_batch,89.9184,43,12.06,19.91,10.3
64x5120x13824,medium_batch,121.476,18,35.23,49.88,0.06
64x5120x14336,medium_batch,88.7709,43,10.62,18.58,9.12
64x5120x16384,medium_batch,89.8551,43,11.09,19.16,9.85
64x5120x27648,medium_batch,76.4689,43,13.69,17.46,11.25
64x5120x5120,medium_batch,114.961,61,23.06,34.06,0.12
64x5120x5504,medium_batch,88.6244,43,16.52,21.9,11.65
64x5120x8192,medium_batch,89.0496,43,13.71,20.66,11.26
64x512x512,medium_batch,2.662,18,1.24,2.52,0.75
64x5504x2048,medium_batch,61.991,43,2.19,4.44,2.19
64x5504x4096,medium_batch,84.6464,43,11.63,16.4,9.08
64x5504x5120,medium_batch,86.9139,43,11.83,15.56,9.2
64x6656x4096,medium_batch,145.306,18,33.74,48.3,0.06
64x7168x11008,medium_batch,111.8555,43,7.7,14.85,4.17
64x7168x13312,medium_batch,111.6416,43,6.22,13.55,5.6
64x7168x14336,medium_batch,109.7776,43,3.95,12.49,3.52
64x7168x16384,medium_batch,108.8956,43,3.26,10.68,3.07
64x7168x27648,medium_batch,85.6651,43,6.87,8.45,3.54
64x7168x7168,medium_batch,113.931,43,8.97,16.51,6.79
64x7168x8192,medium_batch,113.7817,43,9.1,17.05,6.41
64x8192x11008,medium_batch,128.4052,43,9.74,14.74,7.16
64x8192x1280,medium_batch,108.167,18,2.71,3.86,2.66
64x8192x13312,medium_batch,131.4906,43,11.7,15.87,8.87
64x8192x14336,medium_batch,131.6678,43,10.52,15.56,7.92
64x8192x16384,medium_batch,124.5234,43,9.46,14.56,8.4
64x8192x2048,medium_batch,89.4971,43,1.64,5.07,1.64
64x8192x27648,medium_batch,97.0369,43,6.87,9.49,5.56
64x8192x28672,medium_batch,161.378,18,43.84,54.44,0.16
64x8192x4096,medium_batch,177.461,61,27.34,32.57,0.04
64x8192x5120,medium_batch,125.0165,43,7.9,13.13,4.88
64x8192x7168,medium_batch,127.9853,43,9.51,16.75,7.92
64x8192x8192,medium_batch,187.514,61,28.14,28.8,0.01
6x14336x4096,small_batch,20.0799,43,18.59,21.08,9.32
6x4096x14336,small_batch,7.5589,43,4.28,10.05,4.04
6x4096x4096,small_batch,6.7548,43,1.19,7.35,0.27
6x8192x8192,small_batch,13.5644,43,11.68,15.36,4.51
7168x14336x4096,compute_bound,600.044,18,0.28,1.73,0.15
7168x3072x3072,compute_bound,586.402,18,1.02,1.91,0.48
7168x4096x14336,compute_bound,607.788,18,1.8,2.33,0.12
7168x4096x4096,compute_bound,604.787,18,0.71,1.14,0.31
7168x5120x5120,compute_bound,604.297,18,0.62,1.88,0.61
7168x8192x8192,compute_bound,614.1,18,0.2,1.53,0.16
768x1024x1024,compute_bound,127.378,18,1.65,1.77,1.11
768x11008x4096,compute_bound,504.457,18,7.85,12.04,2.64
768x1280x8192,compute_bound,327.441,18,32.81,41.42,0.13
768x128x128,compute_bound,1.998,18,0.45,0.55,0.25
768x13312x16384,compute_bound,526.484,18,2.99,7.35,0.12
768x13824x5120,compute_bound,564.393,18,0.95,4.13,0.57
768x14336x4096,compute_bound,566.618,18,0.41,2.96,0.04
768x16384x13312,compute_bound,565.486,18,1.86,4.05,0.02
768x16384x16384,compute_bound,568.867,18,2.61,4.66,0.15
768x2048x2048,compute_bound,307.415,18,9.37,14.19,1.59
768x256x256,compute_bound,8.001,18,0.44,0.59,0.26
768x28672x8192,compute_bound,548.391,18,2.67,3.77,0.22
768x3072x3072,compute_bound,351.163,18,4.97,5.5,0.78
768x4096x11008,compute_bound,459.648,18,8.34,9.88,8.32
768x4096x14336,compute_bound,459.347,18,7.45,9.03,7.43
768x4096x4096,compute_bound,438.886,18,9.32,10.33,9.27
768x4096x6656,compute_bound,448.777,18,8.48,8.77,8.44
768x4096x8192,compute_bound,452.95,18,8.07,8.47,7.29
768x5120x13824,compute_bound,522.086,18,2.52,9.03,2.22
768x5120x5120,compute_bound,510.952,18,5.81,10.7,5.75
768x512x512,compute_bound,31.941,18,0.95,1.83,0.47
768x6656x4096,compute_bound,499.444,18,14.92,17.72,11.41
768x8192x1280,compute_bound,481.901,18,12.71,12.86,12.51
768x8192x28672,compute_bound,512.195,18,0.45,3.67,0.03
768x8192x4096,compute_bound,541.961,18,8.56,9.51,8.03
768x8192x8192,compute_bound,552.67,18,6.53,7.63,6.1
7x14336x4096,small_batch,23.4526,43,18.68,21.24,9.7
7x4096x14336,small_batch,8.8953,43,5.02,11.0,4.79
7x4096x4096,small_batch,7.9021,43,1.07,7.94,0.67
7x8192x8192,small_batch,15.8145,43,11.57,16.12,4.26
80x14336x4096,medium_batch,176.076,43,9.2,11.5,5.2
80x4096x14336,medium_batch,95.106,43,17.85,23.51,12.68
80x4096x4096,medium_batch,88.0549,43,16.74,22.58,11.2
80x8192x8192,medium_batch,133.2202,43,6.59,12.03,5.14
8192x1024x1024,compute_bound,557.431,18,0.62,2.25,0.07
8192x11008x4096,compute_bound,602.216,18,0.65,1.68,0.64
8192x1280x8192,compute_bound,593.246,18,2.52,5.78,0.5
8192x128x128,compute_bound,21.521,18,1.25,1.36,1.0
8192x13312x16384,compute_bound,580.728,18,0.35,1.68,0.23
8192x13824x5120,compute_bound,608.35,18,0.66,1.79,0.48
8192x14336x4096,compute_bound,604.157,18,0.54,1.7,0.43
8192x16384x13312,compute_bound,582.504,18,0.28,1.38,0.08
8192x16384x16384,compute_bound,582.039,18,0.68,1.12,0.62
8192x2048x2048,compute_bound,621.715,18,1.04,1.52,0.39
8192x256x256,compute_bound,85.167,18,0.49,0.83,0.15
8192x28672x8192,compute_bound,580.262,18,0.18,1.99,0.01
8192x3072x3072,compute_bound,621.706,18,0.87,1.79,0.11
8192x4096x11008,compute_bound,610.168,18,0.79,2.23,0.23
8192x4096x14336,compute_bound,610.115,18,1.0,2.6,0.01
8192x4096x4096,compute_bound,604.935,18,0.36,1.15,0.32
8192x4096x6656,compute_bound,617.008,18,0.64,1.86,0.19
8192x4096x8192,compute_bound,617.667,18,0.16,1.44,0.05
8192x5120x13824,compute_bound,610.248,18,0.81,2.37,0.13
8192x5120x5120,compute_bound,607.787,18,0.14,0.81,0.06
8192x512x512,compute_bound,334.178,18,0.77,1.14,0.57
8192x6656x4096,compute_bound,603.253,18,0.13,1.34,0.08
8192x8192x1280,compute_bound,559.366,18,1.17,1.76,0.62
8192x8192x28672,compute_bound,580.812,18,0.94,1.2,0.92
8192x8192x4096,compute_bound,610.127,18,0.27,1.22,0.09
8192x8192x8192,compute_bound,614.445,18,0.14,1.29,0.06
896x14336x4096,compute_bound,531.584,18,2.53,3.11,0.85
896x3072x3072,compute_bound,392.521,18,2.7,3.14,0.83
896x4096x14336,compute_bound,485.032,18,0.51,7.99,0.02
896x4096x4096,compute_bound,473.364,18,4.86,11.0,4.8
896x5120x5120,compute_bound,465.894,18,16.24,17.51,9.5
896x8192x8192,compute_bound,561.652,18,1.36,4.7,0.54
8x1024x1024,small_batch,,18,0.0,0.0,0.0
8x11008x2048,small_batch,11.8165,43,1.8,2.93,1.29
8x11008x4096,small_batch,20.892,61,13.2,16.88,13.11
8x11008x5120,small_batch,21.5411,43,14.06,19.24,13.92
8x11008x7168,small_batch,22.0691,43,18.4,19.64,14.13
8x11008x8192,small_batch,22.2602,43,16.56,19.62,13.94
8x1280x8192,small_batch,,18,0.0,0.0,0.0
8x128x128,small_batch,,18,0.0,0.0,0.0
8x13312x16384,small_batch,,18,0.0,0.0,0.0
8x13312x2048,small_batch,15.5555,43,4.63,5.66,3.32
8x13312x4096,small_batch,25.0608,43,18.56,19.61,10.78
8x13312x5120,small_batch,25.681,43,19.21,21.71,11.15
8x13312x7168,small_batch,26.2473,43,19.47,21.77,11.14
8x13312x8192,small_batch,26.4292,43,17.68,21.67,11.16
8x13824x5120,small_batch,,18,0.0,0.0,0.0
8x14336x2048,small_batch,15.9112,43,4.29,5.64,1.99
8x14336x4096,small_batch,26.7115,61,18.48,20.97,9.11
8x14336x5120,small_batch,27.2965,43,18.64,21.43,9.6
8x14336x7168,small_batch,27.9773,43,19.35,22.91,9.78
8x14336x8192,small_batch,27.9866,43,18.88,21.57,9.36
8x16384x13312,small_batch,,18,0.0,0.0,0.0
8x16384x16384,small_batch,,18,0.0,0.0,0.0
8x16384x2048,small_batch,18.9828,43,2.08,2.49,1.4
8x16384x4096,small_batch,29.2294,43,12.0,22.29,9.48
8x16384x5120,small_batch,29.968,43,12.66,22.52,10.06
8x16384x7168,small_batch,31.354,43,14.61,24.06,11.0
8x16384x8192,small_batch,30.6849,43,14.02,23.78,8.44
8x2048x11008,small_batch,5.5173,43,14.91,19.37,14.51
8x2048x13312,small_batch,5.547,43,14.54,19.12,14.5
8x2048x14336,small_batch,5.5497,43,14.69,19.04,14.31
8x2048x16384,small_batch,5.6097,43,16.15,19.78,14.98
8x2048x2048,small_batch,2.3796,61,3.96,5.63,3.3
8x2048x27648,small_batch,5.6425,43,15.62,20.17,15.3
8x2048x5504,small_batch,5.2108,43,14.29,18.34,13.08
8x2048x8192,small_batch,5.4611,43,15.08,19.54,14.32
8x256x256,small_batch,,18,0.0,0.0,0.0
8x27648x2048,small_batch,30.6029,43,6.69,11.92,5.01
8x27648x4096,small_batch,39.6061,43,12.96,24.52,7.45
8x27648x5120,small_batch,33.1993,43,13.16,19.9,5.12
8x27648x7168,small_batch,24.2134,43,6.79,11.34,4.61
8x27648x8192,small_batch,24.4688,43,6.92,10.05,3.97
8x28672x8192,small_batch,,18,0.0,0.0,0.0
8x3072x3072,small_batch,,18,0.0,0.0,0.0
8x4096x11008,small_batch,9.9384,61,4.88,10.25,3.72
8x4096x13312,small_batch,10.1198,43,5.07,10.52,4.61
8x4096x14336,small_batch,10.1047,61,4.64,10.39,4.41
8x4096x16384,small_batch,10.1413,43,4.34,9.89,3.96
8x4096x27648,small_batch,10.4774,43,6.46,11.86,6.01
8x4096x4096,small_batch,9.0306,61,1.72,7.82,0.93
8x4096x5504,small_batch,9.3308,43,2.92,7.92,1.13
8x4096x6656,small_batch,,18,0.0,0.0,0.0
8x4096x8192,small_batch,9.6693,61,2.74,8.64,2.53
8x5120x11008,small_batch,11.2666,43,5.8,9.02,0.6
8x5120x13312,small_batch,11.3616,43,6.84,9.86,0.79
8x5120x13824,small_batch,,18,0.0,0.0,0.0
8x5120x14336,small_batch,11.3938,43,5.89,9.24,0.7
8x5120x16384,small_batch,11.4427,43,6.06,9.35,0.71
8x5120x27648,small_batch,9.2489,43,3.34,7.77,0.88
8x5120x5120,small_batch,10.9635,61,4.4,8.52,0.0
8x5120x5504,small_batch,11.0452,43,5.73,10.14,0.2
8x5120x8192,small_batch,11.1014,43,4.07,8.77,0.53
8x512x512,small_batch,,18,0.0,0.0,0.0
8x5504x2048,small_batch,6.1673,43,2.54,4.33,2.41
8x5504x4096,small_batch,12.5056,43,9.2,12.94,4.38
8x5504x5120,small_batch,12.8781,43,5.51,11.63,2.67
8x6656x4096,small_batch,,18,0.0,0.0,0.0
8x7168x11008,small_batch,15.343,43,10.81,12.89,3.02
8x7168x13312,small_batch,15.4671,43,11.01,12.93,2.18
8x7168x14336,small_batch,15.5053,43,11.08,13.07,2.18
8x7168x16384,small_batch,15.5731,43,11.26,13.05,3.37
8x7168x27648,small_batch,11.6061,43,7.2,10.26,1.46
8x7168x7168,small_batch,15.0119,43,9.23,10.42,3.25
8x7168x8192,small_batch,15.1407,43,10.72,12.83,2.46
8x8192x11008,small_batch,18.3853,43,12.03,17.65,6.31
8x8192x1280,small_batch,,18,0.0,0.0,0.0
8x8192x13312,small_batch,18.5421,43,12.06,17.0,4.74
8x8192x14336,small_batch,18.5985,43,12.16,17.23,5.19
8x8192x16384,small_batch,18.2895,43,11.64,16.66,6.0
8x8192x2048,small_batch,9.0675,43,3.02,3.15,1.73
8x8192x27648,small_batch,13.591,43,11.06,13.56,6.24
8x8192x28672,small_batch,,18,0.0,0.0,0.0
8x8192x4096,small_batch,16.9424,61,10.52,15.58,3.18
8x8192x5120,small_batch,17.3776,43,11.23,16.1,2.03
8x8192x7168,small_batch,17.8892,43,11.78,16.34,3.46
8x8192x8192,small_batch,18.0859,61,11.63,16.55,3.14
96x11008x2048,medium_batch,157.2807,43,14.66,22.29,8.03
96x11008x3584,medium_batch,181.993,43,16.88,25.94,12.1
96x11008x4096,medium_batch,185.1814,43,15.74,25.91,14.07
96x11008x5120,medium_batch,190.2312,43,16.62,26.8,10.97
96x11008x7168,medium_batch,188.5245,43,13.31,25.73,12.97
96x11008x8192,medium_batch,191.1575,43,13.34,23.28,13.3
96x13312x2048,medium_batch,182.4946,43,10.61,16.65,3.11
96x13312x3584,medium_batch,192.8091,43,6.69,10.22,2.15
96x13312x4096,medium_batch,202.1156,43,9.83,16.74,0.99
96x13312x5120,medium_batch,210.7521,43,15.35,17.86,8.23
96x13312x7168,medium_batch,214.1096,43,11.41,17.15,4.13
96x13312x8192,medium_batch,214.6493,43,12.5,16.12,0.49
96x14336x2048,medium_batch,172.4477,43,6.21,8.52,2.51
96x14336x3584,medium_batch,191.0452,43,4.87,9.67,3.88
96x14336x4096,medium_batch,290.19,61,15.47,24.76,6.65
96x14336x5120,medium_batch,224.7916,43,15.82,19.21,1.88
96x14336x7168,medium_batch,227.8055,43,12.61,20.49,3.91
96x14336x8192,medium_batch,234.4317,43,16.57,21.97,7.05
96x16384x2048,medium_batch,177.7032,43,2.9,7.37,2.48
96x16384x3584,medium_batch,200.5959,43,6.9,8.66,3.64
96x16384x4096,medium_batch,206.4491,43,3.71,10.15,1.52
96x16384x5120,medium_batch,230.2717,43,11.6,14.37,3.16
96x16384x7168,medium_batch,236.502,43,12.08,15.84,1.08
96x16384x8192,medium_batch,227.552,43,9.01,17.96,2.79
96x2048x11008,medium_batch,56.5724,43,13.38,14.16,7.33
96x2048x13312,medium_batch,57.0107,43,13.05,13.87,5.37
96x2048x14336,medium_batch,57.0636,43,12.18,14.34,7.19
96x2048x16384,medium_batch,56.7677,43,9.29,14.23,7.42
96x2048x2048,medium_batch,35.0225,43,1.37,2.38,1.03
96x2048x22016,medium_batch,56.9895,43,12.26,14.03,7.62
96x2048x27648,medium_batch,57.3151,43,10.93,13.59,7.81
96x2048x5504,medium_batch,53.8641,43,10.13,13.83,3.83
96x2048x8192,medium_batch,55.8416,43,11.39,14.23,5.2
96x22016x2048,medium_batch,188.4096,43,3.94,14.66,0.18
96x22016x3584,medium_batch,210.4522,43,8.03,14.87,3.23
96x22016x4096,medium_batch,222.1008,43,13.74,18.41,9.11
96x22016x5120,medium_batch,224.9214,43,10.57,14.06,7.86
96x22016x7168,medium_batch,190.7114,43,8.93,12.45,8.41
96x22016x8192,medium_batch,187.0226,43,9.32,12.43,8.71
96x27648x2048,medium_batch,214.0296,43,5.16,10.01,4.81
96x27648x3584,medium_batch,248.7821,43,11.0,16.64,5.82
96x27648x4096,medium_batch,253.5156,43,11.97,16.69,8.15
96x27648x5120,medium_batch,223.8418,43,8.81,11.58,6.82
96x27648x7168,medium_batch,197.9685,43,3.31,6.36,1.13
96x27648x8192,medium_batch,208.839,43,9.6,11.67,7.76
96x3072x3072,medium_batch,96.101,18,32.4,47.08,0.08
96x3584x11008,medium_batch,90.6915,43,11.46,16.73,10.48
96x3584x13312,medium_batch,89.2196,43,9.27,14.4,6.6
96x3584x14336,medium_batch,90.2711,43,10.0,15.25,7.4
96x3584x16384,medium_batch,89.5161,43,9.11,14.24,5.95
96x3584x22016,medium_batch,90.0221,43,9.01,13.93,6.16
96x3584x27648,medium_batch,89.088,43,7.5,12.85,4.56
96x3584x3584,medium_batch,88.8355,43,15.9,22.31,15.18
96x3584x5504,medium_batch,92.1522,43,15.49,20.59,14.5
96x3584x8192,medium_batch,90.2622,43,11.27,16.63,9.31
96x4096x11008,medium_batch,108.2157,43,12.95,20.57,9.31
96x4096x13312,medium_batch,108.5285,43,13.91,19.92,9.85
96x4096x14336,medium_batch,143.343,61,23.3,34.07,0.13
96x4096x16384,medium_batch,108.0431,43,11.69,18.73,8.79
96x4096x22016,medium_batch,109.0342,43,11.46,18.9,8.64
96x4096x27648,medium_batch,106.4683,43,9.71,16.49,6.61
96x4096x4096,medium_batch,133.728,61,20.04,34.13,0.37
96x4096x5504,medium_batch,109.3669,43,17.94,24.06,12.18
96x4096x8192,medium_batch,108.4442,43,16.54,22.52,12.3
96x5120x11008,medium_batch,122.2318,43,12.41,17.14,7.18
96x5120x13312,medium_batch,122.9932,43,11.94,17.26,7.52
96x5120x14336,medium_batch,122.7494,43,12.36,17.69,8.58
96x5120x16384,medium_batch,123.5189,43,11.69,17.72,6.73
96x5120x22016,medium_batch,124.5711,43,11.96,17.41,8.06
96x5120x27648,medium_batch,103.8051,43,10.05,13.81,6.7
96x5120x5120,medium_batch,159.837,61,22.17,31.35,0.04
96x5120x5504,medium_batch,124.9458,43,15.15,19.09,12.47
96x5120x8192,medium_batch,122.8781,43,12.42,19.37,8.81
96x5504x2048,medium_batch,94.1229,43,4.17,4.49,1.88
96x5504x3584,medium_batch,106.112,43,6.11,7.09,5.91
96x5504x4096,medium_batch,108.1617,43,6.81,8.35,5.49
96x5504x5120,medium_batch,110.8922,43,6.95,8.28,4.02
96x7168x11008,medium_batch,143.3597,43,7.99,12.88,5.65
96x7168x13312,medium_batch,144.5445,43,8.0,13.29,7.1
96x7168x14336,medium_batch,144.0956,43,8.09,12.61,5.34
96x7168x16384,medium_batch,146.9652,43,9.28,14.55,8.22
96x7168x22016,medium_batch,118.3673,43,5.49,10.9,4.04
96x7168x27648,medium_batch,116.0062,43,8.95,10.98,5.39
96x7168x7168,medium_batch,141.203,43,8.02,13.79,6.64
96x7168x8192,medium_batch,141.5674,43,7.83,13.49,7.01
96x8192x11008,medium_batch,159.8996,43,11.55,14.38,3.74
96x8192x13312,medium_batch,161.4687,43,10.01,12.94,2.97
96x8192x14336,medium_batch,162.1652,43,10.36,13.96,5.68
96x8192x16384,medium_batch,153.4931,43,9.83,12.38,5.63
96x8192x2048,medium_batch,132.9108,43,5.76,7.77,1.31
96x8192x22016,medium_batch,132.5795,43,8.32,11.62,5.41
96x8192x27648,medium_batch,131.1052,43,9.93,12.94,9.14
96x8192x3584,medium_batch,146.5831,43,3.52,10.95,2.34
96x8192x4096,medium_batch,153.1619,43,8.14,13.65,4.54
96x8192x5120,medium_batch,152.2952,43,8.21,11.23,5.98
96x8192x7168,medium_batch,158.6476,43,11.65,12.27,3.53
96x8192x8192,medium_batch,254.145,61,24.59,37.41,0.78
9x14336x4096,small_batch,30.0505,43,18.32,21.04,9.3
9x4096x14336,small_batch,11.1893,43,3.32,9.83,2.92
9x4096x4096,small_batch,10.1186,43,1.84,7.11,0.27
9x8192x8192,small_batch,20.3193,43,11.56,17.51,3.89
