nchannels,world_size,msg_bytes,primitive,bandwidth_gbps,latency_us,busbw_gbps,algorithm,hostname,timestamp,dtype,dim,shape,shape_ndim,shape_m,shape_n,per_rank_elements,per_rank_bytes,wire_bytes_per_rank,latency_p10_us,latency_p90_us,iters,warmup,tag
0,8,1024,all_reduce,0.0019,543.87,0.0033,torch,e04u37,2026-06-01T20:15:51Z,bf16,0,512,1,1,512,512,1024,1792,540.38,550.17,30,10,1d_1024B
0,8,2048,all_reduce,0.0037,547.03,0.0066,torch,e04u37,2026-06-01T20:15:51Z,bf16,0,1024,1,1,1024,1024,2048,3584,537.96,555.94,30,10,1d_2048B
0,8,4096,all_reduce,0.0071,578.08,0.0124,torch,e04u37,2026-06-01T20:15:51Z,bf16,0,2048,1,1,2048,2048,4096,7168,571.48,582.43,30,10,1d_4096B
0,8,8192,all_reduce,0.0141,579.24,0.0247,torch,e04u37,2026-06-01T20:15:51Z,bf16,0,4096,1,1,4096,4096,8192,14336,568.61,585.85,30,10,1d_8192B
0,8,16384,all_reduce,0.0283,578.93,0.0495,torch,e04u37,2026-06-01T20:15:51Z,bf16,0,8192,1,1,8192,8192,16384,28672,571.91,585.24,30,10,1d_16384B
0,8,32768,all_reduce,0.0562,582.77,0.0984,torch,e04u37,2026-06-01T20:15:51Z,bf16,0,16384,1,1,16384,16384,32768,57344,574.03,587.45,30,10,1d_32768B
0,8,65536,all_reduce,0.1129,580.34,0.1976,torch,e04u37,2026-06-01T20:15:51Z,bf16,0,32768,1,1,32768,32768,65536,114688,574.32,585.89,30,10,1d_65536B
0,8,131072,all_reduce,0.2215,591.77,0.3876,torch,e04u37,2026-06-01T20:15:51Z,bf16,0,65536,1,1,65536,65536,131072,229376,586.23,597.70,30,10,1d_131072B
0,8,262144,all_reduce,0.4169,628.80,0.7296,torch,e04u37,2026-06-01T20:15:51Z,bf16,0,131072,1,1,131072,131072,262144,458752,622.59,637.89,30,10,1d_262144B
0,8,524288,all_reduce,0.6442,813.81,1.1274,torch,e04u37,2026-06-01T20:15:51Z,bf16,0,262144,1,1,262144,262144,524288,917504,801.69,825.52,30,10,1d_524288B
0,8,1048576,all_reduce,1.2643,829.39,2.2125,torch,e04u37,2026-06-01T20:15:51Z,bf16,0,524288,1,1,524288,524288,1048576,1835008,815.84,839.14,30,10,1d_1048576B
0,8,2097152,all_reduce,2.3935,876.18,4.1887,torch,e04u37,2026-06-01T20:15:51Z,bf16,0,1048576,1,1,1048576,1048576,2097152,3670016,865.19,890.94,30,10,1d_2097152B
0,8,4194304,all_reduce,3.6618,1145.41,6.4082,torch,e04u37,2026-06-01T20:15:51Z,bf16,0,2097152,1,1,2097152,2097152,4194304,7340032,1125.33,1157.41,30,10,1d_4194304B
0,8,8388608,all_reduce,5.8826,1426.01,10.2945,torch,e04u37,2026-06-01T20:15:51Z,bf16,0,4194304,1,1,4194304,4194304,8388608,14680064,1410.12,1442.89,30,10,1d_8388608B
0,8,16777216,all_reduce,7.8009,2150.68,13.6515,torch,e04u37,2026-06-01T20:15:51Z,bf16,0,8388608,1,1,8388608,8388608,16777216,29360128,2124.14,2203.74,30,10,1d_16777216B
0,8,33554432,all_reduce,11.5202,2912.65,20.1604,torch,e04u37,2026-06-01T20:15:51Z,bf16,0,16777216,1,1,16777216,16777216,33554432,58720256,2872.12,2965.62,30,10,1d_33554432B
0,8,67108864,all_reduce,14.3909,4663.28,25.1841,torch,e04u37,2026-06-01T20:15:51Z,bf16,0,33554432,1,1,33554432,33554432,67108864,117440512,4607.34,4753.32,30,10,1d_67108864B
0,8,134217728,all_reduce,16.9442,7921.16,29.6524,torch,e04u37,2026-06-01T20:15:51Z,bf16,0,67108864,1,1,67108864,67108864,134217728,234881024,7802.71,8107.57,30,10,1d_134217728B
0,8,2097152,all_reduce,2.3954,875.51,4.1919,torch,e04u37,2026-06-01T20:15:51Z,bf16,0,1024x1024,2,1024,1024,1048576,2097152,3670016,864.35,885.40,30,10,tf_1024x1024
0,8,4194304,all_reduce,3.6818,1139.21,6.4431,torch,e04u37,2026-06-01T20:15:51Z,bf16,0,1024x2048,2,1024,2048,2097152,4194304,7340032,1127.48,1155.97,30,10,tf_1024x2048
0,8,8388608,all_reduce,5.8913,1423.89,10.3098,torch,e04u37,2026-06-01T20:15:51Z,bf16,0,1024x4096,2,1024,4096,4194304,8388608,14680064,1411.65,1448.06,30,10,tf_1024x4096
0,8,16777216,all_reduce,7.8308,2142.46,13.7039,torch,e04u37,2026-06-01T20:15:51Z,bf16,0,1024x8192,2,1024,8192,8388608,16777216,29360128,2125.67,2164.98,30,10,tf_1024x8192
0,8,25165824,all_reduce,9.9785,2522.01,17.4623,torch,e04u37,2026-06-01T20:15:51Z,bf16,0,1024x12288,2,1024,12288,12582912,25165824,44040192,2509.55,2561.34,30,10,tf_1024x12288
0,8,33554432,all_reduce,11.5224,2912.11,20.1642,torch,e04u37,2026-06-01T20:15:51Z,bf16,0,1024x16384,2,1024,16384,16777216,33554432,58720256,2862.56,2964.70,30,10,tf_1024x16384
0,8,8388608,all_reduce,5.8612,1431.20,10.2572,torch,e04u37,2026-06-01T20:15:51Z,bf16,0,4096x1024,2,4096,1024,4194304,8388608,14680064,1413.65,1444.57,30,10,tf_4096x1024
0,8,16777216,all_reduce,7.8380,2140.49,13.7166,torch,e04u37,2026-06-01T20:15:51Z,bf16,0,4096x2048,2,4096,2048,8388608,16777216,29360128,2128.00,2173.31,30,10,tf_4096x2048
0,8,33554432,all_reduce,11.5150,2913.96,20.1513,torch,e04u37,2026-06-01T20:15:51Z,bf16,0,4096x4096,2,4096,4096,16777216,33554432,58720256,2875.58,2969.04,30,10,tf_4096x4096
0,8,67108864,all_reduce,14.3130,4688.67,25.0477,torch,e04u37,2026-06-01T20:15:51Z,bf16,0,4096x8192,2,4096,8192,33554432,67108864,117440512,4644.00,4762.92,30,10,tf_4096x8192
0,8,100663296,all_reduce,16.3910,6141.39,28.6842,torch,e04u37,2026-06-01T20:15:51Z,bf16,0,4096x12288,2,4096,12288,50331648,100663296,176160768,6060.92,6280.16,30,10,tf_4096x12288
0,8,134217728,all_reduce,16.9653,7911.33,29.6892,torch,e04u37,2026-06-01T20:15:51Z,bf16,0,4096x16384,2,4096,16384,67108864,134217728,234881024,7781.39,8078.69,30,10,tf_4096x16384
0,8,33554432,all_reduce,11.5327,2909.50,20.1822,torch,e04u37,2026-06-01T20:15:51Z,bf16,0,16384x1024,2,16384,1024,16777216,33554432,58720256,2867.69,2977.04,30,10,tf_16384x1024
0,8,67108864,all_reduce,14.4405,4647.26,25.2709,torch,e04u37,2026-06-01T20:15:51Z,bf16,0,16384x2048,2,16384,2048,33554432,67108864,117440512,4589.90,4735.63,30,10,tf_16384x2048
0,8,134217728,all_reduce,16.9463,7920.19,29.6560,torch,e04u37,2026-06-01T20:15:51Z,bf16,0,16384x4096,2,16384,4096,67108864,134217728,234881024,7771.14,8085.84,30,10,tf_16384x4096
0,8,4194304,all_reduce,3.6768,1140.75,6.4344,torch,e04u37,2026-06-01T20:15:51Z,bf16,0,1x2097152,2,1,2097152,2097152,4194304,7340032,1125.04,1161.36,30,10,ar_1x2097152
0,8,4194304,all_reduce,3.6767,1140.78,6.4342,torch,e04u37,2026-06-01T20:15:51Z,bf16,0,8x262144,2,8,262144,2097152,4194304,7340032,1128.84,1153.70,30,10,ar_8x262144
0,8,4194304,all_reduce,3.6707,1142.64,6.4237,torch,e04u37,2026-06-01T20:15:51Z,bf16,0,64x32768,2,64,32768,2097152,4194304,7340032,1123.44,1156.28,30,10,ar_64x32768
0,8,4194304,all_reduce,3.6760,1140.99,6.4330,torch,e04u37,2026-06-01T20:15:51Z,bf16,0,512x4096,2,512,4096,2097152,4194304,7340032,1123.16,1158.88,30,10,ar_512x4096
0,8,4194304,all_reduce,3.6755,1141.14,6.4322,torch,e04u37,2026-06-01T20:15:51Z,bf16,0,4096x512,2,4096,512,2097152,4194304,7340032,1125.57,1162.53,30,10,ar_4096x512
0,8,4194304,all_reduce,3.6582,1146.55,6.4018,torch,e04u37,2026-06-01T20:15:51Z,bf16,0,32768x64,2,32768,64,2097152,4194304,7340032,1128.20,1158.59,30,10,ar_32768x64
0,8,4194304,all_reduce,3.6640,1144.75,6.4119,torch,e04u37,2026-06-01T20:15:51Z,bf16,0,262144x8,2,262144,8,2097152,4194304,7340032,1129.35,1160.54,30,10,ar_262144x8
0,8,4194304,all_reduce,3.6767,1140.79,6.4342,torch,e04u37,2026-06-01T20:15:51Z,bf16,0,2097152x1,2,2097152,1,2097152,4194304,7340032,1127.77,1166.19,30,10,ar_2097152x1
0,8,262144,all_reduce,0.4145,632.47,0.7253,torch,e04u37,2026-06-01T20:15:51Z,bf16,0,8192x16,2,8192,16,131072,262144,458752,625.64,637.38,30,10,subcl_8192x16
0,8,262144,all_reduce,0.4147,632.13,0.7257,torch,e04u37,2026-06-01T20:15:51Z,bf16,0,16384x8,2,16384,8,131072,262144,458752,623.34,639.31,30,10,subcl_16384x8
0,8,262144,all_reduce,0.4150,631.63,0.7263,torch,e04u37,2026-06-01T20:15:51Z,bf16,0,32768x4,2,32768,4,131072,262144,458752,623.76,638.59,30,10,subcl_32768x4
0,8,262144,all_reduce,0.4157,630.57,0.7275,torch,e04u37,2026-06-01T20:15:51Z,bf16,0,65536x2,2,65536,2,131072,262144,458752,624.00,638.82,30,10,subcl_65536x2
0,8,1024,all_gather,0.0014,751.46,0.0095,torch,e04u37,2026-06-01T20:15:51Z,bf16,0,512,1,1,512,512,1024,7168,739.55,765.05,30,10,1d_1024B
0,8,2048,all_gather,0.0027,745.51,0.0192,torch,e04u37,2026-06-01T20:15:51Z,bf16,0,1024,1,1,1024,1024,2048,14336,732.94,758.12,30,10,1d_2048B
0,8,4096,all_gather,0.0054,761.01,0.0377,torch,e04u37,2026-06-01T20:15:51Z,bf16,0,2048,1,1,2048,2048,4096,28672,755.94,770.15,30,10,1d_4096B
0,8,8192,all_gather,0.0106,771.20,0.0744,torch,e04u37,2026-06-01T20:15:51Z,bf16,0,4096,1,1,4096,4096,8192,57344,757.88,785.02,30,10,1d_8192B
0,8,16384,all_gather,0.0214,765.77,0.1498,torch,e04u37,2026-06-01T20:15:51Z,bf16,0,8192,1,1,8192,8192,16384,114688,757.49,773.63,30,10,1d_16384B
0,8,32768,all_gather,0.0419,781.15,0.2936,torch,e04u37,2026-06-01T20:15:51Z,bf16,0,16384,1,1,16384,16384,32768,229376,768.14,793.33,30,10,1d_32768B
0,8,65536,all_gather,0.0807,812.06,0.5649,torch,e04u37,2026-06-01T20:15:51Z,bf16,0,32768,1,1,32768,32768,65536,458752,803.45,825.54,30,10,1d_65536B
0,8,131072,all_gather,0.1439,911.11,1.0070,torch,e04u37,2026-06-01T20:15:51Z,bf16,0,65536,1,1,65536,65536,131072,917504,895.63,925.86,30,10,1d_131072B
0,8,262144,all_gather,0.2791,939.41,1.9534,torch,e04u37,2026-06-01T20:15:51Z,bf16,0,131072,1,1,131072,131072,262144,1835008,913.75,965.65,30,10,1d_262144B
0,8,524288,all_gather,0.5378,974.84,3.7647,torch,e04u37,2026-06-01T20:15:51Z,bf16,0,262144,1,1,262144,262144,524288,3670016,965.38,991.53,30,10,1d_524288B
0,8,1048576,all_gather,0.7714,1359.24,5.4001,torch,e04u37,2026-06-01T20:15:51Z,bf16,0,524288,1,1,524288,524288,1048576,7340032,1346.55,1380.13,30,10,1d_1048576B
0,8,2097152,all_gather,1.3014,1611.44,9.1099,torch,e04u37,2026-06-01T20:15:51Z,bf16,0,1048576,1,1,1048576,1048576,2097152,14680064,1590.81,1641.31,30,10,1d_2097152B
0,8,4194304,all_gather,2.0096,2087.10,14.0674,torch,e04u37,2026-06-01T20:15:51Z,bf16,0,2097152,1,1,2097152,2097152,4194304,29360128,2053.29,2130.92,30,10,1d_4194304B
0,8,8388608,all_gather,2.6773,3133.27,18.7409,torch,e04u37,2026-06-01T20:15:51Z,bf16,0,4194304,1,1,4194304,4194304,8388608,58720256,3068.46,3250.15,30,10,1d_8388608B
0,8,16777216,all_gather,3.2452,5169.83,22.7165,torch,e04u37,2026-06-01T20:15:51Z,bf16,0,8388608,1,1,8388608,8388608,16777216,117440512,5055.39,5298.43,30,10,1d_16777216B
0,8,33554432,all_gather,3.6129,9287.50,25.2900,torch,e04u37,2026-06-01T20:15:51Z,bf16,0,16777216,1,1,16777216,16777216,33554432,234881024,8992.94,9575.33,30,10,1d_33554432B
0,8,67108864,all_gather,3.9388,17037.95,27.5715,torch,e04u37,2026-06-01T20:15:51Z,bf16,0,33554432,1,1,33554432,33554432,67108864,469762048,16675.18,17493.85,30,10,1d_67108864B
0,8,134217728,all_gather,4.0207,33381.55,28.1450,torch,e04u37,2026-06-01T20:15:51Z,bf16,0,67108864,1,1,67108864,67108864,134217728,939524096,32643.72,34301.11,30,10,1d_134217728B
0,8,2097152,all_gather,1.3013,1611.55,9.1093,torch,e04u37,2026-06-01T20:15:51Z,bf16,0,1024x1024,2,1024,1024,1048576,2097152,14680064,1593.02,1639.76,30,10,tf_1024x1024
0,8,2097152,all_gather,1.3104,1600.39,9.1728,torch,e04u37,2026-06-01T20:15:51Z,bf16,-1,1024x1024,2,1024,1024,1048576,2097152,14680064,1586.55,1641.63,30,10,tf_1024x1024
0,8,4194304,all_gather,2.0141,2082.45,14.0989,torch,e04u37,2026-06-01T20:15:51Z,bf16,0,1024x2048,2,1024,2048,2097152,4194304,29360128,2034.82,2141.69,30,10,tf_1024x2048
0,8,4194304,all_gather,2.0145,2082.03,14.1017,torch,e04u37,2026-06-01T20:15:51Z,bf16,-1,1024x2048,2,1024,2048,2097152,4194304,29360128,2051.63,2146.60,30,10,tf_1024x2048
0,8,8388608,all_gather,2.6770,3133.63,18.7387,torch,e04u37,2026-06-01T20:15:51Z,bf16,0,1024x4096,2,1024,4096,4194304,8388608,58720256,3072.94,3229.41,30,10,tf_1024x4096
0,8,8388608,all_gather,2.6522,3162.91,18.5653,torch,e04u37,2026-06-01T20:15:51Z,bf16,-1,1024x4096,2,1024,4096,4194304,8388608,58720256,3094.51,3242.23,30,10,tf_1024x4096
0,8,16777216,all_gather,3.2500,5162.29,22.7497,torch,e04u37,2026-06-01T20:15:51Z,bf16,0,1024x8192,2,1024,8192,8388608,16777216,117440512,5070.51,5365.73,30,10,tf_1024x8192
0,8,16777216,all_gather,3.2393,5179.33,22.6749,torch,e04u37,2026-06-01T20:15:51Z,bf16,-1,1024x8192,2,1024,8192,8388608,16777216,117440512,5056.80,5406.55,30,10,tf_1024x8192
0,8,25165824,all_gather,3.5024,7185.36,24.5166,torch,e04u37,2026-06-01T20:15:51Z,bf16,0,1024x12288,2,1024,12288,12582912,25165824,176160768,7024.15,7370.91,30,10,tf_1024x12288
0,8,25165824,all_gather,3.5044,7181.14,24.5310,torch,e04u37,2026-06-01T20:15:51Z,bf16,-1,1024x12288,2,1024,12288,12582912,25165824,176160768,6963.33,7400.36,30,10,tf_1024x12288
0,8,33554432,all_gather,3.6403,9217.46,25.4822,torch,e04u37,2026-06-01T20:15:51Z,bf16,0,1024x16384,2,1024,16384,16777216,33554432,234881024,8942.29,9499.46,30,10,tf_1024x16384
0,8,33554432,all_gather,3.6229,9261.64,25.3606,torch,e04u37,2026-06-01T20:15:51Z,bf16,-1,1024x16384,2,1024,16384,16777216,33554432,234881024,9019.13,9526.14,30,10,tf_1024x16384
0,8,8388608,all_gather,2.6610,3152.46,18.6268,torch,e04u37,2026-06-01T20:15:51Z,bf16,0,4096x1024,2,4096,1024,4194304,8388608,58720256,3073.02,3258.23,30,10,tf_4096x1024
0,8,8388608,all_gather,2.6727,3138.67,18.7086,torch,e04u37,2026-06-01T20:15:51Z,bf16,-1,4096x1024,2,4096,1024,4194304,8388608,58720256,3082.60,3228.08,30,10,tf_4096x1024
0,8,16777216,all_gather,3.2509,5160.72,22.7566,torch,e04u37,2026-06-01T20:15:51Z,bf16,0,4096x2048,2,4096,2048,8388608,16777216,117440512,5045.91,5300.38,30,10,tf_4096x2048
0,8,16777216,all_gather,3.2341,5187.67,22.6384,torch,e04u37,2026-06-01T20:15:51Z,bf16,-1,4096x2048,2,4096,2048,8388608,16777216,117440512,5066.15,5386.84,30,10,tf_4096x2048
0,8,33554432,all_gather,3.6578,9173.33,25.6048,torch,e04u37,2026-06-01T20:15:51Z,bf16,0,4096x4096,2,4096,4096,16777216,33554432,234881024,8951.69,9427.65,30,10,tf_4096x4096
0,8,33554432,all_gather,3.6562,9177.44,25.5933,torch,e04u37,2026-06-01T20:15:51Z,bf16,-1,4096x4096,2,4096,4096,16777216,33554432,234881024,8980.76,9493.37,30,10,tf_4096x4096
0,8,67108864,all_gather,3.9082,17171.34,27.3573,torch,e04u37,2026-06-01T20:15:51Z,bf16,0,4096x8192,2,4096,8192,33554432,67108864,469762048,16747.77,17606.23,30,10,tf_4096x8192
0,8,67108864,all_gather,3.9072,17175.82,27.3502,torch,e04u37,2026-06-01T20:15:51Z,bf16,-1,4096x8192,2,4096,8192,33554432,67108864,469762048,16723.35,17758.37,30,10,tf_4096x8192
0,8,100663296,all_gather,3.9860,25254.15,27.9021,torch,e04u37,2026-06-01T20:15:51Z,bf16,0,4096x12288,2,4096,12288,50331648,100663296,704643072,24364.44,26382.25,30,10,tf_4096x12288
0,8,100663296,all_gather,4.0241,25015.06,28.1688,torch,e04u37,2026-06-01T20:15:51Z,bf16,-1,4096x12288,2,4096,12288,50331648,100663296,704643072,24434.71,25951.97,30,10,tf_4096x12288
0,8,134217728,all_gather,4.0120,33454.38,28.0837,torch,e04u37,2026-06-01T20:15:51Z,bf16,0,4096x16384,2,4096,16384,67108864,134217728,939524096,32855.24,34476.62,30,10,tf_4096x16384
0,8,134217728,all_gather,3.9985,33567.34,27.9892,torch,e04u37,2026-06-01T20:15:51Z,bf16,-1,4096x16384,2,4096,16384,67108864,134217728,939524096,32861.34,34564.65,30,10,tf_4096x16384
0,8,33554432,all_gather,3.6347,9231.68,25.4429,torch,e04u37,2026-06-01T20:15:51Z,bf16,0,16384x1024,2,16384,1024,16777216,33554432,234881024,8968.21,9540.49,30,10,tf_16384x1024
0,8,33554432,all_gather,3.6906,9091.75,25.8345,torch,e04u37,2026-06-01T20:15:51Z,bf16,-1,16384x1024,2,16384,1024,16777216,33554432,234881024,8899.30,9360.26,30,10,tf_16384x1024
0,8,67108864,all_gather,3.8827,17284.18,27.1787,torch,e04u37,2026-06-01T20:15:51Z,bf16,0,16384x2048,2,16384,2048,33554432,67108864,469762048,16773.95,17936.25,30,10,tf_16384x2048
0,8,67108864,all_gather,3.9215,17113.02,27.4506,torch,e04u37,2026-06-01T20:15:51Z,bf16,-1,16384x2048,2,16384,2048,33554432,67108864,469762048,16717.87,17618.63,30,10,tf_16384x2048
0,8,134217728,all_gather,4.0236,33357.86,28.1650,torch,e04u37,2026-06-01T20:15:51Z,bf16,0,16384x4096,2,16384,4096,67108864,134217728,939524096,32606.36,34317.81,30,10,tf_16384x4096
0,8,134217728,all_gather,4.0124,33451.04,28.0865,torch,e04u37,2026-06-01T20:15:51Z,bf16,-1,16384x4096,2,16384,4096,67108864,134217728,939524096,32777.88,34604.18,30,10,tf_16384x4096
0,8,4194304,all_gather,2.0190,2077.47,14.1327,torch,e04u37,2026-06-01T20:15:51Z,bf16,0,1x2097152,2,1,2097152,2097152,4194304,29360128,2048.53,2125.76,30,10,ar_1x2097152
0,8,4194304,all_gather,2.0148,2081.74,14.1036,torch,e04u37,2026-06-01T20:15:51Z,bf16,-1,1x2097152,2,1,2097152,2097152,4194304,29360128,2047.78,2138.53,30,10,ar_1x2097152
0,8,4194304,all_gather,2.0176,2078.87,14.1231,torch,e04u37,2026-06-01T20:15:51Z,bf16,0,8x262144,2,8,262144,2097152,4194304,29360128,2049.55,2160.29,30,10,ar_8x262144
0,8,4194304,all_gather,2.0189,2077.54,14.1322,torch,e04u37,2026-06-01T20:15:51Z,bf16,-1,8x262144,2,8,262144,2097152,4194304,29360128,2042.63,2158.04,30,10,ar_8x262144
0,8,4194304,all_gather,2.0138,2082.80,14.0965,torch,e04u37,2026-06-01T20:15:51Z,bf16,0,64x32768,2,64,32768,2097152,4194304,29360128,2048.13,2143.52,30,10,ar_64x32768
0,8,4194304,all_gather,1.9983,2098.96,13.9879,torch,e04u37,2026-06-01T20:15:51Z,bf16,-1,64x32768,2,64,32768,2097152,4194304,29360128,2050.45,2137.60,30,10,ar_64x32768
0,8,4194304,all_gather,2.0105,2086.15,14.0738,torch,e04u37,2026-06-01T20:15:51Z,bf16,0,512x4096,2,512,4096,2097152,4194304,29360128,2050.94,2159.05,30,10,ar_512x4096
0,8,4194304,all_gather,2.0129,2083.70,14.0904,torch,e04u37,2026-06-01T20:15:51Z,bf16,-1,512x4096,2,512,4096,2097152,4194304,29360128,2042.75,2149.68,30,10,ar_512x4096
0,8,4194304,all_gather,2.0128,2083.84,14.0894,torch,e04u37,2026-06-01T20:15:51Z,bf16,0,4096x512,2,4096,512,2097152,4194304,29360128,2047.55,2181.16,30,10,ar_4096x512
0,8,4194304,all_gather,2.0038,2093.13,14.0269,torch,e04u37,2026-06-01T20:15:51Z,bf16,-1,4096x512,2,4096,512,2097152,4194304,29360128,2052.02,2149.53,30,10,ar_4096x512
0,8,4194304,all_gather,2.0073,2089.49,14.0513,torch,e04u37,2026-06-01T20:15:51Z,bf16,0,32768x64,2,32768,64,2097152,4194304,29360128,2059.04,2152.33,30,10,ar_32768x64
0,8,4194304,all_gather,2.0103,2086.42,14.0720,torch,e04u37,2026-06-01T20:15:51Z,bf16,-1,32768x64,2,32768,64,2097152,4194304,29360128,2057.83,2141.24,30,10,ar_32768x64
0,8,4194304,all_gather,2.0192,2077.23,14.1342,torch,e04u37,2026-06-01T20:15:51Z,bf16,0,262144x8,2,262144,8,2097152,4194304,29360128,2051.03,2167.95,30,10,ar_262144x8
0,8,4194304,all_gather,2.0240,2072.24,14.1683,torch,e04u37,2026-06-01T20:15:51Z,bf16,-1,262144x8,2,262144,8,2097152,4194304,29360128,2050.11,2157.28,30,10,ar_262144x8
0,8,4194304,all_gather,2.0063,2090.58,14.0440,torch,e04u37,2026-06-01T20:15:51Z,bf16,0,2097152x1,2,2097152,1,2097152,4194304,29360128,2051.66,2141.82,30,10,ar_2097152x1
0,8,4194304,all_gather,1.9869,2110.96,13.9084,torch,e04u37,2026-06-01T20:15:51Z,bf16,-1,2097152x1,2,2097152,1,2097152,4194304,29360128,2050.21,2177.85,30,10,ar_2097152x1
0,8,262144,all_gather,0.2813,931.78,1.9693,torch,e04u37,2026-06-01T20:15:51Z,bf16,0,8192x16,2,8192,16,131072,262144,1835008,917.37,960.90,30,10,subcl_8192x16
0,8,262144,all_gather,0.2803,935.21,1.9621,torch,e04u37,2026-06-01T20:15:51Z,bf16,-1,8192x16,2,8192,16,131072,262144,1835008,914.66,954.28,30,10,subcl_8192x16
0,8,262144,all_gather,0.2806,934.20,1.9643,torch,e04u37,2026-06-01T20:15:51Z,bf16,0,16384x8,2,16384,8,131072,262144,1835008,905.97,955.69,30,10,subcl_16384x8
0,8,262144,all_gather,0.2811,932.44,1.9680,torch,e04u37,2026-06-01T20:15:51Z,bf16,-1,16384x8,2,16384,8,131072,262144,1835008,908.16,965.65,30,10,subcl_16384x8
0,8,262144,all_gather,0.2817,930.53,1.9720,torch,e04u37,2026-06-01T20:15:51Z,bf16,0,32768x4,2,32768,4,131072,262144,1835008,914.03,963.00,30,10,subcl_32768x4
0,8,262144,all_gather,0.2784,941.65,1.9487,torch,e04u37,2026-06-01T20:15:51Z,bf16,-1,32768x4,2,32768,4,131072,262144,1835008,911.76,964.53,30,10,subcl_32768x4
0,8,262144,all_gather,0.2789,939.96,1.9522,torch,e04u37,2026-06-01T20:15:51Z,bf16,0,65536x2,2,65536,2,131072,262144,1835008,918.70,973.32,30,10,subcl_65536x2
0,8,262144,all_gather,0.2793,938.50,1.9553,torch,e04u37,2026-06-01T20:15:51Z,bf16,-1,65536x2,2,65536,2,131072,262144,1835008,914.60,972.43,30,10,subcl_65536x2
0,8,8192,reduce_scatter,0.0011,909.71,0.0079,torch,e04u37,2026-06-01T20:15:51Z,bf16,0,512,1,1,512,512,1024,7168,896.32,920.70,30,10,1d_1024B
0,8,16384,reduce_scatter,0.0023,906.06,0.0158,torch,e04u37,2026-06-01T20:15:51Z,bf16,0,1024,1,1,1024,1024,2048,14336,896.56,917.14,30,10,1d_2048B
0,8,32768,reduce_scatter,0.0045,919.35,0.0312,torch,e04u37,2026-06-01T20:15:51Z,bf16,0,2048,1,1,2048,2048,4096,28672,906.20,928.70,30,10,1d_4096B
0,8,65536,reduce_scatter,0.0087,937.67,0.0612,torch,e04u37,2026-06-01T20:15:51Z,bf16,0,4096,1,1,4096,4096,8192,57344,928.00,950.78,30,10,1d_8192B
0,8,131072,reduce_scatter,0.0172,953.93,0.1202,torch,e04u37,2026-06-01T20:15:51Z,bf16,0,8192,1,1,8192,8192,16384,114688,939.30,967.40,30,10,1d_16384B
0,8,262144,reduce_scatter,0.0342,956.73,0.2397,torch,e04u37,2026-06-01T20:15:51Z,bf16,0,16384,1,1,16384,16384,32768,229376,947.74,968.02,30,10,1d_32768B
0,8,524288,reduce_scatter,0.0682,960.61,0.4776,torch,e04u37,2026-06-01T20:15:51Z,bf16,0,32768,1,1,32768,32768,65536,458752,950.54,968.23,30,10,1d_65536B
0,8,1048576,reduce_scatter,0.1246,1052.21,0.8720,torch,e04u37,2026-06-01T20:15:51Z,bf16,0,65536,1,1,65536,65536,131072,917504,1045.58,1063.21,30,10,1d_131072B
0,8,2097152,reduce_scatter,0.2242,1169.49,1.5691,torch,e04u37,2026-06-01T20:15:51Z,bf16,0,131072,1,1,131072,131072,262144,1835008,1155.70,1186.09,30,10,1d_262144B
0,8,4194304,reduce_scatter,0.3592,1459.61,2.5144,torch,e04u37,2026-06-01T20:15:51Z,bf16,0,262144,1,1,262144,262144,524288,3670016,1448.43,1475.91,30,10,1d_524288B
0,8,8388608,reduce_scatter,0.6480,1618.05,4.5363,torch,e04u37,2026-06-01T20:15:51Z,bf16,0,524288,1,1,524288,524288,1048576,7340032,1609.08,1631.90,30,10,1d_1048576B
0,8,16777216,reduce_scatter,1.0801,1941.67,7.5605,torch,e04u37,2026-06-01T20:15:51Z,bf16,0,1048576,1,1,1048576,1048576,2097152,14680064,1918.21,1962.95,30,10,1d_2097152B
0,8,33554432,reduce_scatter,1.6607,2525.56,11.6252,torch,e04u37,2026-06-01T20:15:51Z,bf16,0,2097152,1,1,2097152,2097152,4194304,29360128,2490.56,2550.78,30,10,1d_4194304B
0,8,67108864,reduce_scatter,2.2049,3804.57,15.4342,torch,e04u37,2026-06-01T20:15:51Z,bf16,0,4194304,1,1,4194304,4194304,8388608,58720256,3767.18,3842.48,30,10,1d_8388608B
0,8,134217728,reduce_scatter,2.6805,6259.10,18.7632,torch,e04u37,2026-06-01T20:15:51Z,bf16,0,8388608,1,1,8388608,8388608,16777216,117440512,6217.78,6287.79,30,10,1d_16777216B
0,8,268435456,reduce_scatter,3.0236,11097.38,21.1655,torch,e04u37,2026-06-01T20:15:51Z,bf16,0,16777216,1,1,16777216,16777216,33554432,234881024,11037.24,11182.54,30,10,1d_33554432B
0,8,536870912,reduce_scatter,3.2343,20749.19,22.6400,torch,e04u37,2026-06-01T20:15:51Z,bf16,0,33554432,1,1,33554432,33554432,67108864,469762048,20645.06,20865.16,30,10,1d_67108864B
0,8,1073741824,reduce_scatter,3.3208,40416.93,23.2458,torch,e04u37,2026-06-01T20:15:51Z,bf16,0,67108864,1,1,67108864,67108864,134217728,939524096,40301.89,40580.58,30,10,1d_134217728B
0,8,16777216,reduce_scatter,1.0791,1943.49,7.5535,torch,e04u37,2026-06-01T20:15:51Z,bf16,0,1024x1024,2,1024,1024,1048576,2097152,14680064,1927.76,1958.79,30,10,tf_1024x1024
0,8,16777216,reduce_scatter,1.0785,1944.47,7.5496,torch,e04u37,2026-06-01T20:15:51Z,bf16,-1,1024x1024,2,1024,1024,1048576,2097152,14680064,1928.24,1962.40,30,10,tf_1024x1024
0,8,33554432,reduce_scatter,1.6621,2523.46,11.6349,torch,e04u37,2026-06-01T20:15:51Z,bf16,0,1024x2048,2,1024,2048,2097152,4194304,29360128,2507.17,2545.17,30,10,tf_1024x2048
0,8,33554432,reduce_scatter,1.6658,2517.94,11.6604,torch,e04u37,2026-06-01T20:15:51Z,bf16,-1,1024x2048,2,1024,2048,2097152,4194304,29360128,2497.70,2550.95,30,10,tf_1024x2048
0,8,67108864,reduce_scatter,2.2113,3793.57,15.4789,torch,e04u37,2026-06-01T20:15:51Z,bf16,0,1024x4096,2,1024,4096,4194304,8388608,58720256,3769.98,3831.85,30,10,tf_1024x4096
0,8,67108864,reduce_scatter,2.2044,3805.47,15.4305,torch,e04u37,2026-06-01T20:15:51Z,bf16,-1,1024x4096,2,1024,4096,4194304,8388608,58720256,3765.92,3834.50,30,10,tf_1024x4096
0,8,134217728,reduce_scatter,2.6862,6245.68,18.8035,torch,e04u37,2026-06-01T20:15:51Z,bf16,0,1024x8192,2,1024,8192,8388608,16777216,117440512,6216.68,6298.25,30,10,tf_1024x8192
0,8,134217728,reduce_scatter,2.6820,6255.58,18.7737,torch,e04u37,2026-06-01T20:15:51Z,bf16,-1,1024x8192,2,1024,8192,8388608,16777216,117440512,6203.76,6285.84,30,10,tf_1024x8192
0,8,201326592,reduce_scatter,2.9167,8628.16,20.4169,torch,e04u37,2026-06-01T20:15:51Z,bf16,0,1024x12288,2,1024,12288,12582912,25165824,176160768,8582.45,8672.45,30,10,tf_1024x12288
0,8,201326592,reduce_scatter,2.9176,8625.44,20.4234,torch,e04u37,2026-06-01T20:15:51Z,bf16,-1,1024x12288,2,1024,12288,12582912,25165824,176160768,8585.06,8673.87,30,10,tf_1024x12288
0,8,268435456,reduce_scatter,3.0263,11087.70,21.1839,torch,e04u37,2026-06-01T20:15:51Z,bf16,0,1024x16384,2,1024,16384,16777216,33554432,234881024,11030.48,11157.62,30,10,tf_1024x16384
0,8,268435456,reduce_scatter,3.0279,11081.84,21.1951,torch,e04u37,2026-06-01T20:15:51Z,bf16,-1,1024x16384,2,1024,16384,16777216,33554432,234881024,11025.32,11150.00,30,10,tf_1024x16384
0,8,67108864,reduce_scatter,2.2077,3799.73,15.4538,torch,e04u37,2026-06-01T20:15:51Z,bf16,0,4096x1024,2,4096,1024,4194304,8388608,58720256,3782.04,3832.97,30,10,tf_4096x1024
0,8,67108864,reduce_scatter,2.1994,3814.06,15.3957,torch,e04u37,2026-06-01T20:15:51Z,bf16,-1,4096x1024,2,4096,1024,4194304,8388608,58720256,3779.31,3851.37,30,10,tf_4096x1024
0,8,134217728,reduce_scatter,2.6843,6250.23,18.7898,torch,e04u37,2026-06-01T20:15:51Z,bf16,0,4096x2048,2,4096,2048,8388608,16777216,117440512,6215.79,6285.99,30,10,tf_4096x2048
0,8,134217728,reduce_scatter,2.6849,6248.71,18.7944,torch,e04u37,2026-06-01T20:15:51Z,bf16,-1,4096x2048,2,4096,2048,8388608,16777216,117440512,6222.91,6291.55,30,10,tf_4096x2048
0,8,268435456,reduce_scatter,3.0256,11090.18,21.1792,torch,e04u37,2026-06-01T20:15:51Z,bf16,0,4096x4096,2,4096,4096,16777216,33554432,234881024,11028.72,11187.60,30,10,tf_4096x4096
0,8,268435456,reduce_scatter,3.0243,11095.11,21.1698,torch,e04u37,2026-06-01T20:15:51Z,bf16,-1,4096x4096,2,4096,4096,16777216,33554432,234881024,11039.78,11168.19,30,10,tf_4096x4096
0,8,536870912,reduce_scatter,3.2335,20754.26,22.6345,torch,e04u37,2026-06-01T20:15:51Z,bf16,0,4096x8192,2,4096,8192,33554432,67108864,469762048,20682.20,20847.81,30,10,tf_4096x8192
0,8,536870912,reduce_scatter,3.2327,20759.38,22.6289,torch,e04u37,2026-06-01T20:15:51Z,bf16,-1,4096x8192,2,4096,8192,33554432,67108864,469762048,20658.44,20858.52,30,10,tf_4096x8192
0,8,805306368,reduce_scatter,3.3151,30364.65,23.2060,torch,e04u37,2026-06-01T20:15:51Z,bf16,0,4096x12288,2,4096,12288,50331648,100663296,704643072,30250.86,30530.45,30,10,tf_4096x12288
0,8,805306368,reduce_scatter,3.3139,30376.32,23.1971,torch,e04u37,2026-06-01T20:15:51Z,bf16,-1,4096x12288,2,4096,12288,50331648,100663296,704643072,30230.42,30567.59,30,10,tf_4096x12288
0,8,1073741824,reduce_scatter,3.3168,40465.67,23.2178,torch,e04u37,2026-06-01T20:15:51Z,bf16,0,4096x16384,2,4096,16384,67108864,134217728,939524096,40350.90,40602.05,30,10,tf_4096x16384
0,8,1073741824,reduce_scatter,3.3186,40443.87,23.2303,torch,e04u37,2026-06-01T20:15:51Z,bf16,-1,4096x16384,2,4096,16384,67108864,134217728,939524096,40310.20,40554.39,30,10,tf_4096x16384
0,8,268435456,reduce_scatter,3.0245,11094.05,21.1718,torch,e04u37,2026-06-01T20:15:51Z,bf16,0,16384x1024,2,16384,1024,16777216,33554432,234881024,11037.79,11161.15,30,10,tf_16384x1024
0,8,268435456,reduce_scatter,3.0192,11113.84,21.1341,torch,e04u37,2026-06-01T20:15:51Z,bf16,-1,16384x1024,2,16384,1024,16777216,33554432,234881024,11054.96,11160.00,30,10,tf_16384x1024
0,8,536870912,reduce_scatter,3.2335,20754.13,22.6346,torch,e04u37,2026-06-01T20:15:51Z,bf16,0,16384x2048,2,16384,2048,33554432,67108864,469762048,20664.59,20904.10,30,10,tf_16384x2048
0,8,536870912,reduce_scatter,3.2320,20763.62,22.6243,torch,e04u37,2026-06-01T20:15:51Z,bf16,-1,16384x2048,2,16384,2048,33554432,67108864,469762048,20695.70,20891.70,30,10,tf_16384x2048
0,8,1073741824,reduce_scatter,3.3130,40512.78,23.1908,torch,e04u37,2026-06-01T20:15:51Z,bf16,0,16384x4096,2,16384,4096,67108864,134217728,939524096,40393.78,40673.37,30,10,tf_16384x4096
0,8,1073741824,reduce_scatter,3.3168,40465.45,23.2179,torch,e04u37,2026-06-01T20:15:51Z,bf16,-1,16384x4096,2,16384,4096,67108864,134217728,939524096,40340.26,40610.13,30,10,tf_16384x4096
0,8,33554432,reduce_scatter,1.6638,2520.90,11.6467,torch,e04u37,2026-06-01T20:15:51Z,bf16,0,1x2097152,2,1,2097152,2097152,4194304,29360128,2495.39,2545.61,30,10,ar_1x2097152
0,8,33554432,reduce_scatter,1.6626,2522.71,11.6383,torch,e04u37,2026-06-01T20:15:51Z,bf16,-1,1x2097152,2,1,2097152,2097152,4194304,29360128,2502.16,2552.04,30,10,ar_1x2097152
0,8,33554432,reduce_scatter,1.6669,2516.22,11.6683,torch,e04u37,2026-06-01T20:15:51Z,bf16,0,8x262144,2,8,262144,2097152,4194304,29360128,2498.94,2549.44,30,10,ar_8x262144
0,8,33554432,reduce_scatter,1.6587,2528.62,11.6111,torch,e04u37,2026-06-01T20:15:51Z,bf16,-1,8x262144,2,8,262144,2097152,4194304,29360128,2504.65,2567.16,30,10,ar_8x262144
0,8,33554432,reduce_scatter,1.6649,2519.25,11.6543,torch,e04u37,2026-06-01T20:15:51Z,bf16,0,64x32768,2,64,32768,2097152,4194304,29360128,2501.18,2547.38,30,10,ar_64x32768
0,8,33554432,reduce_scatter,1.6615,2524.47,11.6302,torch,e04u37,2026-06-01T20:15:51Z,bf16,-1,64x32768,2,64,32768,2097152,4194304,29360128,2502.55,2553.03,30,10,ar_64x32768
0,8,33554432,reduce_scatter,1.6638,2520.92,11.6466,torch,e04u37,2026-06-01T20:15:51Z,bf16,0,512x4096,2,512,4096,2097152,4194304,29360128,2501.59,2546.38,30,10,ar_512x4096
0,8,33554432,reduce_scatter,1.6643,2520.19,11.6500,torch,e04u37,2026-06-01T20:15:51Z,bf16,-1,512x4096,2,512,4096,2097152,4194304,29360128,2501.59,2551.19,30,10,ar_512x4096
0,8,33554432,reduce_scatter,1.6632,2521.78,11.6426,torch,e04u37,2026-06-01T20:15:51Z,bf16,0,4096x512,2,4096,512,2097152,4194304,29360128,2499.65,2559.73,30,10,ar_4096x512
0,8,33554432,reduce_scatter,1.6605,2526.00,11.6232,torch,e04u37,2026-06-01T20:15:51Z,bf16,-1,4096x512,2,4096,512,2097152,4194304,29360128,2507.16,2560.78,30,10,ar_4096x512
0,8,33554432,reduce_scatter,1.6607,2525.64,11.6248,torch,e04u37,2026-06-01T20:15:51Z,bf16,0,32768x64,2,32768,64,2097152,4194304,29360128,2498.17,2548.35,30,10,ar_32768x64
0,8,33554432,reduce_scatter,1.6598,2526.97,11.6187,torch,e04u37,2026-06-01T20:15:51Z,bf16,-1,32768x64,2,32768,64,2097152,4194304,29360128,2510.28,2555.46,30,10,ar_32768x64
0,8,33554432,reduce_scatter,1.6608,2525.51,11.6254,torch,e04u37,2026-06-01T20:15:51Z,bf16,0,262144x8,2,262144,8,2097152,4194304,29360128,2496.83,2561.16,30,10,ar_262144x8
0,8,33554432,reduce_scatter,1.6599,2526.82,11.6194,torch,e04u37,2026-06-01T20:15:51Z,bf16,-1,262144x8,2,262144,8,2097152,4194304,29360128,2502.78,2562.66,30,10,ar_262144x8
0,8,33554432,reduce_scatter,1.6601,2526.53,11.6208,torch,e04u37,2026-06-01T20:15:51Z,bf16,0,2097152x1,2,2097152,1,2097152,4194304,29360128,2511.99,2559.73,30,10,ar_2097152x1
0,8,33554432,reduce_scatter,1.6605,2525.90,11.6236,torch,e04u37,2026-06-01T20:15:51Z,bf16,-1,2097152x1,2,2097152,1,2097152,4194304,29360128,2503.95,2551.09,30,10,ar_2097152x1
0,8,2097152,reduce_scatter,0.2229,1176.10,1.5602,torch,e04u37,2026-06-01T20:15:51Z,bf16,0,8192x16,2,8192,16,131072,262144,1835008,1163.40,1187.50,30,10,subcl_8192x16
0,8,2097152,reduce_scatter,0.2234,1173.59,1.5636,torch,e04u37,2026-06-01T20:15:51Z,bf16,-1,8192x16,2,8192,16,131072,262144,1835008,1159.21,1182.57,30,10,subcl_8192x16
0,8,2097152,reduce_scatter,0.2230,1175.59,1.5609,torch,e04u37,2026-06-01T20:15:51Z,bf16,0,16384x8,2,16384,8,131072,262144,1835008,1160.85,1184.66,30,10,subcl_16384x8
0,8,2097152,reduce_scatter,0.2239,1170.79,1.5673,torch,e04u37,2026-06-01T20:15:51Z,bf16,-1,16384x8,2,16384,8,131072,262144,1835008,1160.67,1189.54,30,10,subcl_16384x8
0,8,2097152,reduce_scatter,0.2238,1171.55,1.5663,torch,e04u37,2026-06-01T20:15:51Z,bf16,0,32768x4,2,32768,4,131072,262144,1835008,1161.93,1185.85,30,10,subcl_32768x4
0,8,2097152,reduce_scatter,0.2232,1174.41,1.5625,torch,e04u37,2026-06-01T20:15:51Z,bf16,-1,32768x4,2,32768,4,131072,262144,1835008,1157.73,1184.05,30,10,subcl_32768x4
0,8,2097152,reduce_scatter,0.2235,1172.71,1.5648,torch,e04u37,2026-06-01T20:15:51Z,bf16,0,65536x2,2,65536,2,131072,262144,1835008,1162.74,1187.47,30,10,subcl_65536x2
0,8,2097152,reduce_scatter,0.2239,1170.97,1.5671,torch,e04u37,2026-06-01T20:15:51Z,bf16,-1,65536x2,2,65536,2,131072,262144,1835008,1158.44,1185.91,30,10,subcl_65536x2
0,8,1024,all_to_all,0.0028,361.58,0.0025,torch,e04u37,2026-06-01T20:15:51Z,bf16,0,512,1,1,512,512,1024,896,348.71,366.54,30,10,1d_1024B
0,8,2048,all_to_all,0.0058,350.88,0.0051,torch,e04u37,2026-06-01T20:15:51Z,bf16,0,1024,1,1,1024,1024,2048,1792,343.43,364.33,30,10,1d_2048B
0,8,4096,all_to_all,0.0116,351.85,0.0102,torch,e04u37,2026-06-01T20:15:51Z,bf16,0,2048,1,1,2048,2048,4096,3584,345.16,386.31,30,10,1d_4096B
0,8,8192,all_to_all,0.0228,359.43,0.0199,torch,e04u37,2026-06-01T20:15:51Z,bf16,0,4096,1,1,4096,4096,8192,7168,348.63,372.47,30,10,1d_8192B
0,8,16384,all_to_all,0.0446,367.58,0.0390,torch,e04u37,2026-06-01T20:15:51Z,bf16,0,8192,1,1,8192,8192,16384,14336,360.44,372.92,30,10,1d_16384B
0,8,32768,all_to_all,0.0851,385.10,0.0745,torch,e04u37,2026-06-01T20:15:51Z,bf16,0,16384,1,1,16384,16384,32768,28672,374.03,397.48,30,10,1d_32768B
0,8,65536,all_to_all,0.1667,393.05,0.1459,torch,e04u37,2026-06-01T20:15:51Z,bf16,0,32768,1,1,32768,32768,65536,57344,374.85,415.85,30,10,1d_65536B
0,8,131072,all_to_all,0.3353,390.95,0.2934,torch,e04u37,2026-06-01T20:15:51Z,bf16,0,65536,1,1,65536,65536,131072,114688,384.62,400.54,30,10,1d_131072B
0,8,262144,all_to_all,0.6585,398.10,0.5762,torch,e04u37,2026-06-01T20:15:51Z,bf16,0,131072,1,1,131072,131072,262144,229376,390.94,407.82,30,10,1d_262144B
0,8,524288,all_to_all,1.2333,425.11,1.0791,torch,e04u37,2026-06-01T20:15:51Z,bf16,0,262144,1,1,262144,262144,524288,458752,421.02,435.08,30,10,1d_524288B
0,8,1048576,all_to_all,2.0012,523.97,1.7511,torch,e04u37,2026-06-01T20:15:51Z,bf16,0,524288,1,1,524288,524288,1048576,917504,508.46,559.72,30,10,1d_1048576B
0,8,2097152,all_to_all,3.8886,539.30,3.4025,torch,e04u37,2026-06-01T20:15:51Z,bf16,0,1048576,1,1,1048576,1048576,2097152,1835008,518.53,561.95,30,10,1d_2097152B
0,8,4194304,all_to_all,7.4192,565.33,6.4918,torch,e04u37,2026-06-01T20:15:51Z,bf16,0,2097152,1,1,2097152,2097152,4194304,3670016,549.43,642.25,30,10,1d_4194304B
0,8,8388608,all_to_all,12.3379,679.90,10.7957,torch,e04u37,2026-06-01T20:15:51Z,bf16,0,4194304,1,1,4194304,4194304,8388608,7340032,659.55,696.59,30,10,1d_8388608B
0,8,16777216,all_to_all,18.4177,910.93,16.1155,torch,e04u37,2026-06-01T20:15:51Z,bf16,0,8388608,1,1,8388608,8388608,16777216,14680064,861.63,952.64,30,10,1d_16777216B
0,8,33554432,all_to_all,24.6017,1363.91,21.5265,torch,e04u37,2026-06-01T20:15:51Z,bf16,0,16777216,1,1,16777216,16777216,33554432,29360128,1299.45,1427.07,30,10,1d_33554432B
0,8,67108864,all_to_all,32.6721,2054.01,28.5881,torch,e04u37,2026-06-01T20:15:51Z,bf16,0,33554432,1,1,33554432,33554432,67108864,58720256,2002.24,2119.08,30,10,1d_67108864B
0,8,134217728,all_to_all,38.5524,3481.43,33.7334,torch,e04u37,2026-06-01T20:15:51Z,bf16,0,67108864,1,1,67108864,67108864,134217728,117440512,3421.55,3589.72,30,10,1d_134217728B
0,8,2097152,all_to_all,3.8762,541.03,3.3917,torch,e04u37,2026-06-01T20:15:51Z,bf16,0,1024x1024,2,1024,1024,1048576,2097152,1835008,521.83,581.90,30,10,tf_1024x1024
0,8,2097152,all_to_all,3.8875,539.47,3.4015,torch,e04u37,2026-06-01T20:15:51Z,bf16,-1,1024x1024,2,1024,1024,1048576,2097152,1835008,518.45,571.77,30,10,tf_1024x1024
0,8,4194304,all_to_all,7.4861,560.28,6.5503,torch,e04u37,2026-06-01T20:15:51Z,bf16,0,1024x2048,2,1024,2048,2097152,4194304,3670016,550.86,576.85,30,10,tf_1024x2048
0,8,4194304,all_to_all,7.4946,559.64,6.5578,torch,e04u37,2026-06-01T20:15:51Z,bf16,-1,1024x2048,2,1024,2048,2097152,4194304,3670016,548.70,574.47,30,10,tf_1024x2048
0,8,8388608,all_to_all,12.4296,674.89,10.8759,torch,e04u37,2026-06-01T20:15:51Z,bf16,0,1024x4096,2,1024,4096,4194304,8388608,7340032,661.16,699.12,30,10,tf_1024x4096
0,8,8388608,all_to_all,12.3450,679.51,10.8019,torch,e04u37,2026-06-01T20:15:51Z,bf16,-1,1024x4096,2,1024,4096,4194304,8388608,7340032,652.58,743.75,30,10,tf_1024x4096
0,8,16777216,all_to_all,18.7360,895.45,16.3940,torch,e04u37,2026-06-01T20:15:51Z,bf16,0,1024x8192,2,1024,8192,8388608,16777216,14680064,860.24,941.03,30,10,tf_1024x8192
0,8,16777216,all_to_all,18.7722,893.73,16.4257,torch,e04u37,2026-06-01T20:15:51Z,bf16,-1,1024x8192,2,1024,8192,8388608,16777216,14680064,850.42,936.63,30,10,tf_1024x8192
0,8,25165824,all_to_all,22.2313,1132.00,19.4524,torch,e04u37,2026-06-01T20:15:51Z,bf16,0,1024x12288,2,1024,12288,12582912,25165824,22020096,1087.58,1174.15,30,10,tf_1024x12288
0,8,25165824,all_to_all,22.4235,1122.30,19.6205,torch,e04u37,2026-06-01T20:15:51Z,bf16,-1,1024x12288,2,1024,12288,12582912,25165824,22020096,1084.00,1176.64,30,10,tf_1024x12288
0,8,33554432,all_to_all,24.6612,1360.62,21.5785,torch,e04u37,2026-06-01T20:15:51Z,bf16,0,1024x16384,2,1024,16384,16777216,33554432,29360128,1303.25,1407.53,30,10,tf_1024x16384
0,8,33554432,all_to_all,24.6768,1359.76,21.5922,torch,e04u37,2026-06-01T20:15:51Z,bf16,-1,1024x16384,2,1024,16384,16777216,33554432,29360128,1300.09,1436.74,30,10,tf_1024x16384
0,8,8388608,all_to_all,12.3972,676.66,10.8475,torch,e04u37,2026-06-01T20:15:51Z,bf16,0,4096x1024,2,4096,1024,4194304,8388608,7340032,656.33,703.06,30,10,tf_4096x1024
0,8,8388608,all_to_all,12.3232,680.72,10.7828,torch,e04u37,2026-06-01T20:15:51Z,bf16,-1,4096x1024,2,4096,1024,4194304,8388608,7340032,654.08,705.37,30,10,tf_4096x1024
0,8,16777216,all_to_all,18.5059,906.59,16.1927,torch,e04u37,2026-06-01T20:15:51Z,bf16,0,4096x2048,2,4096,2048,8388608,16777216,14680064,857.54,953.02,30,10,tf_4096x2048
0,8,16777216,all_to_all,18.5951,902.24,16.2707,torch,e04u37,2026-06-01T20:15:51Z,bf16,-1,4096x2048,2,4096,2048,8388608,16777216,14680064,875.37,946.76,30,10,tf_4096x2048
0,8,33554432,all_to_all,24.7395,1356.31,21.6471,torch,e04u37,2026-06-01T20:15:51Z,bf16,0,4096x4096,2,4096,4096,16777216,33554432,29360128,1299.88,1401.79,30,10,tf_4096x4096
0,8,33554432,all_to_all,24.8852,1348.37,21.7745,torch,e04u37,2026-06-01T20:15:51Z,bf16,-1,4096x4096,2,4096,4096,16777216,33554432,29360128,1299.56,1404.91,30,10,tf_4096x4096
0,8,67108864,all_to_all,32.8557,2042.54,28.7487,torch,e04u37,2026-06-01T20:15:51Z,bf16,0,4096x8192,2,4096,8192,33554432,67108864,58720256,2007.90,2144.57,30,10,tf_4096x8192
0,8,67108864,all_to_all,32.7563,2048.73,28.6618,torch,e04u37,2026-06-01T20:15:51Z,bf16,-1,4096x8192,2,4096,8192,33554432,67108864,58720256,1995.42,2130.70,30,10,tf_4096x8192
0,8,100663296,all_to_all,36.4474,2761.88,31.8915,torch,e04u37,2026-06-01T20:15:51Z,bf16,0,4096x12288,2,4096,12288,50331648,100663296,88080384,2690.65,2850.80,30,10,tf_4096x12288
0,8,100663296,all_to_all,36.2975,2773.28,31.7603,torch,e04u37,2026-06-01T20:15:51Z,bf16,-1,4096x12288,2,4096,12288,50331648,100663296,88080384,2702.81,2853.06,30,10,tf_4096x12288
0,8,134217728,all_to_all,38.6538,3472.30,33.8221,torch,e04u37,2026-06-01T20:15:51Z,bf16,0,4096x16384,2,4096,16384,67108864,134217728,117440512,3404.83,3580.21,30,10,tf_4096x16384
0,8,134217728,all_to_all,38.6004,3477.10,33.7754,torch,e04u37,2026-06-01T20:15:51Z,bf16,-1,4096x16384,2,4096,16384,67108864,134217728,117440512,3399.99,3572.94,30,10,tf_4096x16384
0,8,33554432,all_to_all,24.9438,1345.20,21.8258,torch,e04u37,2026-06-01T20:15:51Z,bf16,0,16384x1024,2,16384,1024,16777216,33554432,29360128,1306.03,1404.22,30,10,tf_16384x1024
0,8,33554432,all_to_all,24.9336,1345.75,21.8169,torch,e04u37,2026-06-01T20:15:51Z,bf16,-1,16384x1024,2,16384,1024,16777216,33554432,29360128,1295.88,1427.01,30,10,tf_16384x1024
0,8,67108864,all_to_all,32.8227,2044.59,28.7198,torch,e04u37,2026-06-01T20:15:51Z,bf16,0,16384x2048,2,16384,2048,33554432,67108864,58720256,1994.78,2113.96,30,10,tf_16384x2048
0,8,67108864,all_to_all,32.7674,2048.04,28.6715,torch,e04u37,2026-06-01T20:15:51Z,bf16,-1,16384x2048,2,16384,2048,33554432,67108864,58720256,1988.51,2101.16,30,10,tf_16384x2048
0,8,134217728,all_to_all,39.1168,3431.21,34.2272,torch,e04u37,2026-06-01T20:15:51Z,bf16,0,16384x4096,2,16384,4096,67108864,134217728,117440512,3387.40,3543.56,30,10,tf_16384x4096
0,8,134217728,all_to_all,38.4016,3495.10,33.6014,torch,e04u37,2026-06-01T20:15:51Z,bf16,-1,16384x4096,2,16384,4096,67108864,134217728,117440512,3397.15,3587.23,30,10,tf_16384x4096
0,8,4194304,all_to_all,7.4560,562.54,6.5240,torch,e04u37,2026-06-01T20:15:51Z,bf16,-1,1x2097152,2,1,2097152,2097152,4194304,3670016,554.42,571.32,30,10,ar_1x2097152
0,8,4194304,all_to_all,7.4930,559.76,6.5564,torch,e04u37,2026-06-01T20:15:51Z,bf16,0,8x262144,2,8,262144,2097152,4194304,3670016,546.50,572.10,30,10,ar_8x262144
0,8,4194304,all_to_all,7.4526,562.80,6.5210,torch,e04u37,2026-06-01T20:15:51Z,bf16,-1,8x262144,2,8,262144,2097152,4194304,3670016,542.27,585.41,30,10,ar_8x262144
0,8,4194304,all_to_all,7.4554,562.59,6.5235,torch,e04u37,2026-06-01T20:15:51Z,bf16,0,64x32768,2,64,32768,2097152,4194304,3670016,547.62,574.31,30,10,ar_64x32768
0,8,4194304,all_to_all,7.5003,559.22,6.5627,torch,e04u37,2026-06-01T20:15:51Z,bf16,-1,64x32768,2,64,32768,2097152,4194304,3670016,552.94,579.38,30,10,ar_64x32768
0,8,4194304,all_to_all,7.5030,559.02,6.5651,torch,e04u37,2026-06-01T20:15:51Z,bf16,0,512x4096,2,512,4096,2097152,4194304,3670016,551.46,568.82,30,10,ar_512x4096
0,8,4194304,all_to_all,7.4972,559.45,6.5601,torch,e04u37,2026-06-01T20:15:51Z,bf16,-1,512x4096,2,512,4096,2097152,4194304,3670016,549.52,576.67,30,10,ar_512x4096
0,8,4194304,all_to_all,7.4618,562.11,6.5290,torch,e04u37,2026-06-01T20:15:51Z,bf16,0,4096x512,2,4096,512,2097152,4194304,3670016,547.38,573.93,30,10,ar_4096x512
0,8,4194304,all_to_all,7.4991,559.31,6.5617,torch,e04u37,2026-06-01T20:15:51Z,bf16,-1,4096x512,2,4096,512,2097152,4194304,3670016,550.49,577.64,30,10,ar_4096x512
0,8,4194304,all_to_all,7.4971,559.46,6.5599,torch,e04u37,2026-06-01T20:15:51Z,bf16,0,32768x64,2,32768,64,2097152,4194304,3670016,549.58,570.81,30,10,ar_32768x64
0,8,4194304,all_to_all,7.4550,562.62,6.5231,torch,e04u37,2026-06-01T20:15:51Z,bf16,-1,32768x64,2,32768,64,2097152,4194304,3670016,549.98,617.22,30,10,ar_32768x64
0,8,4194304,all_to_all,7.5005,559.20,6.5630,torch,e04u37,2026-06-01T20:15:51Z,bf16,0,262144x8,2,262144,8,2097152,4194304,3670016,547.76,568.40,30,10,ar_262144x8
0,8,4194304,all_to_all,7.5104,558.47,6.5716,torch,e04u37,2026-06-01T20:15:51Z,bf16,-1,262144x8,2,262144,8,2097152,4194304,3670016,548.34,567.29,30,10,ar_262144x8
0,8,4194304,all_to_all,7.4506,562.95,6.5193,torch,e04u37,2026-06-01T20:15:51Z,bf16,0,2097152x1,2,2097152,1,2097152,4194304,3670016,547.93,573.42,30,10,ar_2097152x1
0,8,262144,all_to_all,0.6602,397.08,0.5777,torch,e04u37,2026-06-01T20:15:51Z,bf16,0,8192x16,2,8192,16,131072,262144,229376,390.28,409.91,30,10,subcl_8192x16
0,8,262144,all_to_all,0.6610,396.59,0.5784,torch,e04u37,2026-06-01T20:15:51Z,bf16,-1,8192x16,2,8192,16,131072,262144,229376,392.48,404.37,30,10,subcl_8192x16
0,8,262144,all_to_all,0.6636,395.02,0.5807,torch,e04u37,2026-06-01T20:15:51Z,bf16,0,16384x8,2,16384,8,131072,262144,229376,386.68,403.30,30,10,subcl_16384x8
0,8,262144,all_to_all,0.6621,395.95,0.5793,torch,e04u37,2026-06-01T20:15:51Z,bf16,-1,16384x8,2,16384,8,131072,262144,229376,385.91,410.54,30,10,subcl_16384x8
0,8,262144,all_to_all,0.6604,396.97,0.5778,torch,e04u37,2026-06-01T20:15:51Z,bf16,0,32768x4,2,32768,4,131072,262144,229376,384.30,403.90,30,10,subcl_32768x4
0,8,262144,all_to_all,0.6662,393.46,0.5830,torch,e04u37,2026-06-01T20:15:51Z,bf16,0,65536x2,2,65536,2,131072,262144,229376,386.72,406.18,30,10,subcl_65536x2
0,8,1024,broadcast,0.0031,325.92,0.0031,torch,e04u37,2026-06-01T20:15:51Z,bf16,0,512,1,1,512,512,1024,1024,311.91,350.23,30,10,1d_1024B
0,8,2048,broadcast,0.0065,316.84,0.0065,torch,e04u37,2026-06-01T20:15:51Z,bf16,0,1024,1,1,1024,1024,2048,2048,310.78,322.76,30,10,1d_2048B
0,8,4096,broadcast,0.0125,327.40,0.0125,torch,e04u37,2026-06-01T20:15:51Z,bf16,0,2048,1,1,2048,2048,4096,4096,315.84,331.23,30,10,1d_4096B
0,8,8192,broadcast,0.0234,349.48,0.0234,torch,e04u37,2026-06-01T20:15:51Z,bf16,0,4096,1,1,4096,4096,8192,8192,343.49,353.92,30,10,1d_8192B
0,8,16384,broadcast,0.0425,385.50,0.0425,torch,e04u37,2026-06-01T20:15:51Z,bf16,0,8192,1,1,8192,8192,16384,16384,379.14,392.45,30,10,1d_16384B
0,8,32768,broadcast,0.0811,404.17,0.0811,torch,e04u37,2026-06-01T20:15:51Z,bf16,0,16384,1,1,16384,16384,32768,32768,396.56,421.14,30,10,1d_32768B
0,8,65536,broadcast,0.1464,447.57,0.1464,torch,e04u37,2026-06-01T20:15:51Z,bf16,0,32768,1,1,32768,32768,65536,65536,429.38,477.76,30,10,1d_65536B
0,8,131072,broadcast,0.2718,482.23,0.2718,torch,e04u37,2026-06-01T20:15:51Z,bf16,0,65536,1,1,65536,65536,131072,131072,455.73,500.87,30,10,1d_131072B
0,8,262144,broadcast,0.5328,492.04,0.5328,torch,e04u37,2026-06-01T20:15:51Z,bf16,0,131072,1,1,131072,131072,262144,262144,458.04,507.93,30,10,1d_262144B
0,8,524288,broadcast,0.7017,747.13,0.7017,torch,e04u37,2026-06-01T20:15:51Z,bf16,0,262144,1,1,262144,262144,524288,524288,667.92,787.71,30,10,1d_524288B
0,8,1048576,broadcast,1.2705,825.33,1.2705,torch,e04u37,2026-06-01T20:15:51Z,bf16,0,524288,1,1,524288,524288,1048576,1048576,798.98,888.65,30,10,1d_1048576B
0,8,2097152,broadcast,2.3561,890.08,2.3561,torch,e04u37,2026-06-01T20:15:51Z,bf16,0,1048576,1,1,1048576,1048576,2097152,2097152,849.18,950.37,30,10,1d_2097152B
0,8,4194304,broadcast,4.2735,981.48,4.2735,torch,e04u37,2026-06-01T20:15:51Z,bf16,0,2097152,1,1,2097152,2097152,4194304,4194304,945.80,1032.78,30,10,1d_4194304B
0,8,8388608,broadcast,7.0726,1186.07,7.0726,torch,e04u37,2026-06-01T20:15:51Z,bf16,0,4194304,1,1,4194304,4194304,8388608,8388608,1155.76,1299.14,30,10,1d_8388608B
0,8,16777216,broadcast,10.2814,1631.80,10.2814,torch,e04u37,2026-06-01T20:15:51Z,bf16,0,8388608,1,1,8388608,8388608,16777216,16777216,1587.07,1735.96,30,10,1d_16777216B
0,8,33554432,broadcast,14.7507,2274.76,14.7507,torch,e04u37,2026-06-01T20:15:51Z,bf16,0,16777216,1,1,16777216,16777216,33554432,33554432,2211.21,2376.65,30,10,1d_33554432B
0,8,67108864,broadcast,18.9941,3533.15,18.9941,torch,e04u37,2026-06-01T20:15:51Z,bf16,0,33554432,1,1,33554432,33554432,67108864,67108864,3418.00,3643.95,30,10,1d_67108864B
0,8,134217728,broadcast,23.3609,5745.39,23.3609,torch,e04u37,2026-06-01T20:15:51Z,bf16,0,67108864,1,1,67108864,67108864,134217728,134217728,5555.35,5914.42,30,10,1d_134217728B
0,8,2097152,broadcast,2.3504,892.26,2.3504,torch,e04u37,2026-06-01T20:15:51Z,bf16,0,1024x1024,2,1024,1024,1048576,2097152,2097152,841.93,990.38,30,10,tf_1024x1024
0,8,4194304,broadcast,4.2876,978.25,4.2876,torch,e04u37,2026-06-01T20:15:51Z,bf16,0,1024x2048,2,1024,2048,2097152,4194304,4194304,934.22,1014.80,30,10,tf_1024x2048
0,8,8388608,broadcast,6.9236,1211.60,6.9236,torch,e04u37,2026-06-01T20:15:51Z,bf16,0,1024x4096,2,1024,4096,4194304,8388608,8388608,1150.39,1312.66,30,10,tf_1024x4096
0,8,16777216,broadcast,10.3303,1624.08,10.3303,torch,e04u37,2026-06-01T20:15:51Z,bf16,0,1024x8192,2,1024,8192,8388608,16777216,16777216,1582.69,1681.44,30,10,tf_1024x8192
0,8,25165824,broadcast,12.4815,2016.26,12.4815,torch,e04u37,2026-06-01T20:15:51Z,bf16,0,1024x12288,2,1024,12288,12582912,25165824,25165824,1960.93,2110.74,30,10,tf_1024x12288
0,8,33554432,broadcast,14.8220,2263.82,14.8220,torch,e04u37,2026-06-01T20:15:51Z,bf16,0,1024x16384,2,1024,16384,16777216,33554432,33554432,2200.53,2359.75,30,10,tf_1024x16384
0,8,8388608,broadcast,6.9559,1205.98,6.9559,torch,e04u37,2026-06-01T20:15:51Z,bf16,0,4096x1024,2,4096,1024,4194304,8388608,8388608,1163.84,1294.38,30,10,tf_4096x1024
0,8,16777216,broadcast,10.3551,1620.19,10.3551,torch,e04u37,2026-06-01T20:15:51Z,bf16,0,4096x2048,2,4096,2048,8388608,16777216,16777216,1564.37,1694.66,30,10,tf_4096x2048
0,8,33554432,broadcast,14.8001,2267.18,14.8001,torch,e04u37,2026-06-01T20:15:51Z,bf16,0,4096x4096,2,4096,4096,16777216,33554432,33554432,2221.98,2380.34,30,10,tf_4096x4096
0,8,67108864,broadcast,18.8906,3552.50,18.8906,torch,e04u37,2026-06-01T20:15:51Z,bf16,0,4096x8192,2,4096,8192,33554432,67108864,67108864,3443.64,3622.79,30,10,tf_4096x8192
0,8,100663296,broadcast,21.3645,4711.70,21.3645,torch,e04u37,2026-06-01T20:15:51Z,bf16,0,4096x12288,2,4096,12288,50331648,100663296,100663296,4608.46,4833.49,30,10,tf_4096x12288
0,8,134217728,broadcast,23.5591,5697.07,23.5591,torch,e04u37,2026-06-01T20:15:51Z,bf16,0,4096x16384,2,4096,16384,67108864,134217728,134217728,5542.29,6024.83,30,10,tf_4096x16384
0,8,33554432,broadcast,14.7261,2278.56,14.7261,torch,e04u37,2026-06-01T20:15:51Z,bf16,0,16384x1024,2,16384,1024,16777216,33554432,33554432,2211.60,2362.94,30,10,tf_16384x1024
0,8,67108864,broadcast,19.0869,3515.97,19.0869,torch,e04u37,2026-06-01T20:15:51Z,bf16,0,16384x2048,2,16384,2048,33554432,67108864,67108864,3450.58,3629.16,30,10,tf_16384x2048
0,8,134217728,broadcast,23.4743,5717.64,23.4743,torch,e04u37,2026-06-01T20:15:51Z,bf16,0,16384x4096,2,16384,4096,67108864,134217728,134217728,5540.37,5954.70,30,10,tf_16384x4096
0,8,4194304,broadcast,4.3030,974.74,4.3030,torch,e04u37,2026-06-01T20:15:51Z,bf16,0,1x2097152,2,1,2097152,2097152,4194304,4194304,946.89,998.69,30,10,ar_1x2097152
0,8,4194304,broadcast,4.2958,976.37,4.2958,torch,e04u37,2026-06-01T20:15:51Z,bf16,0,8x262144,2,8,262144,2097152,4194304,4194304,948.67,1053.87,30,10,ar_8x262144
0,8,4194304,broadcast,4.2685,982.61,4.2685,torch,e04u37,2026-06-01T20:15:51Z,bf16,0,64x32768,2,64,32768,2097152,4194304,4194304,945.17,1041.44,30,10,ar_64x32768
0,8,4194304,broadcast,4.3289,968.91,4.3289,torch,e04u37,2026-06-01T20:15:51Z,bf16,0,512x4096,2,512,4096,2097152,4194304,4194304,946.02,997.23,30,10,ar_512x4096
0,8,4194304,broadcast,4.3376,966.97,4.3376,torch,e04u37,2026-06-01T20:15:51Z,bf16,0,4096x512,2,4096,512,2097152,4194304,4194304,947.47,992.00,30,10,ar_4096x512
0,8,4194304,broadcast,4.1917,1000.62,4.1917,torch,e04u37,2026-06-01T20:15:51Z,bf16,0,32768x64,2,32768,64,2097152,4194304,4194304,938.67,1052.39,30,10,ar_32768x64
0,8,4194304,broadcast,4.2425,988.63,4.2425,torch,e04u37,2026-06-01T20:15:51Z,bf16,0,262144x8,2,262144,8,2097152,4194304,4194304,939.58,1020.13,30,10,ar_262144x8
0,8,4194304,broadcast,4.2380,989.70,4.2380,torch,e04u37,2026-06-01T20:15:51Z,bf16,0,2097152x1,2,2097152,1,2097152,4194304,4194304,942.48,1053.10,30,10,ar_2097152x1
0,8,262144,broadcast,0.5422,483.45,0.5422,torch,e04u37,2026-06-01T20:15:51Z,bf16,0,8192x16,2,8192,16,131072,262144,262144,459.45,506.41,30,10,subcl_8192x16
0,8,262144,broadcast,0.5412,484.37,0.5412,torch,e04u37,2026-06-01T20:15:51Z,bf16,0,16384x8,2,16384,8,131072,262144,262144,452.64,506.23,30,10,subcl_16384x8
0,8,262144,broadcast,0.5420,483.67,0.5420,torch,e04u37,2026-06-01T20:15:51Z,bf16,0,32768x4,2,32768,4,131072,262144,262144,459.51,501.57,30,10,subcl_32768x4
0,8,262144,broadcast,0.5429,482.83,0.5429,torch,e04u37,2026-06-01T20:15:51Z,bf16,0,65536x2,2,65536,2,131072,262144,262144,455.51,509.33,30,10,subcl_65536x2
0,4,1024,all_reduce,0.0023,442.51,0.0035,torch,e04u37,2026-06-01T20:22:46Z,bf16,0,512,1,1,512,512,1024,1536,424.42,472.24,30,10,1d_1024B
0,4,2048,all_reduce,0.0048,427.45,0.0072,torch,e04u37,2026-06-01T20:22:46Z,bf16,0,1024,1,1,1024,1024,2048,3072,420.97,436.37,30,10,1d_2048B
0,4,4096,all_reduce,0.0095,431.99,0.0142,torch,e04u37,2026-06-01T20:22:46Z,bf16,0,2048,1,1,2048,2048,4096,6144,425.98,440.57,30,10,1d_4096B
0,4,8192,all_reduce,0.0186,439.60,0.0280,torch,e04u37,2026-06-01T20:22:46Z,bf16,0,4096,1,1,4096,4096,8192,12288,433.55,444.68,30,10,1d_8192B
0,4,16384,all_reduce,0.0348,470.54,0.0522,torch,e04u37,2026-06-01T20:22:46Z,bf16,0,8192,1,1,8192,8192,16384,24576,456.91,497.71,30,10,1d_16384B
0,4,32768,all_reduce,0.0655,500.06,0.0983,torch,e04u37,2026-06-01T20:22:46Z,bf16,0,16384,1,1,16384,16384,32768,49152,477.25,513.33,30,10,1d_32768B
0,4,65536,all_reduce,0.1323,495.25,0.1985,torch,e04u37,2026-06-01T20:22:46Z,bf16,0,32768,1,1,32768,32768,65536,98304,480.42,521.18,30,10,1d_65536B
0,4,131072,all_reduce,0.1743,752.08,0.2614,torch,e04u37,2026-06-01T20:22:46Z,bf16,0,65536,1,1,65536,65536,131072,196608,740.38,772.12,30,10,1d_131072B
0,4,262144,all_reduce,0.3525,743.70,0.5287,torch,e04u37,2026-06-01T20:22:46Z,bf16,0,131072,1,1,131072,131072,262144,393216,737.26,759.73,30,10,1d_262144B
0,4,524288,all_reduce,0.6891,760.81,1.0337,torch,e04u37,2026-06-01T20:22:46Z,bf16,0,262144,1,1,262144,262144,524288,786432,752.08,770.12,30,10,1d_524288B
0,4,1048576,all_reduce,1.2983,807.63,1.9475,torch,e04u37,2026-06-01T20:22:46Z,bf16,0,524288,1,1,524288,524288,1048576,1572864,801.76,819.29,30,10,1d_1048576B
0,4,2097152,all_reduce,2.2586,928.52,3.3879,torch,e04u37,2026-06-01T20:22:46Z,bf16,0,1048576,1,1,1048576,1048576,2097152,3145728,917.05,938.32,30,10,1d_2097152B
0,4,4194304,all_reduce,3.6933,1135.67,5.5399,torch,e04u37,2026-06-01T20:22:46Z,bf16,0,2097152,1,1,2097152,2097152,4194304,6291456,1128.74,1146.49,30,10,1d_4194304B
0,4,8388608,all_reduce,5.3514,1567.56,8.0271,torch,e04u37,2026-06-01T20:22:46Z,bf16,0,4194304,1,1,4194304,4194304,8388608,12582912,1551.44,1591.82,30,10,1d_8388608B
0,4,16777216,all_reduce,6.9882,2400.81,10.4822,torch,e04u37,2026-06-01T20:22:46Z,bf16,0,8388608,1,1,8388608,8388608,16777216,25165824,2368.91,2448.99,30,10,1d_16777216B
0,4,33554432,all_reduce,8.3675,4010.10,12.5512,torch,e04u37,2026-06-01T20:22:46Z,bf16,0,16777216,1,1,16777216,16777216,33554432,50331648,3964.35,4084.37,30,10,1d_33554432B
0,4,67108864,all_reduce,9.2812,7230.63,13.9218,torch,e04u37,2026-06-01T20:22:46Z,bf16,0,33554432,1,1,33554432,33554432,67108864,100663296,7139.86,7370.78,30,10,1d_67108864B
0,4,134217728,all_reduce,9.8810,13583.44,14.8215,torch,e04u37,2026-06-01T20:22:46Z,bf16,0,67108864,1,1,67108864,67108864,134217728,201326592,13508.14,13813.42,30,10,1d_134217728B
0,4,2097152,all_reduce,2.2701,923.82,3.4051,torch,e04u37,2026-06-01T20:22:46Z,bf16,0,1024x1024,2,1024,1024,1048576,2097152,3145728,919.10,933.76,30,10,tf_1024x1024
0,4,4194304,all_reduce,3.6962,1134.78,5.5442,torch,e04u37,2026-06-01T20:22:46Z,bf16,0,1024x2048,2,1024,2048,2097152,4194304,6291456,1126.57,1148.38,30,10,tf_1024x2048
0,4,8388608,all_reduce,5.3285,1574.28,7.9928,torch,e04u37,2026-06-01T20:22:46Z,bf16,0,1024x4096,2,1024,4096,4194304,8388608,12582912,1551.20,1587.10,30,10,tf_1024x4096
0,4,16777216,all_reduce,6.9333,2419.79,10.4000,torch,e04u37,2026-06-01T20:22:46Z,bf16,0,1024x8192,2,1024,8192,8388608,16777216,25165824,2367.08,2462.93,30,10,tf_1024x8192
0,4,25165824,all_reduce,7.9848,3151.72,11.9772,torch,e04u37,2026-06-01T20:22:46Z,bf16,0,1024x12288,2,1024,12288,12582912,25165824,37748736,3119.55,3226.68,30,10,tf_1024x12288
0,4,33554432,all_reduce,8.3857,4001.38,12.5786,torch,e04u37,2026-06-01T20:22:46Z,bf16,0,1024x16384,2,1024,16384,16777216,33554432,50331648,3976.43,4057.53,30,10,tf_1024x16384
0,4,8388608,all_reduce,5.3335,1572.83,8.0002,torch,e04u37,2026-06-01T20:22:46Z,bf16,0,4096x1024,2,4096,1024,4194304,8388608,12582912,1550.64,1602.03,30,10,tf_4096x1024
0,4,16777216,all_reduce,7.0291,2386.83,10.5436,torch,e04u37,2026-06-01T20:22:46Z,bf16,0,4096x2048,2,4096,2048,8388608,16777216,25165824,2370.80,2450.70,30,10,tf_4096x2048
0,4,33554432,all_reduce,8.4143,3987.78,12.6215,torch,e04u37,2026-06-01T20:22:46Z,bf16,0,4096x4096,2,4096,4096,16777216,33554432,50331648,3964.68,4100.03,30,10,tf_4096x4096
0,4,67108864,all_reduce,9.3502,7177.26,14.0253,torch,e04u37,2026-06-01T20:22:46Z,bf16,0,4096x8192,2,4096,8192,33554432,67108864,100663296,7115.19,7278.73,30,10,tf_4096x8192
0,4,100663296,all_reduce,9.6350,10447.69,14.4525,torch,e04u37,2026-06-01T20:22:46Z,bf16,0,4096x12288,2,4096,12288,50331648,100663296,150994944,10270.23,10636.32,30,10,tf_4096x12288
0,4,134217728,all_reduce,9.8582,13614.88,14.7872,torch,e04u37,2026-06-01T20:22:46Z,bf16,0,4096x16384,2,4096,16384,67108864,134217728,201326592,13472.04,13988.03,30,10,tf_4096x16384
0,4,33554432,all_reduce,8.4191,3985.50,12.6287,torch,e04u37,2026-06-01T20:22:46Z,bf16,0,16384x1024,2,16384,1024,16777216,33554432,50331648,3971.16,4031.12,30,10,tf_16384x1024
0,4,67108864,all_reduce,9.1988,7295.39,13.7982,torch,e04u37,2026-06-01T20:22:46Z,bf16,0,16384x2048,2,16384,2048,33554432,67108864,100663296,7165.81,7450.45,30,10,tf_16384x2048
0,4,134217728,all_reduce,9.9185,13532.03,14.8778,torch,e04u37,2026-06-01T20:22:46Z,bf16,0,16384x4096,2,16384,4096,67108864,134217728,201326592,13479.59,13718.25,30,10,tf_16384x4096
0,4,4194304,all_reduce,3.6764,1140.87,5.5146,torch,e04u37,2026-06-01T20:22:46Z,bf16,0,1x2097152,2,1,2097152,2097152,4194304,6291456,1121.93,1155.61,30,10,ar_1x2097152
0,4,4194304,all_reduce,3.7007,1133.37,5.5511,torch,e04u37,2026-06-01T20:22:46Z,bf16,0,8x262144,2,8,262144,2097152,4194304,6291456,1124.25,1156.71,30,10,ar_8x262144
0,4,4194304,all_reduce,3.6856,1138.02,5.5284,torch,e04u37,2026-06-01T20:22:46Z,bf16,0,64x32768,2,64,32768,2097152,4194304,6291456,1128.92,1161.41,30,10,ar_64x32768
0,4,4194304,all_reduce,3.6689,1143.20,5.5034,torch,e04u37,2026-06-01T20:22:46Z,bf16,0,512x4096,2,512,4096,2097152,4194304,6291456,1130.54,1163.68,30,10,ar_512x4096
0,4,4194304,all_reduce,3.7035,1132.53,5.5552,torch,e04u37,2026-06-01T20:22:46Z,bf16,0,4096x512,2,4096,512,2097152,4194304,6291456,1125.11,1144.14,30,10,ar_4096x512
0,4,4194304,all_reduce,3.6781,1140.34,5.5172,torch,e04u37,2026-06-01T20:22:46Z,bf16,0,32768x64,2,32768,64,2097152,4194304,6291456,1123.86,1157.64,30,10,ar_32768x64
0,4,4194304,all_reduce,3.7033,1132.59,5.5549,torch,e04u37,2026-06-01T20:22:46Z,bf16,0,262144x8,2,262144,8,2097152,4194304,6291456,1125.19,1150.17,30,10,ar_262144x8
0,4,4194304,all_reduce,3.6860,1137.90,5.5290,torch,e04u37,2026-06-01T20:22:46Z,bf16,0,2097152x1,2,2097152,1,2097152,4194304,6291456,1128.22,1155.05,30,10,ar_2097152x1
0,4,262144,all_reduce,0.3520,744.65,0.5281,torch,e04u37,2026-06-01T20:22:46Z,bf16,0,8192x16,2,8192,16,131072,262144,393216,739.25,751.31,30,10,subcl_8192x16
0,4,262144,all_reduce,0.3528,743.03,0.5292,torch,e04u37,2026-06-01T20:22:46Z,bf16,0,16384x8,2,16384,8,131072,262144,393216,734.28,752.79,30,10,subcl_16384x8
0,4,262144,all_reduce,0.3526,743.42,0.5289,torch,e04u37,2026-06-01T20:22:46Z,bf16,0,32768x4,2,32768,4,131072,262144,393216,737.70,750.00,30,10,subcl_32768x4
0,4,262144,all_reduce,0.3531,742.39,0.5297,torch,e04u37,2026-06-01T20:22:46Z,bf16,0,65536x2,2,65536,2,131072,262144,393216,734.88,755.70,30,10,subcl_65536x2
0,4,1024,all_gather,0.0019,548.69,0.0056,torch,e04u37,2026-06-01T20:22:46Z,bf16,0,512,1,1,512,512,1024,3072,540.24,558.07,30,10,1d_1024B
0,4,2048,all_gather,0.0037,555.41,0.0111,torch,e04u37,2026-06-01T20:22:46Z,bf16,0,1024,1,1,1024,1024,2048,6144,546.67,562.63,30,10,1d_2048B
0,4,4096,all_gather,0.0072,570.61,0.0215,torch,e04u37,2026-06-01T20:22:46Z,bf16,0,2048,1,1,2048,2048,4096,12288,559.98,585.47,30,10,1d_4096B
0,4,8192,all_gather,0.0139,591.13,0.0416,torch,e04u37,2026-06-01T20:22:46Z,bf16,0,4096,1,1,4096,4096,8192,24576,580.30,600.19,30,10,1d_8192B
0,4,16384,all_gather,0.0279,587.61,0.0836,torch,e04u37,2026-06-01T20:22:46Z,bf16,0,8192,1,1,8192,8192,16384,49152,580.81,602.91,30,10,1d_16384B
0,4,32768,all_gather,0.0452,725.23,0.1355,torch,e04u37,2026-06-01T20:22:46Z,bf16,0,16384,1,1,16384,16384,32768,98304,713.44,739.20,30,10,1d_32768B
0,4,65536,all_gather,0.0899,728.95,0.2697,torch,e04u37,2026-06-01T20:22:46Z,bf16,0,32768,1,1,32768,32768,65536,196608,719.15,735.42,30,10,1d_65536B
0,4,131072,all_gather,0.1776,737.95,0.5329,torch,e04u37,2026-06-01T20:22:46Z,bf16,0,65536,1,1,65536,65536,131072,393216,731.18,746.24,30,10,1d_131072B
0,4,262144,all_gather,0.3422,766.04,1.0266,torch,e04u37,2026-06-01T20:22:46Z,bf16,0,131072,1,1,131072,131072,262144,786432,761.82,774.95,30,10,1d_262144B
0,4,524288,all_gather,0.6336,827.51,1.9007,torch,e04u37,2026-06-01T20:22:46Z,bf16,0,262144,1,1,262144,262144,524288,1572864,818.66,841.76,30,10,1d_524288B
0,4,1048576,all_gather,1.1115,943.39,3.3345,torch,e04u37,2026-06-01T20:22:46Z,bf16,0,524288,1,1,524288,524288,1048576,3145728,931.10,955.61,30,10,1d_1048576B
0,4,2097152,all_gather,1.7680,1186.19,5.3039,torch,e04u37,2026-06-01T20:22:46Z,bf16,0,1048576,1,1,1048576,1048576,2097152,6291456,1165.24,1216.50,30,10,1d_2097152B
0,4,4194304,all_gather,2.5499,1644.91,7.6496,torch,e04u37,2026-06-01T20:22:46Z,bf16,0,2097152,1,1,2097152,2097152,4194304,12582912,1602.75,1706.57,30,10,1d_4194304B
0,4,8388608,all_gather,3.2513,2580.10,9.7538,torch,e04u37,2026-06-01T20:22:46Z,bf16,0,4194304,1,1,4194304,4194304,8388608,25165824,2529.18,2697.94,30,10,1d_8388608B
0,4,16777216,all_gather,3.7154,4515.53,11.1463,torch,e04u37,2026-06-01T20:22:46Z,bf16,0,8388608,1,1,8388608,8388608,16777216,50331648,4426.24,4768.53,30,10,1d_16777216B
0,4,33554432,all_gather,4.0487,8287.64,12.1462,torch,e04u37,2026-06-01T20:22:46Z,bf16,0,16777216,1,1,16777216,16777216,33554432,100663296,8037.57,8795.55,30,10,1d_33554432B
0,4,67108864,all_gather,4.2189,15906.90,12.6566,torch,e04u37,2026-06-01T20:22:46Z,bf16,0,33554432,1,1,33554432,33554432,67108864,201326592,15426.04,16492.63,30,10,1d_67108864B
0,4,134217728,all_gather,4.3772,30662.76,13.1317,torch,e04u37,2026-06-01T20:22:46Z,bf16,0,67108864,1,1,67108864,67108864,134217728,402653184,30145.98,31662.74,30,10,1d_134217728B
0,4,2097152,all_gather,1.7665,1187.15,5.2996,torch,e04u37,2026-06-01T20:22:46Z,bf16,0,1024x1024,2,1024,1024,1048576,2097152,6291456,1173.99,1213.61,30,10,tf_1024x1024
0,4,2097152,all_gather,1.7596,1191.86,5.2787,torch,e04u37,2026-06-01T20:22:46Z,bf16,-1,1024x1024,2,1024,1024,1048576,2097152,6291456,1165.07,1214.35,30,10,tf_1024x1024
0,4,4194304,all_gather,2.5734,1629.86,7.7202,torch,e04u37,2026-06-01T20:22:46Z,bf16,0,1024x2048,2,1024,2048,2097152,4194304,12582912,1587.43,1680.61,30,10,tf_1024x2048
0,4,4194304,all_gather,2.5855,1622.22,7.7566,torch,e04u37,2026-06-01T20:22:46Z,bf16,-1,1024x2048,2,1024,2048,2097152,4194304,12582912,1589.09,1667.60,30,10,tf_1024x2048
0,4,8388608,all_gather,3.2532,2578.53,9.7597,torch,e04u37,2026-06-01T20:22:46Z,bf16,0,1024x4096,2,1024,4096,4194304,8388608,25165824,2509.92,2691.92,30,10,tf_1024x4096
0,4,8388608,all_gather,3.2563,2576.09,9.7690,torch,e04u37,2026-06-01T20:22:46Z,bf16,-1,1024x4096,2,1024,4096,4194304,8388608,25165824,2504.76,2672.46,30,10,tf_1024x4096
0,4,16777216,all_gather,3.7253,4503.62,11.1758,torch,e04u37,2026-06-01T20:22:46Z,bf16,0,1024x8192,2,1024,8192,8388608,16777216,50331648,4346.12,4667.83,30,10,tf_1024x8192
0,4,16777216,all_gather,3.6810,4557.79,11.0430,torch,e04u37,2026-06-01T20:22:46Z,bf16,-1,1024x8192,2,1024,8192,8388608,16777216,50331648,4405.94,4750.98,30,10,tf_1024x8192
0,4,25165824,all_gather,3.9855,6314.31,11.9566,torch,e04u37,2026-06-01T20:22:46Z,bf16,0,1024x12288,2,1024,12288,12582912,25165824,75497472,6151.63,6563.69,30,10,tf_1024x12288
0,4,25165824,all_gather,3.9332,6398.27,11.7997,torch,e04u37,2026-06-01T20:22:46Z,bf16,-1,1024x12288,2,1024,12288,12582912,25165824,75497472,6206.61,6640.18,30,10,tf_1024x12288
0,4,33554432,all_gather,4.0658,8252.90,12.1973,torch,e04u37,2026-06-01T20:22:46Z,bf16,0,1024x16384,2,1024,16384,16777216,33554432,100663296,8011.10,8681.30,30,10,tf_1024x16384
0,4,33554432,all_gather,4.0530,8278.87,12.1591,torch,e04u37,2026-06-01T20:22:46Z,bf16,-1,1024x16384,2,1024,16384,16777216,33554432,100663296,8105.32,8684.51,30,10,tf_1024x16384
0,4,8388608,all_gather,3.2457,2584.51,9.7372,torch,e04u37,2026-06-01T20:22:46Z,bf16,0,4096x1024,2,4096,1024,4194304,8388608,25165824,2528.96,2671.44,30,10,tf_4096x1024
0,4,8388608,all_gather,3.2549,2577.19,9.7648,torch,e04u37,2026-06-01T20:22:46Z,bf16,-1,4096x1024,2,4096,1024,4194304,8388608,25165824,2500.28,2697.32,30,10,tf_4096x1024
0,4,16777216,all_gather,3.7091,4523.31,11.1272,torch,e04u37,2026-06-01T20:22:46Z,bf16,0,4096x2048,2,4096,2048,8388608,16777216,50331648,4406.93,4778.84,30,10,tf_4096x2048
0,4,16777216,all_gather,3.7278,4500.53,11.1835,torch,e04u37,2026-06-01T20:22:46Z,bf16,-1,4096x2048,2,4096,2048,8388608,16777216,50331648,4370.39,4669.39,30,10,tf_4096x2048
0,4,33554432,all_gather,4.0263,8333.81,12.0789,torch,e04u37,2026-06-01T20:22:46Z,bf16,0,4096x4096,2,4096,4096,16777216,33554432,100663296,7993.04,8651.20,30,10,tf_4096x4096
0,4,33554432,all_gather,4.0415,8302.50,12.1245,torch,e04u37,2026-06-01T20:22:46Z,bf16,-1,4096x4096,2,4096,4096,16777216,33554432,100663296,8035.23,8766.10,30,10,tf_4096x4096
0,4,67108864,all_gather,4.2105,15938.52,12.6315,torch,e04u37,2026-06-01T20:22:46Z,bf16,0,4096x8192,2,4096,8192,33554432,67108864,201326592,15398.55,16711.86,30,10,tf_4096x8192
0,4,67108864,all_gather,4.1871,16027.63,12.5612,torch,e04u37,2026-06-01T20:22:46Z,bf16,-1,4096x8192,2,4096,8192,33554432,67108864,201326592,15457.78,16673.94,30,10,tf_4096x8192
0,4,100663296,all_gather,4.3495,23143.85,13.0484,torch,e04u37,2026-06-01T20:22:46Z,bf16,0,4096x12288,2,4096,12288,50331648,100663296,301989888,22516.95,23867.65,30,10,tf_4096x12288
0,4,100663296,all_gather,4.3282,23257.78,12.9845,torch,e04u37,2026-06-01T20:22:46Z,bf16,-1,4096x12288,2,4096,12288,50331648,100663296,301989888,22604.17,24459.78,30,10,tf_4096x12288
0,4,134217728,all_gather,4.3309,30991.03,12.9926,torch,e04u37,2026-06-01T20:22:46Z,bf16,0,4096x16384,2,4096,16384,67108864,134217728,402653184,29993.58,32785.04,30,10,tf_4096x16384
0,4,134217728,all_gather,4.3574,30802.53,13.0721,torch,e04u37,2026-06-01T20:22:46Z,bf16,-1,4096x16384,2,4096,16384,67108864,134217728,402653184,29725.13,32040.78,30,10,tf_4096x16384
0,4,33554432,all_gather,4.0827,8218.66,12.2481,torch,e04u37,2026-06-01T20:22:46Z,bf16,0,16384x1024,2,16384,1024,16777216,33554432,100663296,7982.96,8585.19,30,10,tf_16384x1024
0,4,33554432,all_gather,4.0655,8253.52,12.1964,torch,e04u37,2026-06-01T20:22:46Z,bf16,-1,16384x1024,2,16384,1024,16777216,33554432,100663296,8014.91,8652.21,30,10,tf_16384x1024
0,4,67108864,all_gather,4.1972,15988.87,12.5917,torch,e04u37,2026-06-01T20:22:46Z,bf16,0,16384x2048,2,16384,2048,33554432,67108864,201326592,15416.30,16613.83,30,10,tf_16384x2048
0,4,67108864,all_gather,4.2468,15802.14,12.7405,torch,e04u37,2026-06-01T20:22:46Z,bf16,-1,16384x2048,2,16384,2048,33554432,67108864,201326592,15383.40,16890.34,30,10,tf_16384x2048
0,4,134217728,all_gather,4.2806,31355.17,12.8417,torch,e04u37,2026-06-01T20:22:46Z,bf16,0,16384x4096,2,16384,4096,67108864,134217728,402653184,29940.70,32378.91,30,10,tf_16384x4096
0,4,134217728,all_gather,4.3485,30865.26,13.0455,torch,e04u37,2026-06-01T20:22:46Z,bf16,-1,16384x4096,2,16384,4096,67108864,134217728,402653184,29958.09,32147.76,30,10,tf_16384x4096
0,4,4194304,all_gather,2.5796,1625.96,7.7388,torch,e04u37,2026-06-01T20:22:46Z,bf16,0,1x2097152,2,1,2097152,2097152,4194304,12582912,1581.44,1671.47,30,10,ar_1x2097152
0,4,4194304,all_gather,2.5834,1623.56,7.7502,torch,e04u37,2026-06-01T20:22:46Z,bf16,-1,1x2097152,2,1,2097152,2097152,4194304,12582912,1593.07,1686.81,30,10,ar_1x2097152
0,4,4194304,all_gather,2.5840,1623.15,7.7521,torch,e04u37,2026-06-01T20:22:46Z,bf16,0,8x262144,2,8,262144,2097152,4194304,12582912,1593.97,1672.82,30,10,ar_8x262144
0,4,4194304,all_gather,2.5615,1637.43,7.6846,torch,e04u37,2026-06-01T20:22:46Z,bf16,-1,8x262144,2,8,262144,2097152,4194304,12582912,1601.37,1685.15,30,10,ar_8x262144
0,4,4194304,all_gather,2.5828,1623.94,7.7484,torch,e04u37,2026-06-01T20:22:46Z,bf16,0,64x32768,2,64,32768,2097152,4194304,12582912,1593.13,1673.07,30,10,ar_64x32768
0,4,4194304,all_gather,2.5825,1624.12,7.7475,torch,e04u37,2026-06-01T20:22:46Z,bf16,-1,64x32768,2,64,32768,2097152,4194304,12582912,1585.16,1675.83,30,10,ar_64x32768
0,4,4194304,all_gather,2.5711,1631.32,7.7133,torch,e04u37,2026-06-01T20:22:46Z,bf16,0,512x4096,2,512,4096,2097152,4194304,12582912,1597.22,1686.94,30,10,ar_512x4096
0,4,4194304,all_gather,2.5694,1632.42,7.7082,torch,e04u37,2026-06-01T20:22:46Z,bf16,-1,512x4096,2,512,4096,2097152,4194304,12582912,1599.72,1692.27,30,10,ar_512x4096
0,4,4194304,all_gather,2.5537,1642.47,7.6610,torch,e04u37,2026-06-01T20:22:46Z,bf16,0,4096x512,2,4096,512,2097152,4194304,12582912,1599.10,1676.19,30,10,ar_4096x512
0,4,4194304,all_gather,2.5804,1625.42,7.7413,torch,e04u37,2026-06-01T20:22:46Z,bf16,-1,4096x512,2,4096,512,2097152,4194304,12582912,1592.40,1677.75,30,10,ar_4096x512
0,4,4194304,all_gather,2.5761,1628.18,7.7282,torch,e04u37,2026-06-01T20:22:46Z,bf16,0,32768x64,2,32768,64,2097152,4194304,12582912,1601.18,1700.98,30,10,ar_32768x64
0,4,4194304,all_gather,2.5741,1629.42,7.7223,torch,e04u37,2026-06-01T20:22:46Z,bf16,-1,32768x64,2,32768,64,2097152,4194304,12582912,1593.74,1702.54,30,10,ar_32768x64
0,4,4194304,all_gather,2.5665,1634.28,7.6994,torch,e04u37,2026-06-01T20:22:46Z,bf16,0,262144x8,2,262144,8,2097152,4194304,12582912,1603.61,1696.51,30,10,ar_262144x8
0,4,4194304,all_gather,2.5818,1624.59,7.7453,torch,e04u37,2026-06-01T20:22:46Z,bf16,-1,262144x8,2,262144,8,2097152,4194304,12582912,1585.34,1684.12,30,10,ar_262144x8
0,4,4194304,all_gather,2.5794,1626.05,7.7383,torch,e04u37,2026-06-01T20:22:46Z,bf16,0,2097152x1,2,2097152,1,2097152,4194304,12582912,1585.43,1691.24,30,10,ar_2097152x1
0,4,4194304,all_gather,2.5512,1644.07,7.6535,torch,e04u37,2026-06-01T20:22:46Z,bf16,-1,2097152x1,2,2097152,1,2097152,4194304,12582912,1599.59,1684.99,30,10,ar_2097152x1
0,4,262144,all_gather,0.3392,772.78,1.0177,torch,e04u37,2026-06-01T20:22:46Z,bf16,0,8192x16,2,8192,16,131072,262144,786432,765.07,782.29,30,10,subcl_8192x16
0,4,262144,all_gather,0.3418,767.02,1.0253,torch,e04u37,2026-06-01T20:22:46Z,bf16,-1,8192x16,2,8192,16,131072,262144,786432,759.15,776.03,30,10,subcl_8192x16
0,4,262144,all_gather,0.3411,768.57,1.0232,torch,e04u37,2026-06-01T20:22:46Z,bf16,0,16384x8,2,16384,8,131072,262144,786432,759.13,774.30,30,10,subcl_16384x8
0,4,262144,all_gather,0.3406,769.65,1.0218,torch,e04u37,2026-06-01T20:22:46Z,bf16,-1,16384x8,2,16384,8,131072,262144,786432,758.70,774.05,30,10,subcl_16384x8
0,4,262144,all_gather,0.3414,767.94,1.0241,torch,e04u37,2026-06-01T20:22:46Z,bf16,0,32768x4,2,32768,4,131072,262144,786432,761.76,776.08,30,10,subcl_32768x4
0,4,262144,all_gather,0.3412,768.40,1.0235,torch,e04u37,2026-06-01T20:22:46Z,bf16,-1,32768x4,2,32768,4,131072,262144,786432,757.00,777.88,30,10,subcl_32768x4
0,4,262144,all_gather,0.3419,766.69,1.0257,torch,e04u37,2026-06-01T20:22:46Z,bf16,0,65536x2,2,65536,2,131072,262144,786432,756.55,774.80,30,10,subcl_65536x2
0,4,262144,all_gather,0.3406,769.59,1.0219,torch,e04u37,2026-06-01T20:22:46Z,bf16,-1,65536x2,2,65536,2,131072,262144,786432,758.76,778.95,30,10,subcl_65536x2
0,4,4096,reduce_scatter,0.0017,602.90,0.0051,torch,e04u37,2026-06-01T20:22:46Z,bf16,0,512,1,1,512,512,1024,3072,596.91,613.60,30,10,1d_1024B
0,4,8192,reduce_scatter,0.0034,610.48,0.0101,torch,e04u37,2026-06-01T20:22:46Z,bf16,0,1024,1,1,1024,1024,2048,6144,605.29,622.54,30,10,1d_2048B
0,4,16384,reduce_scatter,0.0066,618.63,0.0199,torch,e04u37,2026-06-01T20:22:46Z,bf16,0,2048,1,1,2048,2048,4096,12288,610.54,630.87,30,10,1d_4096B
0,4,32768,reduce_scatter,0.0130,631.20,0.0389,torch,e04u37,2026-06-01T20:22:46Z,bf16,0,4096,1,1,4096,4096,8192,24576,623.88,637.22,30,10,1d_8192B
0,4,65536,reduce_scatter,0.0254,644.18,0.0763,torch,e04u37,2026-06-01T20:22:46Z,bf16,0,8192,1,1,8192,8192,16384,49152,637.55,655.23,30,10,1d_16384B
0,4,131072,reduce_scatter,0.0511,640.88,0.1534,torch,e04u37,2026-06-01T20:22:46Z,bf16,0,16384,1,1,16384,16384,32768,98304,634.27,649.69,30,10,1d_32768B
0,4,262144,reduce_scatter,0.0957,684.79,0.2871,torch,e04u37,2026-06-01T20:22:46Z,bf16,0,32768,1,1,32768,32768,65536,196608,676.20,694.61,30,10,1d_65536B
0,4,524288,reduce_scatter,0.1763,743.55,0.5288,torch,e04u37,2026-06-01T20:22:46Z,bf16,0,65536,1,1,65536,65536,131072,393216,734.48,756.06,30,10,1d_131072B
0,4,1048576,reduce_scatter,0.2928,895.21,0.8785,torch,e04u37,2026-06-01T20:22:46Z,bf16,0,131072,1,1,131072,131072,262144,786432,881.91,903.74,30,10,1d_262144B
0,4,2097152,reduce_scatter,0.5518,950.07,1.6555,torch,e04u37,2026-06-01T20:22:46Z,bf16,0,262144,1,1,262144,262144,524288,1572864,935.66,974.41,30,10,1d_524288B
0,4,4194304,reduce_scatter,0.9584,1094.12,2.8751,torch,e04u37,2026-06-01T20:22:46Z,bf16,0,524288,1,1,524288,524288,1048576,3145728,1087.78,1109.21,30,10,1d_1048576B
0,4,8388608,reduce_scatter,1.5041,1394.33,4.5122,torch,e04u37,2026-06-01T20:22:46Z,bf16,0,1048576,1,1,1048576,1048576,2097152,6291456,1387.00,1403.41,30,10,1d_2097152B
0,4,16777216,reduce_scatter,2.1420,1958.13,6.4260,torch,e04u37,2026-06-01T20:22:46Z,bf16,0,2097152,1,1,2097152,2097152,4194304,12582912,1948.66,1973.52,30,10,1d_4194304B
0,4,33554432,reduce_scatter,2.6755,3135.35,8.0265,torch,e04u37,2026-06-01T20:22:46Z,bf16,0,4194304,1,1,4194304,4194304,8388608,25165824,3123.76,3149.81,30,10,1d_8388608B
0,4,67108864,reduce_scatter,3.0111,5571.72,9.0334,torch,e04u37,2026-06-01T20:22:46Z,bf16,0,8388608,1,1,8388608,8388608,16777216,50331648,5554.90,5597.03,30,10,1d_16777216B
0,4,134217728,reduce_scatter,3.2469,10334.44,9.7406,torch,e04u37,2026-06-01T20:22:46Z,bf16,0,16777216,1,1,16777216,16777216,33554432,100663296,10289.86,10386.60,30,10,1d_33554432B
0,4,268435456,reduce_scatter,3.3489,20039.24,10.0466,torch,e04u37,2026-06-01T20:22:46Z,bf16,0,33554432,1,1,33554432,33554432,67108864,201326592,19989.38,20114.80,30,10,1d_67108864B
0,4,536870912,reduce_scatter,3.4170,39279.49,10.2510,torch,e04u37,2026-06-01T20:22:46Z,bf16,0,67108864,1,1,67108864,67108864,134217728,402653184,39149.52,39376.36,30,10,1d_134217728B
0,4,8388608,reduce_scatter,1.5070,1391.61,4.5210,torch,e04u37,2026-06-01T20:22:46Z,bf16,0,1024x1024,2,1024,1024,1048576,2097152,6291456,1383.03,1403.56,30,10,tf_1024x1024
0,4,8388608,reduce_scatter,1.5108,1388.07,4.5325,torch,e04u37,2026-06-01T20:22:46Z,bf16,-1,1024x1024,2,1024,1024,1048576,2097152,6291456,1380.45,1399.68,30,10,tf_1024x1024
0,4,16777216,reduce_scatter,2.1391,1960.81,6.4172,torch,e04u37,2026-06-01T20:22:46Z,bf16,0,1024x2048,2,1024,2048,2097152,4194304,12582912,1948.97,1977.82,30,10,tf_1024x2048
0,4,16777216,reduce_scatter,2.1438,1956.49,6.4314,torch,e04u37,2026-06-01T20:22:46Z,bf16,-1,1024x2048,2,1024,2048,2097152,4194304,12582912,1944.71,1967.11,30,10,tf_1024x2048
0,4,33554432,reduce_scatter,2.6746,3136.44,8.0237,torch,e04u37,2026-06-01T20:22:46Z,bf16,0,1024x4096,2,1024,4096,4194304,8388608,25165824,3123.43,3154.74,30,10,tf_1024x4096
0,4,33554432,reduce_scatter,2.6738,3137.32,8.0214,torch,e04u37,2026-06-01T20:22:46Z,bf16,-1,1024x4096,2,1024,4096,4194304,8388608,25165824,3125.56,3152.91,30,10,tf_1024x4096
0,4,67108864,reduce_scatter,3.0173,5560.40,9.0518,torch,e04u37,2026-06-01T20:22:46Z,bf16,0,1024x8192,2,1024,8192,8388608,16777216,50331648,5551.14,5589.91,30,10,tf_1024x8192
0,4,67108864,reduce_scatter,3.0100,5573.79,9.0301,torch,e04u37,2026-06-01T20:22:46Z,bf16,-1,1024x8192,2,1024,8192,8388608,16777216,50331648,5553.89,5591.23,30,10,tf_1024x8192
0,4,100663296,reduce_scatter,3.1717,7934.43,9.5152,torch,e04u37,2026-06-01T20:22:46Z,bf16,0,1024x12288,2,1024,12288,12582912,25165824,75497472,7905.66,7965.75,30,10,tf_1024x12288
0,4,100663296,reduce_scatter,3.1729,7931.57,9.5186,torch,e04u37,2026-06-01T20:22:46Z,bf16,-1,1024x12288,2,1024,12288,12582912,25165824,75497472,7897.98,7952.28,30,10,tf_1024x12288
0,4,134217728,reduce_scatter,3.2454,10339.04,9.7362,torch,e04u37,2026-06-01T20:22:46Z,bf16,0,1024x16384,2,1024,16384,16777216,33554432,100663296,10312.50,10383.63,30,10,tf_1024x16384
0,4,134217728,reduce_scatter,3.2442,10342.99,9.7325,torch,e04u37,2026-06-01T20:22:46Z,bf16,-1,1024x16384,2,1024,16384,16777216,33554432,100663296,10313.27,10383.93,30,10,tf_1024x16384
0,4,33554432,reduce_scatter,2.6774,3133.07,8.0323,torch,e04u37,2026-06-01T20:22:46Z,bf16,0,4096x1024,2,4096,1024,4194304,8388608,25165824,3119.88,3149.06,30,10,tf_4096x1024
0,4,33554432,reduce_scatter,2.6732,3138.00,8.0197,torch,e04u37,2026-06-01T20:22:46Z,bf16,-1,4096x1024,2,4096,1024,4194304,8388608,25165824,3125.00,3152.65,30,10,tf_4096x1024
0,4,67108864,reduce_scatter,3.0108,5572.33,9.0324,torch,e04u37,2026-06-01T20:22:46Z,bf16,0,4096x2048,2,4096,2048,8388608,16777216,50331648,5555.43,5587.69,30,10,tf_4096x2048
0,4,67108864,reduce_scatter,3.0091,5575.56,9.0272,torch,e04u37,2026-06-01T20:22:46Z,bf16,-1,4096x2048,2,4096,2048,8388608,16777216,50331648,5557.65,5593.45,30,10,tf_4096x2048
0,4,134217728,reduce_scatter,3.2389,10359.79,9.7167,torch,e04u37,2026-06-01T20:22:46Z,bf16,0,4096x4096,2,4096,4096,16777216,33554432,100663296,10312.19,10392.74,30,10,tf_4096x4096
0,4,134217728,reduce_scatter,3.2435,10345.24,9.7304,torch,e04u37,2026-06-01T20:22:46Z,bf16,-1,4096x4096,2,4096,4096,16777216,33554432,100663296,10300.88,10379.06,30,10,tf_4096x4096
0,4,268435456,reduce_scatter,3.3460,20056.20,10.0381,torch,e04u37,2026-06-01T20:22:46Z,bf16,0,4096x8192,2,4096,8192,33554432,67108864,201326592,19996.12,20131.44,30,10,tf_4096x8192
0,4,268435456,reduce_scatter,3.3468,20051.91,10.0403,torch,e04u37,2026-06-01T20:22:46Z,bf16,-1,4096x8192,2,4096,8192,33554432,67108864,201326592,19999.76,20125.72,30,10,tf_4096x8192
0,4,402653184,reduce_scatter,3.4084,29533.59,10.2253,torch,e04u37,2026-06-01T20:22:46Z,bf16,0,4096x12288,2,4096,12288,50331648,100663296,301989888,29460.60,29663.86,30,10,tf_4096x12288
0,4,402653184,reduce_scatter,3.4074,29542.80,10.2221,torch,e04u37,2026-06-01T20:22:46Z,bf16,-1,4096x12288,2,4096,12288,50331648,100663296,301989888,29444.63,29710.67,30,10,tf_4096x12288
0,4,536870912,reduce_scatter,3.4164,39286.17,10.2492,torch,e04u37,2026-06-01T20:22:46Z,bf16,0,4096x16384,2,4096,16384,67108864,134217728,402653184,39180.88,39457.05,30,10,tf_4096x16384
0,4,536870912,reduce_scatter,3.4168,39282.27,10.2503,torch,e04u37,2026-06-01T20:22:46Z,bf16,-1,4096x16384,2,4096,16384,67108864,134217728,402653184,39181.03,39378.34,30,10,tf_4096x16384
0,4,134217728,reduce_scatter,3.2457,10338.25,9.7370,torch,e04u37,2026-06-01T20:22:46Z,bf16,0,16384x1024,2,16384,1024,16777216,33554432,100663296,10303.20,10380.39,30,10,tf_16384x1024
0,4,134217728,reduce_scatter,3.2466,10335.31,9.7397,torch,e04u37,2026-06-01T20:22:46Z,bf16,-1,16384x1024,2,16384,1024,16777216,33554432,100663296,10302.67,10368.81,30,10,tf_16384x1024
0,4,268435456,reduce_scatter,3.3456,20059.02,10.0367,torch,e04u37,2026-06-01T20:22:46Z,bf16,0,16384x2048,2,16384,2048,33554432,67108864,201326592,20026.43,20134.41,30,10,tf_16384x2048
0,4,268435456,reduce_scatter,3.3437,20070.47,10.0310,torch,e04u37,2026-06-01T20:22:46Z,bf16,-1,16384x2048,2,16384,2048,33554432,67108864,201326592,20017.22,20138.24,30,10,tf_16384x2048
0,4,536870912,reduce_scatter,3.4149,39303.99,10.2446,torch,e04u37,2026-06-01T20:22:46Z,bf16,0,16384x4096,2,16384,4096,67108864,134217728,402653184,39196.54,39408.44,30,10,tf_16384x4096
0,4,536870912,reduce_scatter,3.4211,39232.62,10.2632,torch,e04u37,2026-06-01T20:22:46Z,bf16,-1,16384x4096,2,16384,4096,67108864,134217728,402653184,39152.80,39377.11,30,10,tf_16384x4096
0,4,16777216,reduce_scatter,2.1404,1959.55,6.4213,torch,e04u37,2026-06-01T20:22:46Z,bf16,0,1x2097152,2,1,2097152,2097152,4194304,12582912,1945.19,1970.60,30,10,ar_1x2097152
0,4,16777216,reduce_scatter,2.1428,1957.40,6.4284,torch,e04u37,2026-06-01T20:22:46Z,bf16,-1,1x2097152,2,1,2097152,2097152,4194304,12582912,1941.54,1972.79,30,10,ar_1x2097152
0,4,16777216,reduce_scatter,2.1424,1957.78,6.4271,torch,e04u37,2026-06-01T20:22:46Z,bf16,0,8x262144,2,8,262144,2097152,4194304,12582912,1945.13,1970.31,30,10,ar_8x262144
0,4,16777216,reduce_scatter,2.1465,1954.03,6.4395,torch,e04u37,2026-06-01T20:22:46Z,bf16,-1,8x262144,2,8,262144,2097152,4194304,12582912,1945.48,1962.46,30,10,ar_8x262144
0,4,16777216,reduce_scatter,2.1416,1958.45,6.4249,torch,e04u37,2026-06-01T20:22:46Z,bf16,0,64x32768,2,64,32768,2097152,4194304,12582912,1947.41,1968.97,30,10,ar_64x32768
0,4,16777216,reduce_scatter,2.1433,1956.94,6.4299,torch,e04u37,2026-06-01T20:22:46Z,bf16,-1,64x32768,2,64,32768,2097152,4194304,12582912,1945.00,1965.59,30,10,ar_64x32768
0,4,16777216,reduce_scatter,2.1441,1956.22,6.4323,torch,e04u37,2026-06-01T20:22:46Z,bf16,0,512x4096,2,512,4096,2097152,4194304,12582912,1947.85,1970.18,30,10,ar_512x4096
0,4,16777216,reduce_scatter,2.1437,1956.58,6.4311,torch,e04u37,2026-06-01T20:22:46Z,bf16,-1,512x4096,2,512,4096,2097152,4194304,12582912,1948.84,1970.72,30,10,ar_512x4096
0,4,16777216,reduce_scatter,2.1442,1956.13,6.4326,torch,e04u37,2026-06-01T20:22:46Z,bf16,0,4096x512,2,4096,512,2097152,4194304,12582912,1944.61,1968.10,30,10,ar_4096x512
0,4,16777216,reduce_scatter,2.1417,1958.44,6.4250,torch,e04u37,2026-06-01T20:22:46Z,bf16,-1,4096x512,2,4096,512,2097152,4194304,12582912,1949.03,1970.00,30,10,ar_4096x512
0,4,16777216,reduce_scatter,2.1421,1958.01,6.4264,torch,e04u37,2026-06-01T20:22:46Z,bf16,0,32768x64,2,32768,64,2097152,4194304,12582912,1943.07,1970.16,30,10,ar_32768x64
0,4,16777216,reduce_scatter,2.1446,1955.79,6.4337,torch,e04u37,2026-06-01T20:22:46Z,bf16,-1,32768x64,2,32768,64,2097152,4194304,12582912,1948.57,1968.61,30,10,ar_32768x64
0,4,16777216,reduce_scatter,2.1434,1956.88,6.4301,torch,e04u37,2026-06-01T20:22:46Z,bf16,0,262144x8,2,262144,8,2097152,4194304,12582912,1945.19,1969.41,30,10,ar_262144x8
0,4,16777216,reduce_scatter,2.1432,1957.01,6.4297,torch,e04u37,2026-06-01T20:22:46Z,bf16,-1,262144x8,2,262144,8,2097152,4194304,12582912,1945.77,1973.18,30,10,ar_262144x8
0,4,16777216,reduce_scatter,2.1431,1957.08,6.4294,torch,e04u37,2026-06-01T20:22:46Z,bf16,0,2097152x1,2,2097152,1,2097152,4194304,12582912,1944.32,1968.77,30,10,ar_2097152x1
0,4,16777216,reduce_scatter,2.1438,1956.48,6.4314,torch,e04u37,2026-06-01T20:22:46Z,bf16,-1,2097152x1,2,2097152,1,2097152,4194304,12582912,1946.84,1979.88,30,10,ar_2097152x1
0,4,1048576,reduce_scatter,0.2927,895.71,0.8780,torch,e04u37,2026-06-01T20:22:46Z,bf16,0,8192x16,2,8192,16,131072,262144,786432,884.94,905.47,30,10,subcl_8192x16
0,4,1048576,reduce_scatter,0.2946,889.93,0.8837,torch,e04u37,2026-06-01T20:22:46Z,bf16,-1,8192x16,2,8192,16,131072,262144,786432,876.41,901.46,30,10,subcl_8192x16
0,4,1048576,reduce_scatter,0.2944,890.30,0.8833,torch,e04u37,2026-06-01T20:22:46Z,bf16,0,16384x8,2,16384,8,131072,262144,786432,875.23,899.81,30,10,subcl_16384x8
0,4,1048576,reduce_scatter,0.2942,890.96,0.8827,torch,e04u37,2026-06-01T20:22:46Z,bf16,-1,16384x8,2,16384,8,131072,262144,786432,883.77,905.44,30,10,subcl_16384x8
0,4,1048576,reduce_scatter,0.2940,891.55,0.8821,torch,e04u37,2026-06-01T20:22:46Z,bf16,0,32768x4,2,32768,4,131072,262144,786432,884.38,904.16,30,10,subcl_32768x4
0,4,1048576,reduce_scatter,0.2925,896.35,0.8774,torch,e04u37,2026-06-01T20:22:46Z,bf16,-1,32768x4,2,32768,4,131072,262144,786432,885.09,904.31,30,10,subcl_32768x4
0,4,1048576,reduce_scatter,0.2932,893.93,0.8797,torch,e04u37,2026-06-01T20:22:46Z,bf16,0,65536x2,2,65536,2,131072,262144,786432,879.83,901.44,30,10,subcl_65536x2
0,4,1048576,reduce_scatter,0.2941,891.30,0.8823,torch,e04u37,2026-06-01T20:22:46Z,bf16,-1,65536x2,2,65536,2,131072,262144,786432,881.31,902.19,30,10,subcl_65536x2
0,4,1024,all_to_all,0.0029,353.96,0.0022,torch,e04u37,2026-06-01T20:22:46Z,bf16,0,512,1,1,512,512,1024,768,343.99,365.97,30,10,1d_1024B
0,4,2048,all_to_all,0.0060,342.60,0.0045,torch,e04u37,2026-06-01T20:22:46Z,bf16,0,1024,1,1,1024,1024,2048,1536,335.21,350.05,30,10,1d_2048B
0,4,4096,all_to_all,0.0118,348.10,0.0088,torch,e04u37,2026-06-01T20:22:46Z,bf16,0,2048,1,1,2048,2048,4096,3072,343.83,356.24,30,10,1d_4096B
0,4,8192,all_to_all,0.0229,357.27,0.0172,torch,e04u37,2026-06-01T20:22:46Z,bf16,0,4096,1,1,4096,4096,8192,6144,348.07,361.97,30,10,1d_8192B
0,4,16384,all_to_all,0.0444,368.70,0.0333,torch,e04u37,2026-06-01T20:22:46Z,bf16,0,8192,1,1,8192,8192,16384,12288,364.33,377.76,30,10,1d_16384B
0,4,32768,all_to_all,0.0870,376.55,0.0653,torch,e04u37,2026-06-01T20:22:46Z,bf16,0,16384,1,1,16384,16384,32768,24576,368.47,384.79,30,10,1d_32768B
0,4,65536,all_to_all,0.1753,373.77,0.1315,torch,e04u37,2026-06-01T20:22:46Z,bf16,0,32768,1,1,32768,32768,65536,49152,366.54,384.87,30,10,1d_65536B
0,4,131072,all_to_all,0.3422,383.00,0.2567,torch,e04u37,2026-06-01T20:22:46Z,bf16,0,65536,1,1,65536,65536,131072,98304,374.61,396.14,30,10,1d_131072B
0,4,262144,all_to_all,0.6352,412.69,0.4764,torch,e04u37,2026-06-01T20:22:46Z,bf16,0,131072,1,1,131072,131072,262144,196608,404.56,429.77,30,10,1d_262144B
0,4,524288,all_to_all,1.0184,514.84,0.7638,torch,e04u37,2026-06-01T20:22:46Z,bf16,0,262144,1,1,262144,262144,524288,393216,495.42,532.92,30,10,1d_524288B
0,4,1048576,all_to_all,1.9711,531.97,1.4783,torch,e04u37,2026-06-01T20:22:46Z,bf16,0,524288,1,1,524288,524288,1048576,786432,500.69,561.60,30,10,1d_1048576B
0,4,2097152,all_to_all,3.8145,549.79,2.8609,torch,e04u37,2026-06-01T20:22:46Z,bf16,0,1048576,1,1,1048576,1048576,2097152,1572864,516.46,572.36,30,10,1d_2097152B
0,4,4194304,all_to_all,6.1453,682.52,4.6090,torch,e04u37,2026-06-01T20:22:46Z,bf16,0,2097152,1,1,2097152,2097152,4194304,3145728,609.72,694.59,30,10,1d_4194304B
0,4,8388608,all_to_all,9.1641,915.38,6.8731,torch,e04u37,2026-06-01T20:22:46Z,bf16,0,4194304,1,1,4194304,4194304,8388608,6291456,820.97,951.00,30,10,1d_8388608B
0,4,16777216,all_to_all,12.9594,1294.60,9.7196,torch,e04u37,2026-06-01T20:22:46Z,bf16,0,8388608,1,1,8388608,8388608,16777216,12582912,1208.37,1418.79,30,10,1d_16777216B
0,4,33554432,all_to_all,17.5113,1916.16,13.1335,torch,e04u37,2026-06-01T20:22:46Z,bf16,0,16777216,1,1,16777216,16777216,33554432,25165824,1905.06,1959.15,30,10,1d_33554432B
0,4,67108864,all_to_all,20.6623,3247.89,15.4967,torch,e04u37,2026-06-01T20:22:46Z,bf16,0,33554432,1,1,33554432,33554432,67108864,50331648,3224.98,3357.31,30,10,1d_67108864B
0,4,134217728,all_to_all,22.6851,5916.56,17.0138,torch,e04u37,2026-06-01T20:22:46Z,bf16,0,67108864,1,1,67108864,67108864,134217728,100663296,5878.29,6066.77,30,10,1d_134217728B
0,4,2097152,all_to_all,3.7913,553.14,2.8435,torch,e04u37,2026-06-01T20:22:46Z,bf16,0,1024x1024,2,1024,1024,1048576,2097152,1572864,514.73,572.81,30,10,tf_1024x1024
0,4,2097152,all_to_all,3.7600,557.76,2.8200,torch,e04u37,2026-06-01T20:22:46Z,bf16,-1,1024x1024,2,1024,1024,1048576,2097152,1572864,517.09,574.00,30,10,tf_1024x1024
0,4,4194304,all_to_all,6.0495,693.33,4.5371,torch,e04u37,2026-06-01T20:22:46Z,bf16,0,1024x2048,2,1024,2048,2097152,4194304,3145728,632.27,710.10,30,10,tf_1024x2048
0,4,4194304,all_to_all,6.0790,689.97,4.5593,torch,e04u37,2026-06-01T20:22:46Z,bf16,-1,1024x2048,2,1024,2048,2097152,4194304,3145728,621.41,718.59,30,10,tf_1024x2048
0,4,8388608,all_to_all,9.0220,929.79,6.7665,torch,e04u37,2026-06-01T20:22:46Z,bf16,0,1024x4096,2,1024,4096,4194304,8388608,6291456,820.88,965.49,30,10,tf_1024x4096
0,4,8388608,all_to_all,9.1534,916.45,6.8650,torch,e04u37,2026-06-01T20:22:46Z,bf16,-1,1024x4096,2,1024,4096,4194304,8388608,6291456,810.66,970.30,30,10,tf_1024x4096
0,4,16777216,all_to_all,12.8113,1309.56,9.6085,torch,e04u37,2026-06-01T20:22:46Z,bf16,0,1024x8192,2,1024,8192,8388608,16777216,12582912,1222.60,1415.64,30,10,tf_1024x8192
0,4,16777216,all_to_all,12.4071,1352.23,9.3053,torch,e04u37,2026-06-01T20:22:46Z,bf16,-1,1024x8192,2,1024,8192,8388608,16777216,12582912,1221.79,1463.21,30,10,tf_1024x8192
0,4,25165824,all_to_all,15.8510,1587.65,11.8882,torch,e04u37,2026-06-01T20:22:46Z,bf16,0,1024x12288,2,1024,12288,12582912,25165824,18874368,1574.24,1606.28,30,10,tf_1024x12288
0,4,25165824,all_to_all,15.8953,1583.22,11.9215,torch,e04u37,2026-06-01T20:22:46Z,bf16,-1,1024x12288,2,1024,12288,12582912,25165824,18874368,1573.79,1623.31,30,10,tf_1024x12288
0,4,33554432,all_to_all,17.5231,1914.87,13.1423,torch,e04u37,2026-06-01T20:22:46Z,bf16,0,1024x16384,2,1024,16384,16777216,33554432,25165824,1896.34,1983.96,30,10,tf_1024x16384
0,4,33554432,all_to_all,17.4313,1924.95,13.0735,torch,e04u37,2026-06-01T20:22:46Z,bf16,-1,1024x16384,2,1024,16384,16777216,33554432,25165824,1888.08,2018.23,30,10,tf_1024x16384
0,4,8388608,all_to_all,9.4087,891.58,7.0565,torch,e04u37,2026-06-01T20:22:46Z,bf16,0,4096x1024,2,4096,1024,4194304,8388608,6291456,801.37,936.32,30,10,tf_4096x1024
0,4,8388608,all_to_all,8.9733,934.84,6.7300,torch,e04u37,2026-06-01T20:22:46Z,bf16,-1,4096x1024,2,4096,1024,4194304,8388608,6291456,811.87,960.27,30,10,tf_4096x1024
0,4,16777216,all_to_all,12.6081,1330.67,9.4561,torch,e04u37,2026-06-01T20:22:46Z,bf16,0,4096x2048,2,4096,2048,8388608,16777216,12582912,1212.30,1426.51,30,10,tf_4096x2048
0,4,16777216,all_to_all,12.0588,1391.29,9.0441,torch,e04u37,2026-06-01T20:22:46Z,bf16,-1,4096x2048,2,4096,2048,8388608,16777216,12582912,1219.05,1450.08,30,10,tf_4096x2048
0,4,33554432,all_to_all,17.4008,1928.33,13.0506,torch,e04u37,2026-06-01T20:22:46Z,bf16,0,4096x4096,2,4096,4096,16777216,33554432,25165824,1885.81,2017.97,30,10,tf_4096x4096
0,4,33554432,all_to_all,17.3932,1929.17,13.0449,torch,e04u37,2026-06-01T20:22:46Z,bf16,-1,4096x4096,2,4096,4096,16777216,33554432,25165824,1885.71,1981.78,30,10,tf_4096x4096
0,4,67108864,all_to_all,20.7143,3239.73,15.5357,torch,e04u37,2026-06-01T20:22:46Z,bf16,0,4096x8192,2,4096,8192,33554432,67108864,50331648,3214.22,3282.36,30,10,tf_4096x8192
0,4,67108864,all_to_all,20.6313,3252.76,15.4735,torch,e04u37,2026-06-01T20:22:46Z,bf16,-1,4096x8192,2,4096,8192,33554432,67108864,50331648,3223.96,3331.33,30,10,tf_4096x8192
0,4,100663296,all_to_all,21.9589,4584.18,16.4692,torch,e04u37,2026-06-01T20:22:46Z,bf16,0,4096x12288,2,4096,12288,50331648,100663296,75497472,4549.61,4652.18,30,10,tf_4096x12288
0,4,100663296,all_to_all,22.0020,4575.19,16.5015,torch,e04u37,2026-06-01T20:22:46Z,bf16,-1,4096x12288,2,4096,12288,50331648,100663296,75497472,4542.74,4612.86,30,10,tf_4096x12288
0,4,134217728,all_to_all,22.7321,5904.33,17.0491,torch,e04u37,2026-06-01T20:22:46Z,bf16,0,4096x16384,2,4096,16384,67108864,134217728,100663296,5864.21,5974.64,30,10,tf_4096x16384
0,4,134217728,all_to_all,22.7283,5905.31,17.0462,torch,e04u37,2026-06-01T20:22:46Z,bf16,-1,4096x16384,2,4096,16384,67108864,134217728,100663296,5875.42,5999.09,30,10,tf_4096x16384
0,4,33554432,all_to_all,17.3697,1931.78,13.0272,torch,e04u37,2026-06-01T20:22:46Z,bf16,0,16384x1024,2,16384,1024,16777216,33554432,25165824,1901.95,2019.05,30,10,tf_16384x1024
0,4,33554432,all_to_all,17.5391,1913.12,13.1543,torch,e04u37,2026-06-01T20:22:46Z,bf16,-1,16384x1024,2,16384,1024,16777216,33554432,25165824,1892.00,1979.18,30,10,tf_16384x1024
0,4,67108864,all_to_all,20.6682,3246.96,15.5012,torch,e04u37,2026-06-01T20:22:46Z,bf16,0,16384x2048,2,16384,2048,33554432,67108864,50331648,3224.59,3307.07,30,10,tf_16384x2048
0,4,67108864,all_to_all,20.5951,3258.49,15.4463,torch,e04u37,2026-06-01T20:22:46Z,bf16,-1,16384x2048,2,16384,2048,33554432,67108864,50331648,3223.31,3324.83,30,10,tf_16384x2048
0,4,134217728,all_to_all,22.6872,5916.02,17.0154,torch,e04u37,2026-06-01T20:22:46Z,bf16,0,16384x4096,2,16384,4096,67108864,134217728,100663296,5886.02,5967.70,30,10,tf_16384x4096
0,4,134217728,all_to_all,22.6467,5926.58,16.9851,torch,e04u37,2026-06-01T20:22:46Z,bf16,-1,16384x4096,2,16384,4096,67108864,134217728,100663296,5850.73,5974.87,30,10,tf_16384x4096
0,4,4194304,all_to_all,6.0997,687.63,4.5747,torch,e04u37,2026-06-01T20:22:46Z,bf16,-1,1x2097152,2,1,2097152,2097152,4194304,3145728,618.34,707.41,30,10,ar_1x2097152
0,4,4194304,all_to_all,6.1911,677.48,4.6433,torch,e04u37,2026-06-01T20:22:46Z,bf16,0,8x262144,2,8,262144,2097152,4194304,3145728,617.62,712.10,30,10,ar_8x262144
0,4,4194304,all_to_all,6.4785,647.42,4.8589,torch,e04u37,2026-06-01T20:22:46Z,bf16,-1,8x262144,2,8,262144,2097152,4194304,3145728,625.39,713.61,30,10,ar_8x262144
0,4,4194304,all_to_all,6.1602,680.87,4.6202,torch,e04u37,2026-06-01T20:22:46Z,bf16,0,64x32768,2,64,32768,2097152,4194304,3145728,618.38,707.45,30,10,ar_64x32768
0,4,4194304,all_to_all,6.0684,691.17,4.5513,torch,e04u37,2026-06-01T20:22:46Z,bf16,-1,64x32768,2,64,32768,2097152,4194304,3145728,625.17,719.34,30,10,ar_64x32768
0,4,4194304,all_to_all,6.1263,684.63,4.5948,torch,e04u37,2026-06-01T20:22:46Z,bf16,0,512x4096,2,512,4096,2097152,4194304,3145728,613.17,710.53,30,10,ar_512x4096
0,4,4194304,all_to_all,6.1936,677.20,4.6452,torch,e04u37,2026-06-01T20:22:46Z,bf16,-1,512x4096,2,512,4096,2097152,4194304,3145728,623.66,711.68,30,10,ar_512x4096
0,4,4194304,all_to_all,6.2084,675.58,4.6563,torch,e04u37,2026-06-01T20:22:46Z,bf16,0,4096x512,2,4096,512,2097152,4194304,3145728,627.23,706.13,30,10,ar_4096x512
0,4,4194304,all_to_all,6.1074,686.76,4.5805,torch,e04u37,2026-06-01T20:22:46Z,bf16,-1,4096x512,2,4096,512,2097152,4194304,3145728,618.09,711.19,30,10,ar_4096x512
0,4,4194304,all_to_all,6.1455,682.50,4.6091,torch,e04u37,2026-06-01T20:22:46Z,bf16,0,32768x64,2,32768,64,2097152,4194304,3145728,617.19,703.77,30,10,ar_32768x64
0,4,4194304,all_to_all,6.0966,687.97,4.5725,torch,e04u37,2026-06-01T20:22:46Z,bf16,-1,32768x64,2,32768,64,2097152,4194304,3145728,623.79,712.82,30,10,ar_32768x64
0,4,4194304,all_to_all,6.1062,686.89,4.5797,torch,e04u37,2026-06-01T20:22:46Z,bf16,0,262144x8,2,262144,8,2097152,4194304,3145728,619.89,706.97,30,10,ar_262144x8
0,4,4194304,all_to_all,5.9914,700.06,4.4935,torch,e04u37,2026-06-01T20:22:46Z,bf16,-1,262144x8,2,262144,8,2097152,4194304,3145728,620.34,712.64,30,10,ar_262144x8
0,4,4194304,all_to_all,6.1417,682.92,4.6063,torch,e04u37,2026-06-01T20:22:46Z,bf16,0,2097152x1,2,2097152,1,2097152,4194304,3145728,615.21,714.57,30,10,ar_2097152x1
0,4,262144,all_to_all,0.6341,413.39,0.4756,torch,e04u37,2026-06-01T20:22:46Z,bf16,0,8192x16,2,8192,16,131072,262144,196608,403.88,438.17,30,10,subcl_8192x16
0,4,262144,all_to_all,0.6337,413.67,0.4753,torch,e04u37,2026-06-01T20:22:46Z,bf16,-1,8192x16,2,8192,16,131072,262144,196608,402.24,427.44,30,10,subcl_8192x16
0,4,262144,all_to_all,0.6373,411.36,0.4779,torch,e04u37,2026-06-01T20:22:46Z,bf16,0,16384x8,2,16384,8,131072,262144,196608,403.32,418.88,30,10,subcl_16384x8
0,4,262144,all_to_all,0.6349,412.91,0.4762,torch,e04u37,2026-06-01T20:22:46Z,bf16,-1,16384x8,2,16384,8,131072,262144,196608,404.70,424.35,30,10,subcl_16384x8
0,4,262144,all_to_all,0.6372,411.37,0.4779,torch,e04u37,2026-06-01T20:22:46Z,bf16,0,32768x4,2,32768,4,131072,262144,196608,404.22,425.40,30,10,subcl_32768x4
0,4,262144,all_to_all,0.6390,410.25,0.4792,torch,e04u37,2026-06-01T20:22:46Z,bf16,-1,32768x4,2,32768,4,131072,262144,196608,401.02,423.48,30,10,subcl_32768x4
0,4,262144,all_to_all,0.6363,411.99,0.4772,torch,e04u37,2026-06-01T20:22:46Z,bf16,0,65536x2,2,65536,2,131072,262144,196608,400.92,420.40,30,10,subcl_65536x2
0,4,1024,broadcast,0.0033,306.64,0.0033,torch,e04u37,2026-06-01T20:22:46Z,bf16,0,512,1,1,512,512,1024,1024,298.60,328.73,30,10,1d_1024B
0,4,2048,broadcast,0.0067,304.41,0.0067,torch,e04u37,2026-06-01T20:22:46Z,bf16,0,1024,1,1,1024,1024,2048,2048,298.14,309.37,30,10,1d_2048B
0,4,4096,broadcast,0.0131,312.05,0.0131,torch,e04u37,2026-06-01T20:22:46Z,bf16,0,2048,1,1,2048,2048,4096,4096,307.78,318.41,30,10,1d_4096B
0,4,8192,broadcast,0.0247,332.33,0.0247,torch,e04u37,2026-06-01T20:22:46Z,bf16,0,4096,1,1,4096,4096,8192,8192,326.01,338.03,30,10,1d_8192B
0,4,16384,broadcast,0.0456,359.64,0.0456,torch,e04u37,2026-06-01T20:22:46Z,bf16,0,8192,1,1,8192,8192,16384,16384,349.41,379.53,30,10,1d_16384B
0,4,32768,broadcast,0.0878,373.31,0.0878,torch,e04u37,2026-06-01T20:22:46Z,bf16,0,16384,1,1,16384,16384,32768,32768,358.64,391.28,30,10,1d_32768B
0,4,65536,broadcast,0.1709,383.44,0.1709,torch,e04u37,2026-06-01T20:22:46Z,bf16,0,32768,1,1,32768,32768,65536,65536,363.90,407.76,30,10,1d_65536B
0,4,131072,broadcast,0.2600,504.13,0.2600,torch,e04u37,2026-06-01T20:22:46Z,bf16,0,65536,1,1,65536,65536,131072,131072,453.37,536.10,30,10,1d_131072B
0,4,262144,broadcast,0.5402,485.28,0.5402,torch,e04u37,2026-06-01T20:22:46Z,bf16,0,131072,1,1,131072,131072,262144,262144,459.67,516.75,30,10,1d_262144B
0,4,524288,broadcast,0.9344,561.11,0.9344,torch,e04u37,2026-06-01T20:22:46Z,bf16,0,262144,1,1,262144,262144,524288,524288,514.98,592.64,30,10,1d_524288B
0,4,1048576,broadcast,1.7916,585.27,1.7916,torch,e04u37,2026-06-01T20:22:46Z,bf16,0,524288,1,1,524288,524288,1048576,1048576,569.02,616.02,30,10,1d_1048576B
0,4,2097152,broadcast,2.8260,742.08,2.8260,torch,e04u37,2026-06-01T20:22:46Z,bf16,0,1048576,1,1,1048576,1048576,2097152,2097152,663.07,786.99,30,10,1d_2097152B
0,4,4194304,broadcast,4.4814,935.94,4.4814,torch,e04u37,2026-06-01T20:22:46Z,bf16,0,2097152,1,1,2097152,2097152,4194304,4194304,913.89,968.34,30,10,1d_4194304B
0,4,8388608,broadcast,6.0070,1396.47,6.0070,torch,e04u37,2026-06-01T20:22:46Z,bf16,0,4194304,1,1,4194304,4194304,8388608,8388608,1365.11,1474.29,30,10,1d_8388608B
0,4,16777216,broadcast,8.5516,1961.87,8.5516,torch,e04u37,2026-06-01T20:22:46Z,bf16,0,8388608,1,1,8388608,8388608,16777216,16777216,1898.40,2027.54,30,10,1d_16777216B
0,4,33554432,broadcast,9.9766,3363.32,9.9766,torch,e04u37,2026-06-01T20:22:46Z,bf16,0,16777216,1,1,16777216,16777216,33554432,33554432,3284.19,3450.14,30,10,1d_33554432B
0,4,67108864,broadcast,12.2970,5457.35,12.2970,torch,e04u37,2026-06-01T20:22:46Z,bf16,0,33554432,1,1,33554432,33554432,67108864,67108864,5272.89,5650.76,30,10,1d_67108864B
0,4,134217728,broadcast,13.2390,10138.03,13.2390,torch,e04u37,2026-06-01T20:22:46Z,bf16,0,67108864,1,1,67108864,67108864,134217728,134217728,9872.93,10652.54,30,10,1d_134217728B
0,4,2097152,broadcast,2.9830,703.04,2.9830,torch,e04u37,2026-06-01T20:22:46Z,bf16,0,1024x1024,2,1024,1024,1048576,2097152,2097152,671.93,756.18,30,10,tf_1024x1024
0,4,4194304,broadcast,4.4937,933.38,4.4937,torch,e04u37,2026-06-01T20:22:46Z,bf16,0,1024x2048,2,1024,2048,2097152,4194304,4194304,916.02,954.70,30,10,tf_1024x2048
0,4,8388608,broadcast,6.0103,1395.71,6.0103,torch,e04u37,2026-06-01T20:22:46Z,bf16,0,1024x4096,2,1024,4096,4194304,8388608,8388608,1374.66,1434.98,30,10,tf_1024x4096
0,4,16777216,broadcast,8.6730,1934.42,8.6730,torch,e04u37,2026-06-01T20:22:46Z,bf16,0,1024x8192,2,1024,8192,8388608,16777216,16777216,1892.26,1999.24,30,10,tf_1024x8192
0,4,25165824,broadcast,9.5546,2633.90,9.5546,torch,e04u37,2026-06-01T20:22:46Z,bf16,0,1024x12288,2,1024,12288,12582912,25165824,25165824,2547.80,2740.90,30,10,tf_1024x12288
0,4,33554432,broadcast,9.9895,3358.98,9.9895,torch,e04u37,2026-06-01T20:22:46Z,bf16,0,1024x16384,2,1024,16384,16777216,33554432,33554432,3283.18,3433.33,30,10,tf_1024x16384
0,4,8388608,broadcast,5.9810,1402.54,5.9810,torch,e04u37,2026-06-01T20:22:46Z,bf16,0,4096x1024,2,4096,1024,4194304,8388608,8388608,1369.12,1434.22,30,10,tf_4096x1024
0,4,16777216,broadcast,8.5384,1964.91,8.5384,torch,e04u37,2026-06-01T20:22:46Z,bf16,0,4096x2048,2,4096,2048,8388608,16777216,16777216,1921.08,2039.33,30,10,tf_4096x2048
0,4,33554432,broadcast,9.9475,3373.14,9.9475,torch,e04u37,2026-06-01T20:22:46Z,bf16,0,4096x4096,2,4096,4096,16777216,33554432,33554432,3272.56,3464.09,30,10,tf_4096x4096
0,4,67108864,broadcast,12.2326,5486.06,12.2326,torch,e04u37,2026-06-01T20:22:46Z,bf16,0,4096x8192,2,4096,8192,33554432,67108864,67108864,5358.66,5768.93,30,10,tf_4096x8192
0,4,100663296,broadcast,12.8325,7844.38,12.8325,torch,e04u37,2026-06-01T20:22:46Z,bf16,0,4096x12288,2,4096,12288,50331648,100663296,100663296,7601.00,8223.63,30,10,tf_4096x12288
0,4,134217728,broadcast,13.0354,10296.39,13.0354,torch,e04u37,2026-06-01T20:22:46Z,bf16,0,4096x16384,2,4096,16384,67108864,134217728,134217728,9968.07,10690.33,30,10,tf_4096x16384
0,4,33554432,broadcast,10.0512,3338.36,10.0512,torch,e04u37,2026-06-01T20:22:46Z,bf16,0,16384x1024,2,16384,1024,16777216,33554432,33554432,3281.64,3397.01,30,10,tf_16384x1024
0,4,67108864,broadcast,12.4306,5398.68,12.4306,torch,e04u37,2026-06-01T20:22:46Z,bf16,0,16384x2048,2,16384,2048,33554432,67108864,67108864,5256.20,5543.46,30,10,tf_16384x2048
0,4,134217728,broadcast,13.1241,10226.85,13.1241,torch,e04u37,2026-06-01T20:22:46Z,bf16,0,16384x4096,2,16384,4096,67108864,134217728,134217728,10005.01,10579.29,30,10,tf_16384x4096
0,4,4194304,broadcast,4.4781,936.64,4.4781,torch,e04u37,2026-06-01T20:22:46Z,bf16,0,1x2097152,2,1,2097152,2097152,4194304,4194304,909.24,969.49,30,10,ar_1x2097152
0,4,4194304,broadcast,4.4748,937.31,4.4748,torch,e04u37,2026-06-01T20:22:46Z,bf16,0,8x262144,2,8,262144,2097152,4194304,4194304,917.90,963.01,30,10,ar_8x262144
0,4,4194304,broadcast,4.4656,939.24,4.4656,torch,e04u37,2026-06-01T20:22:46Z,bf16,0,64x32768,2,64,32768,2097152,4194304,4194304,907.52,980.49,30,10,ar_64x32768
0,4,4194304,broadcast,4.4717,937.97,4.4717,torch,e04u37,2026-06-01T20:22:46Z,bf16,0,512x4096,2,512,4096,2097152,4194304,4194304,909.20,970.17,30,10,ar_512x4096
0,4,4194304,broadcast,4.4940,933.32,4.4940,torch,e04u37,2026-06-01T20:22:46Z,bf16,0,4096x512,2,4096,512,2097152,4194304,4194304,910.03,973.39,30,10,ar_4096x512
0,4,4194304,broadcast,4.4888,934.39,4.4888,torch,e04u37,2026-06-01T20:22:46Z,bf16,0,32768x64,2,32768,64,2097152,4194304,4194304,912.94,951.82,30,10,ar_32768x64
0,4,4194304,broadcast,4.5027,931.51,4.5027,torch,e04u37,2026-06-01T20:22:46Z,bf16,0,262144x8,2,262144,8,2097152,4194304,4194304,908.01,967.62,30,10,ar_262144x8
0,4,4194304,broadcast,4.4735,937.60,4.4735,torch,e04u37,2026-06-01T20:22:46Z,bf16,0,2097152x1,2,2097152,1,2097152,4194304,4194304,912.95,978.91,30,10,ar_2097152x1
0,4,262144,broadcast,0.5236,500.67,0.5236,torch,e04u37,2026-06-01T20:22:46Z,bf16,0,8192x16,2,8192,16,131072,262144,262144,467.32,533.02,30,10,subcl_8192x16
0,4,262144,broadcast,0.5344,490.54,0.5344,torch,e04u37,2026-06-01T20:22:46Z,bf16,0,16384x8,2,16384,8,131072,262144,262144,461.12,521.39,30,10,subcl_16384x8
0,4,262144,broadcast,0.5310,493.66,0.5310,torch,e04u37,2026-06-01T20:22:46Z,bf16,0,32768x4,2,32768,4,131072,262144,262144,466.19,534.70,30,10,subcl_32768x4
0,4,262144,broadcast,0.5217,502.51,0.5217,torch,e04u37,2026-06-01T20:22:46Z,bf16,0,65536x2,2,65536,2,131072,262144,262144,465.38,540.18,30,10,subcl_65536x2
0,2,1024,all_reduce,0.0028,363.53,0.0028,torch,e04u37,2026-06-01T20:24:35Z,bf16,0,512,1,1,512,512,1024,1024,353.65,380.41,30,10,1d_1024B
0,2,2048,all_reduce,0.0059,347.93,0.0059,torch,e04u37,2026-06-01T20:24:35Z,bf16,0,1024,1,1,1024,1024,2048,2048,340.77,354.52,30,10,1d_2048B
0,2,4096,all_reduce,0.0115,357.65,0.0115,torch,e04u37,2026-06-01T20:24:35Z,bf16,0,2048,1,1,2048,2048,4096,4096,353.83,362.32,30,10,1d_4096B
0,2,8192,all_reduce,0.0231,353.97,0.0231,torch,e04u37,2026-06-01T20:24:35Z,bf16,0,4096,1,1,4096,4096,8192,8192,348.70,366.83,30,10,1d_8192B
0,2,16384,all_reduce,0.0406,403.19,0.0406,torch,e04u37,2026-06-01T20:24:35Z,bf16,0,8192,1,1,8192,8192,16384,16384,390.65,414.24,30,10,1d_16384B
0,2,32768,all_reduce,0.0658,498.22,0.0658,torch,e04u37,2026-06-01T20:24:35Z,bf16,0,16384,1,1,16384,16384,32768,32768,478.49,519.34,30,10,1d_32768B
0,2,65536,all_reduce,0.1270,516.23,0.1270,torch,e04u37,2026-06-01T20:24:35Z,bf16,0,32768,1,1,32768,32768,65536,65536,499.13,540.72,30,10,1d_65536B
0,2,131072,all_reduce,0.2384,549.81,0.2384,torch,e04u37,2026-06-01T20:24:35Z,bf16,0,65536,1,1,65536,65536,131072,131072,515.50,561.14,30,10,1d_131072B
0,2,262144,all_reduce,0.5140,510.05,0.5140,torch,e04u37,2026-06-01T20:24:35Z,bf16,0,131072,1,1,131072,131072,262144,262144,501.98,517.67,30,10,1d_262144B
0,2,524288,all_reduce,1.0292,509.43,1.0292,torch,e04u37,2026-06-01T20:24:35Z,bf16,0,262144,1,1,262144,262144,524288,524288,502.62,514.87,30,10,1d_524288B
0,2,1048576,all_reduce,1.9537,536.72,1.9537,torch,e04u37,2026-06-01T20:24:35Z,bf16,0,524288,1,1,524288,524288,1048576,1048576,529.22,540.49,30,10,1d_1048576B
0,2,2097152,all_reduce,3.5621,588.74,3.5621,torch,e04u37,2026-06-01T20:24:35Z,bf16,0,1048576,1,1,1048576,1048576,2097152,2097152,581.02,599.30,30,10,1d_2097152B
0,2,4194304,all_reduce,5.8885,712.29,5.8885,torch,e04u37,2026-06-01T20:24:35Z,bf16,0,2097152,1,1,2097152,2097152,4194304,4194304,703.30,717.65,30,10,1d_4194304B
0,2,8388608,all_reduce,8.9645,935.75,8.9645,torch,e04u37,2026-06-01T20:24:35Z,bf16,0,4194304,1,1,4194304,4194304,8388608,8388608,922.13,940.76,30,10,1d_8388608B
0,2,16777216,all_reduce,11.8477,1416.07,11.8477,torch,e04u37,2026-06-01T20:24:35Z,bf16,0,8388608,1,1,8388608,8388608,16777216,16777216,1400.87,1437.55,30,10,1d_16777216B
0,2,33554432,all_reduce,14.3520,2337.95,14.3520,torch,e04u37,2026-06-01T20:24:35Z,bf16,0,16777216,1,1,16777216,16777216,33554432,33554432,2324.58,2355.46,30,10,1d_33554432B
0,2,67108864,all_reduce,16.0061,4192.70,16.0061,torch,e04u37,2026-06-01T20:24:35Z,bf16,0,33554432,1,1,33554432,33554432,67108864,67108864,4160.78,4214.75,30,10,1d_67108864B
0,2,134217728,all_reduce,17.0668,7864.25,17.0668,torch,e04u37,2026-06-01T20:24:35Z,bf16,0,67108864,1,1,67108864,67108864,134217728,134217728,7822.74,7933.82,30,10,1d_134217728B
0,2,2097152,all_reduce,3.5650,588.25,3.5650,torch,e04u37,2026-06-01T20:24:35Z,bf16,0,1024x1024,2,1024,1024,1048576,2097152,2097152,582.64,597.15,30,10,tf_1024x1024
0,2,4194304,all_reduce,5.9176,708.79,5.9176,torch,e04u37,2026-06-01T20:24:35Z,bf16,0,1024x2048,2,1024,2048,2097152,4194304,4194304,699.67,722.28,30,10,tf_1024x2048
0,2,8388608,all_reduce,8.9904,933.07,8.9904,torch,e04u37,2026-06-01T20:24:35Z,bf16,0,1024x4096,2,1024,4096,4194304,8388608,8388608,921.39,938.67,30,10,tf_1024x4096
0,2,16777216,all_reduce,11.7927,1422.68,11.7927,torch,e04u37,2026-06-01T20:24:35Z,bf16,0,1024x8192,2,1024,8192,8388608,16777216,16777216,1409.87,1431.43,30,10,tf_1024x8192
0,2,25165824,all_reduce,13.4201,1875.23,13.4201,torch,e04u37,2026-06-01T20:24:35Z,bf16,0,1024x12288,2,1024,12288,12582912,25165824,25165824,1860.55,1902.26,30,10,tf_1024x12288
0,2,33554432,all_reduce,14.3563,2337.25,14.3563,torch,e04u37,2026-06-01T20:24:35Z,bf16,0,1024x16384,2,1024,16384,16777216,33554432,33554432,2313.89,2354.09,30,10,tf_1024x16384
0,2,8388608,all_reduce,8.9771,934.45,8.9771,torch,e04u37,2026-06-01T20:24:35Z,bf16,0,4096x1024,2,4096,1024,4194304,8388608,8388608,925.74,945.34,30,10,tf_4096x1024
0,2,16777216,all_reduce,11.8239,1418.92,11.8239,torch,e04u37,2026-06-01T20:24:35Z,bf16,0,4096x2048,2,4096,2048,8388608,16777216,16777216,1413.59,1431.45,30,10,tf_4096x2048
0,2,33554432,all_reduce,14.3404,2339.85,14.3404,torch,e04u37,2026-06-01T20:24:35Z,bf16,0,4096x4096,2,4096,4096,16777216,33554432,33554432,2322.29,2354.34,30,10,tf_4096x4096
0,2,67108864,all_reduce,16.0057,4192.80,16.0057,torch,e04u37,2026-06-01T20:24:35Z,bf16,0,4096x8192,2,4096,8192,33554432,67108864,67108864,4163.82,4226.37,30,10,tf_4096x8192
0,2,100663296,all_reduce,16.7557,6007.72,16.7557,torch,e04u37,2026-06-01T20:24:35Z,bf16,0,4096x12288,2,4096,12288,50331648,100663296,100663296,5966.30,6078.41,30,10,tf_4096x12288
0,2,134217728,all_reduce,17.0199,7885.92,17.0199,torch,e04u37,2026-06-01T20:24:35Z,bf16,0,4096x16384,2,4096,16384,67108864,134217728,134217728,7810.80,7930.88,30,10,tf_4096x16384
0,2,33554432,all_reduce,14.3593,2336.77,14.3593,torch,e04u37,2026-06-01T20:24:35Z,bf16,0,16384x1024,2,16384,1024,16777216,33554432,33554432,2318.36,2351.85,30,10,tf_16384x1024
0,2,67108864,all_reduce,16.0066,4192.57,16.0066,torch,e04u37,2026-06-01T20:24:35Z,bf16,0,16384x2048,2,16384,2048,33554432,67108864,67108864,4163.10,4211.09,30,10,tf_16384x2048
0,2,134217728,all_reduce,17.0871,7854.89,17.0871,torch,e04u37,2026-06-01T20:24:35Z,bf16,0,16384x4096,2,16384,4096,67108864,134217728,134217728,7815.13,7921.29,30,10,tf_16384x4096
0,2,4194304,all_reduce,5.8703,714.49,5.8703,torch,e04u37,2026-06-01T20:24:35Z,bf16,0,1x2097152,2,1,2097152,2097152,4194304,4194304,702.24,721.48,30,10,ar_1x2097152
0,2,4194304,all_reduce,5.9492,705.02,5.9492,torch,e04u37,2026-06-01T20:24:35Z,bf16,0,8x262144,2,8,262144,2097152,4194304,4194304,701.32,707.97,30,10,ar_8x262144
0,2,4194304,all_reduce,5.8615,715.57,5.8615,torch,e04u37,2026-06-01T20:24:35Z,bf16,0,64x32768,2,64,32768,2097152,4194304,4194304,700.50,723.65,30,10,ar_64x32768
0,2,4194304,all_reduce,5.9504,704.88,5.9504,torch,e04u37,2026-06-01T20:24:35Z,bf16,0,512x4096,2,512,4096,2097152,4194304,4194304,700.83,711.40,30,10,ar_512x4096
0,2,4194304,all_reduce,5.8788,713.46,5.8788,torch,e04u37,2026-06-01T20:24:35Z,bf16,0,4096x512,2,4096,512,2097152,4194304,4194304,704.60,720.79,30,10,ar_4096x512
0,2,4194304,all_reduce,5.9464,705.35,5.9464,torch,e04u37,2026-06-01T20:24:35Z,bf16,0,32768x64,2,32768,64,2097152,4194304,4194304,700.25,712.85,30,10,ar_32768x64
0,2,4194304,all_reduce,5.8775,713.62,5.8775,torch,e04u37,2026-06-01T20:24:35Z,bf16,0,262144x8,2,262144,8,2097152,4194304,4194304,700.67,721.78,30,10,ar_262144x8
0,2,4194304,all_reduce,5.9275,707.60,5.9275,torch,e04u37,2026-06-01T20:24:35Z,bf16,0,2097152x1,2,2097152,1,2097152,4194304,4194304,701.07,712.42,30,10,ar_2097152x1
0,2,262144,all_reduce,0.5153,508.75,0.5153,torch,e04u37,2026-06-01T20:24:35Z,bf16,0,8192x16,2,8192,16,131072,262144,262144,501.96,516.27,30,10,subcl_8192x16
0,2,262144,all_reduce,0.5160,508.01,0.5160,torch,e04u37,2026-06-01T20:24:35Z,bf16,0,16384x8,2,16384,8,131072,262144,262144,502.24,518.14,30,10,subcl_16384x8
0,2,262144,all_reduce,0.5153,508.71,0.5153,torch,e04u37,2026-06-01T20:24:35Z,bf16,0,32768x4,2,32768,4,131072,262144,262144,501.96,513.30,30,10,subcl_32768x4
0,2,262144,all_reduce,0.5174,506.61,0.5174,torch,e04u37,2026-06-01T20:24:35Z,bf16,0,65536x2,2,65536,2,131072,262144,262144,501.75,511.93,30,10,subcl_65536x2
0,2,1024,all_gather,0.0025,410.97,0.0025,torch,e04u37,2026-06-01T20:24:35Z,bf16,0,512,1,1,512,512,1024,1024,402.46,420.20,30,10,1d_1024B
0,2,2048,all_gather,0.0050,410.60,0.0050,torch,e04u37,2026-06-01T20:24:35Z,bf16,0,1024,1,1,1024,1024,2048,2048,404.22,419.10,30,10,1d_2048B
0,2,4096,all_gather,0.0100,407.88,0.0100,torch,e04u37,2026-06-01T20:24:35Z,bf16,0,2048,1,1,2048,2048,4096,4096,402.51,415.55,30,10,1d_4096B
0,2,8192,all_gather,0.0185,443.66,0.0185,torch,e04u37,2026-06-01T20:24:35Z,bf16,0,4096,1,1,4096,4096,8192,8192,434.40,450.77,30,10,1d_8192B
0,2,16384,all_gather,0.0331,495.12,0.0331,torch,e04u37,2026-06-01T20:24:35Z,bf16,0,8192,1,1,8192,8192,16384,16384,487.66,506.40,30,10,1d_16384B
0,2,32768,all_gather,0.0633,517.90,0.0633,torch,e04u37,2026-06-01T20:24:35Z,bf16,0,16384,1,1,16384,16384,32768,32768,508.07,529.23,30,10,1d_32768B
0,2,65536,all_gather,0.1258,521.09,0.1258,torch,e04u37,2026-06-01T20:24:35Z,bf16,0,32768,1,1,32768,32768,65536,65536,507.88,547.59,30,10,1d_65536B
0,2,131072,all_gather,0.2542,515.53,0.2542,torch,e04u37,2026-06-01T20:24:35Z,bf16,0,65536,1,1,65536,65536,131072,131072,511.31,523.08,30,10,1d_131072B
0,2,262144,all_gather,0.5011,523.17,0.5011,torch,e04u37,2026-06-01T20:24:35Z,bf16,0,131072,1,1,131072,131072,262144,262144,518.37,528.47,30,10,1d_262144B
0,2,524288,all_gather,0.9625,544.74,0.9625,torch,e04u37,2026-06-01T20:24:35Z,bf16,0,262144,1,1,262144,262144,524288,524288,536.06,553.68,30,10,1d_524288B
0,2,1048576,all_gather,1.7653,594.01,1.7653,torch,e04u37,2026-06-01T20:24:35Z,bf16,0,524288,1,1,524288,524288,1048576,1048576,587.61,599.04,30,10,1d_1048576B
0,2,2097152,all_gather,3.0865,679.45,3.0865,torch,e04u37,2026-06-01T20:24:35Z,bf16,0,1048576,1,1,1048576,1048576,2097152,2097152,664.65,686.23,30,10,1d_2097152B
0,2,4194304,all_gather,5.1223,818.84,5.1223,torch,e04u37,2026-06-01T20:24:35Z,bf16,0,2097152,1,1,2097152,2097152,4194304,4194304,803.20,836.64,30,10,1d_4194304B
0,2,8388608,all_gather,7.6901,1090.84,7.6901,torch,e04u37,2026-06-01T20:24:35Z,bf16,0,4194304,1,1,4194304,4194304,8388608,8388608,1076.45,1131.63,30,10,1d_8388608B
0,2,16777216,all_gather,9.5680,1753.47,9.5680,torch,e04u37,2026-06-01T20:24:35Z,bf16,0,8388608,1,1,8388608,8388608,16777216,16777216,1718.86,1845.99,30,10,1d_16777216B
0,2,33554432,all_gather,11.0049,3049.05,11.0049,torch,e04u37,2026-06-01T20:24:35Z,bf16,0,16777216,1,1,16777216,16777216,33554432,33554432,2925.28,3133.35,30,10,1d_33554432B
0,2,67108864,all_gather,12.4864,5374.56,12.4864,torch,e04u37,2026-06-01T20:24:35Z,bf16,0,33554432,1,1,33554432,33554432,67108864,67108864,5258.58,5622.84,30,10,1d_67108864B
0,2,134217728,all_gather,13.0107,10315.95,13.0107,torch,e04u37,2026-06-01T20:24:35Z,bf16,0,67108864,1,1,67108864,67108864,134217728,134217728,10054.97,10673.07,30,10,1d_134217728B
0,2,2097152,all_gather,3.1167,672.87,3.1167,torch,e04u37,2026-06-01T20:24:35Z,bf16,0,1024x1024,2,1024,1024,1048576,2097152,2097152,663.95,694.45,30,10,tf_1024x1024
0,2,2097152,all_gather,3.1398,667.92,3.1398,torch,e04u37,2026-06-01T20:24:35Z,bf16,-1,1024x1024,2,1024,1024,1048576,2097152,2097152,657.82,692.23,30,10,tf_1024x1024
0,2,4194304,all_gather,5.1948,807.40,5.1948,torch,e04u37,2026-06-01T20:24:35Z,bf16,0,1024x2048,2,1024,2048,2097152,4194304,4194304,799.53,843.86,30,10,tf_1024x2048
0,2,4194304,all_gather,5.1637,812.26,5.1637,torch,e04u37,2026-06-01T20:24:35Z,bf16,-1,1024x2048,2,1024,2048,2097152,4194304,4194304,798.33,823.32,30,10,tf_1024x2048
0,2,8388608,all_gather,7.5906,1105.13,7.5906,torch,e04u37,2026-06-01T20:24:35Z,bf16,0,1024x4096,2,1024,4096,4194304,8388608,8388608,1085.31,1138.12,30,10,tf_1024x4096
0,2,8388608,all_gather,7.5837,1106.13,7.5837,torch,e04u37,2026-06-01T20:24:35Z,bf16,-1,1024x4096,2,1024,4096,4194304,8388608,8388608,1080.99,1142.94,30,10,tf_1024x4096
0,2,16777216,all_gather,9.6668,1735.56,9.6668,torch,e04u37,2026-06-01T20:24:35Z,bf16,0,1024x8192,2,1024,8192,8388608,16777216,16777216,1692.25,1815.07,30,10,tf_1024x8192
0,2,16777216,all_gather,9.5438,1757.92,9.5438,torch,e04u37,2026-06-01T20:24:35Z,bf16,-1,1024x8192,2,1024,8192,8388608,16777216,16777216,1673.69,1815.78,30,10,tf_1024x8192
0,2,25165824,all_gather,10.6834,2355.60,10.6834,torch,e04u37,2026-06-01T20:24:35Z,bf16,0,1024x12288,2,1024,12288,12582912,25165824,25165824,2286.34,2483.66,30,10,tf_1024x12288
0,2,25165824,all_gather,10.4628,2405.26,10.4628,torch,e04u37,2026-06-01T20:24:35Z,bf16,-1,1024x12288,2,1024,12288,12582912,25165824,25165824,2320.73,2482.81,30,10,tf_1024x12288
0,2,33554432,all_gather,11.3958,2944.45,11.3958,torch,e04u37,2026-06-01T20:24:35Z,bf16,0,1024x16384,2,1024,16384,16777216,33554432,33554432,2868.36,3023.12,30,10,tf_1024x16384
0,2,33554432,all_gather,11.0381,3039.88,11.0381,torch,e04u37,2026-06-01T20:24:35Z,bf16,-1,1024x16384,2,1024,16384,16777216,33554432,33554432,2934.84,3127.63,30,10,tf_1024x16384
0,2,8388608,all_gather,7.6754,1092.92,7.6754,torch,e04u37,2026-06-01T20:24:35Z,bf16,0,4096x1024,2,4096,1024,4194304,8388608,8388608,1076.61,1128.51,30,10,tf_4096x1024
0,2,8388608,all_gather,7.6205,1100.80,7.6205,torch,e04u37,2026-06-01T20:24:35Z,bf16,-1,4096x1024,2,4096,1024,4194304,8388608,8388608,1081.84,1136.13,30,10,tf_4096x1024
0,2,16777216,all_gather,9.7128,1727.33,9.7128,torch,e04u37,2026-06-01T20:24:35Z,bf16,0,4096x2048,2,4096,2048,8388608,16777216,16777216,1703.74,1814.41,30,10,tf_4096x2048
0,2,16777216,all_gather,9.7992,1712.11,9.7992,torch,e04u37,2026-06-01T20:24:35Z,bf16,-1,4096x2048,2,4096,2048,8388608,16777216,16777216,1696.28,1737.64,30,10,tf_4096x2048
0,2,33554432,all_gather,11.2446,2984.04,11.2446,torch,e04u37,2026-06-01T20:24:35Z,bf16,0,4096x4096,2,4096,4096,16777216,33554432,33554432,2937.30,3148.43,30,10,tf_4096x4096
0,2,33554432,all_gather,11.0495,3036.74,11.0495,torch,e04u37,2026-06-01T20:24:35Z,bf16,-1,4096x4096,2,4096,4096,16777216,33554432,33554432,2918.89,3122.01,30,10,tf_4096x4096
0,2,67108864,all_gather,12.4422,5393.65,12.4422,torch,e04u37,2026-06-01T20:24:35Z,bf16,0,4096x8192,2,4096,8192,33554432,67108864,67108864,5307.42,5702.06,30,10,tf_4096x8192
0,2,67108864,all_gather,12.2332,5485.82,12.2332,torch,e04u37,2026-06-01T20:24:35Z,bf16,-1,4096x8192,2,4096,8192,33554432,67108864,67108864,5309.50,5578.65,30,10,tf_4096x8192
0,2,100663296,all_gather,12.8910,7808.81,12.8910,torch,e04u37,2026-06-01T20:24:35Z,bf16,0,4096x12288,2,4096,12288,50331648,100663296,100663296,7631.14,8154.17,30,10,tf_4096x12288
0,2,100663296,all_gather,12.5207,8039.77,12.5207,torch,e04u37,2026-06-01T20:24:35Z,bf16,-1,4096x12288,2,4096,12288,50331648,100663296,100663296,7667.79,8442.65,30,10,tf_4096x12288
0,2,134217728,all_gather,13.1281,10223.72,13.1281,torch,e04u37,2026-06-01T20:24:35Z,bf16,0,4096x16384,2,4096,16384,67108864,134217728,134217728,9943.74,10393.62,30,10,tf_4096x16384
0,2,134217728,all_gather,13.0174,10310.67,13.0174,torch,e04u37,2026-06-01T20:24:35Z,bf16,-1,4096x16384,2,4096,16384,67108864,134217728,134217728,9994.03,10782.79,30,10,tf_4096x16384
0,2,33554432,all_gather,11.4581,2928.44,11.4581,torch,e04u37,2026-06-01T20:24:35Z,bf16,0,16384x1024,2,16384,1024,16777216,33554432,33554432,2869.87,3047.21,30,10,tf_16384x1024
0,2,33554432,all_gather,10.9946,3051.90,10.9946,torch,e04u37,2026-06-01T20:24:35Z,bf16,-1,16384x1024,2,16384,1024,16777216,33554432,33554432,2939.25,3157.23,30,10,tf_16384x1024
0,2,67108864,all_gather,12.4594,5386.19,12.4594,torch,e04u37,2026-06-01T20:24:35Z,bf16,0,16384x2048,2,16384,2048,33554432,67108864,67108864,5254.76,5553.04,30,10,tf_16384x2048
0,2,67108864,all_gather,12.5099,5364.44,12.5099,torch,e04u37,2026-06-01T20:24:35Z,bf16,-1,16384x2048,2,16384,2048,33554432,67108864,67108864,5321.05,5468.40,30,10,tf_16384x2048
0,2,134217728,all_gather,13.1492,10207.26,13.1492,torch,e04u37,2026-06-01T20:24:35Z,bf16,0,16384x4096,2,16384,4096,67108864,134217728,134217728,9939.56,10413.37,30,10,tf_16384x4096
0,2,134217728,all_gather,12.7678,10512.21,12.7678,torch,e04u37,2026-06-01T20:24:35Z,bf16,-1,16384x4096,2,16384,4096,67108864,134217728,134217728,10142.69,11020.41,30,10,tf_16384x4096
0,2,4194304,all_gather,5.1532,813.93,5.1532,torch,e04u37,2026-06-01T20:24:35Z,bf16,0,1x2097152,2,1,2097152,2097152,4194304,4194304,795.93,836.78,30,10,ar_1x2097152
0,2,4194304,all_gather,5.1475,814.82,5.1475,torch,e04u37,2026-06-01T20:24:35Z,bf16,-1,1x2097152,2,1,2097152,2097152,4194304,4194304,807.05,839.70,30,10,ar_1x2097152
0,2,4194304,all_gather,5.1690,811.43,5.1690,torch,e04u37,2026-06-01T20:24:35Z,bf16,0,8x262144,2,8,262144,2097152,4194304,4194304,798.67,823.27,30,10,ar_8x262144
0,2,4194304,all_gather,5.1196,819.26,5.1196,torch,e04u37,2026-06-01T20:24:35Z,bf16,-1,8x262144,2,8,262144,2097152,4194304,4194304,802.16,833.76,30,10,ar_8x262144
0,2,4194304,all_gather,5.1494,814.52,5.1494,torch,e04u37,2026-06-01T20:24:35Z,bf16,0,64x32768,2,64,32768,2097152,4194304,4194304,797.83,835.54,30,10,ar_64x32768
0,2,4194304,all_gather,5.1585,813.09,5.1585,torch,e04u37,2026-06-01T20:24:35Z,bf16,-1,64x32768,2,64,32768,2097152,4194304,4194304,804.58,834.82,30,10,ar_64x32768
0,2,4194304,all_gather,5.1800,809.71,5.1800,torch,e04u37,2026-06-01T20:24:35Z,bf16,0,512x4096,2,512,4096,2097152,4194304,4194304,799.80,833.00,30,10,ar_512x4096
0,2,4194304,all_gather,5.1343,816.92,5.1343,torch,e04u37,2026-06-01T20:24:35Z,bf16,-1,512x4096,2,512,4096,2097152,4194304,4194304,805.44,825.95,30,10,ar_512x4096
0,2,4194304,all_gather,5.1645,812.14,5.1645,torch,e04u37,2026-06-01T20:24:35Z,bf16,0,4096x512,2,4096,512,2097152,4194304,4194304,794.55,829.61,30,10,ar_4096x512
0,2,4194304,all_gather,5.1396,816.08,5.1396,torch,e04u37,2026-06-01T20:24:35Z,bf16,-1,4096x512,2,4096,512,2097152,4194304,4194304,803.98,835.08,30,10,ar_4096x512
0,2,4194304,all_gather,5.1570,813.33,5.1570,torch,e04u37,2026-06-01T20:24:35Z,bf16,0,32768x64,2,32768,64,2097152,4194304,4194304,800.17,825.72,30,10,ar_32768x64
0,2,4194304,all_gather,5.1487,814.64,5.1487,torch,e04u37,2026-06-01T20:24:35Z,bf16,-1,32768x64,2,32768,64,2097152,4194304,4194304,803.94,833.40,30,10,ar_32768x64
0,2,4194304,all_gather,5.1763,810.29,5.1763,torch,e04u37,2026-06-01T20:24:35Z,bf16,0,262144x8,2,262144,8,2097152,4194304,4194304,798.68,826.26,30,10,ar_262144x8
0,2,4194304,all_gather,5.1361,816.63,5.1361,torch,e04u37,2026-06-01T20:24:35Z,bf16,-1,262144x8,2,262144,8,2097152,4194304,4194304,803.57,832.86,30,10,ar_262144x8
0,2,4194304,all_gather,5.1502,814.40,5.1502,torch,e04u37,2026-06-01T20:24:35Z,bf16,0,2097152x1,2,2097152,1,2097152,4194304,4194304,801.53,840.42,30,10,ar_2097152x1
0,2,4194304,all_gather,5.1764,810.28,5.1764,torch,e04u37,2026-06-01T20:24:35Z,bf16,-1,2097152x1,2,2097152,1,2097152,4194304,4194304,800.33,825.81,30,10,ar_2097152x1
0,2,262144,all_gather,0.5035,520.63,0.5035,torch,e04u37,2026-06-01T20:24:35Z,bf16,0,8192x16,2,8192,16,131072,262144,262144,514.82,526.66,30,10,subcl_8192x16
0,2,262144,all_gather,0.5017,522.49,0.5017,torch,e04u37,2026-06-01T20:24:35Z,bf16,-1,8192x16,2,8192,16,131072,262144,262144,511.65,534.75,30,10,subcl_8192x16
0,2,262144,all_gather,0.5029,521.29,0.5029,torch,e04u37,2026-06-01T20:24:35Z,bf16,0,16384x8,2,16384,8,131072,262144,262144,515.56,530.15,30,10,subcl_16384x8
0,2,262144,all_gather,0.5038,520.37,0.5038,torch,e04u37,2026-06-01T20:24:35Z,bf16,-1,16384x8,2,16384,8,131072,262144,262144,516.25,524.90,30,10,subcl_16384x8
0,2,262144,all_gather,0.5027,521.52,0.5027,torch,e04u37,2026-06-01T20:24:35Z,bf16,0,32768x4,2,32768,4,131072,262144,262144,514.17,530.22,30,10,subcl_32768x4
0,2,262144,all_gather,0.5030,521.12,0.5030,torch,e04u37,2026-06-01T20:24:35Z,bf16,-1,32768x4,2,32768,4,131072,262144,262144,517.39,526.41,30,10,subcl_32768x4
0,2,262144,all_gather,0.5013,522.89,0.5013,torch,e04u37,2026-06-01T20:24:35Z,bf16,0,65536x2,2,65536,2,131072,262144,262144,511.53,531.57,30,10,subcl_65536x2
0,2,262144,all_gather,0.5030,521.19,0.5030,torch,e04u37,2026-06-01T20:24:35Z,bf16,-1,65536x2,2,65536,2,131072,262144,262144,516.38,526.42,30,10,subcl_65536x2
0,2,2048,reduce_scatter,0.0022,462.11,0.0022,torch,e04u37,2026-06-01T20:24:35Z,bf16,0,512,1,1,512,512,1024,1024,452.18,466.79,30,10,1d_1024B
0,2,4096,reduce_scatter,0.0044,462.28,0.0044,torch,e04u37,2026-06-01T20:24:35Z,bf16,0,1024,1,1,1024,1024,2048,2048,454.87,470.04,30,10,1d_2048B
0,2,8192,reduce_scatter,0.0088,464.26,0.0088,torch,e04u37,2026-06-01T20:24:35Z,bf16,0,2048,1,1,2048,2048,4096,4096,455.88,469.55,30,10,1d_4096B
0,2,16384,reduce_scatter,0.0174,471.19,0.0174,torch,e04u37,2026-06-01T20:24:35Z,bf16,0,4096,1,1,4096,4096,8192,8192,463.97,480.65,30,10,1d_8192B
0,2,32768,reduce_scatter,0.0340,481.99,0.0340,torch,e04u37,2026-06-01T20:24:35Z,bf16,0,8192,1,1,8192,8192,16384,16384,478.35,489.36,30,10,1d_16384B
0,2,65536,reduce_scatter,0.0681,481.00,0.0681,torch,e04u37,2026-06-01T20:24:35Z,bf16,0,16384,1,1,16384,16384,32768,32768,475.38,490.58,30,10,1d_32768B
0,2,131072,reduce_scatter,0.1354,484.19,0.1354,torch,e04u37,2026-06-01T20:24:35Z,bf16,0,32768,1,1,32768,32768,65536,65536,476.91,490.41,30,10,1d_65536B
0,2,262144,reduce_scatter,0.2568,510.48,0.2568,torch,e04u37,2026-06-01T20:24:35Z,bf16,0,65536,1,1,65536,65536,131072,131072,505.05,514.68,30,10,1d_131072B
0,2,524288,reduce_scatter,0.4726,554.66,0.4726,torch,e04u37,2026-06-01T20:24:35Z,bf16,0,131072,1,1,131072,131072,262144,262144,549.58,564.43,30,10,1d_262144B
0,2,1048576,reduce_scatter,0.8411,623.32,0.8411,torch,e04u37,2026-06-01T20:24:35Z,bf16,0,262144,1,1,262144,262144,524288,524288,614.36,630.08,30,10,1d_524288B
0,2,2097152,reduce_scatter,1.5821,662.78,1.5821,torch,e04u37,2026-06-01T20:24:35Z,bf16,0,524288,1,1,524288,524288,1048576,1048576,657.96,668.02,30,10,1d_1048576B
0,2,4194304,reduce_scatter,2.7833,753.48,2.7833,torch,e04u37,2026-06-01T20:24:35Z,bf16,0,1048576,1,1,1048576,1048576,2097152,2097152,749.31,760.88,30,10,1d_2097152B
0,2,8388608,reduce_scatter,4.5703,917.72,4.5703,torch,e04u37,2026-06-01T20:24:35Z,bf16,0,2097152,1,1,2097152,2097152,4194304,4194304,912.54,921.90,30,10,1d_4194304B
0,2,16777216,reduce_scatter,6.4575,1299.05,6.4575,torch,e04u37,2026-06-01T20:24:35Z,bf16,0,4194304,1,1,4194304,4194304,8388608,8388608,1290.30,1306.91,30,10,1d_8388608B
0,2,33554432,reduce_scatter,8.0481,2084.62,8.0481,torch,e04u37,2026-06-01T20:24:35Z,bf16,0,8388608,1,1,8388608,8388608,16777216,16777216,2074.70,2094.06,30,10,1d_16777216B
0,2,67108864,reduce_scatter,9.2302,3635.30,9.2302,torch,e04u37,2026-06-01T20:24:35Z,bf16,0,16777216,1,1,16777216,16777216,33554432,33554432,3605.58,3664.28,30,10,1d_33554432B
0,2,134217728,reduce_scatter,10.0379,6685.52,10.0379,torch,e04u37,2026-06-01T20:24:35Z,bf16,0,33554432,1,1,33554432,33554432,67108864,67108864,6641.34,6723.91,30,10,1d_67108864B
0,2,268435456,reduce_scatter,10.8996,12314.02,10.8996,torch,e04u37,2026-06-01T20:24:35Z,bf16,0,67108864,1,1,67108864,67108864,134217728,134217728,12280.53,12350.92,30,10,1d_134217728B
0,2,4194304,reduce_scatter,2.7831,753.54,2.7831,torch,e04u37,2026-06-01T20:24:35Z,bf16,0,1024x1024,2,1024,1024,1048576,2097152,2097152,749.81,760.86,30,10,tf_1024x1024
0,2,4194304,reduce_scatter,2.7842,753.23,2.7842,torch,e04u37,2026-06-01T20:24:35Z,bf16,-1,1024x1024,2,1024,1024,1048576,2097152,2097152,748.64,757.68,30,10,tf_1024x1024
0,2,8388608,reduce_scatter,4.5682,918.14,4.5682,torch,e04u37,2026-06-01T20:24:35Z,bf16,0,1024x2048,2,1024,2048,2097152,4194304,4194304,909.58,928.79,30,10,tf_1024x2048
0,2,8388608,reduce_scatter,4.5707,917.65,4.5707,torch,e04u37,2026-06-01T20:24:35Z,bf16,-1,1024x2048,2,1024,2048,2097152,4194304,4194304,909.10,926.22,30,10,tf_1024x2048
0,2,16777216,reduce_scatter,6.5056,1289.45,6.5056,torch,e04u37,2026-06-01T20:24:35Z,bf16,0,1024x4096,2,1024,4096,4194304,8388608,8388608,1281.08,1294.46,30,10,tf_1024x4096
0,2,16777216,reduce_scatter,6.5013,1290.30,6.5013,torch,e04u37,2026-06-01T20:24:35Z,bf16,-1,1024x4096,2,1024,4096,4194304,8388608,8388608,1281.92,1300.35,30,10,tf_1024x4096
0,2,33554432,reduce_scatter,8.0694,2079.12,8.0694,torch,e04u37,2026-06-01T20:24:35Z,bf16,0,1024x8192,2,1024,8192,8388608,16777216,16777216,2065.71,2090.78,30,10,tf_1024x8192
0,2,33554432,reduce_scatter,8.0658,2080.04,8.0658,torch,e04u37,2026-06-01T20:24:35Z,bf16,-1,1024x8192,2,1024,8192,8388608,16777216,16777216,2067.07,2091.49,30,10,tf_1024x8192
0,2,50331648,reduce_scatter,8.8189,2853.63,8.8189,torch,e04u37,2026-06-01T20:24:35Z,bf16,0,1024x12288,2,1024,12288,12582912,25165824,25165824,2843.37,2865.10,30,10,tf_1024x12288
0,2,50331648,reduce_scatter,8.8010,2859.43,8.8010,torch,e04u37,2026-06-01T20:24:35Z,bf16,-1,1024x12288,2,1024,12288,12582912,25165824,25165824,2840.00,2883.02,30,10,tf_1024x12288
0,2,67108864,reduce_scatter,9.2854,3613.66,9.2854,torch,e04u37,2026-06-01T20:24:35Z,bf16,0,1024x16384,2,1024,16384,16777216,33554432,33554432,3594.65,3641.06,30,10,tf_1024x16384
0,2,67108864,reduce_scatter,9.2552,3625.46,9.2552,torch,e04u37,2026-06-01T20:24:35Z,bf16,-1,1024x16384,2,1024,16384,16777216,33554432,33554432,3616.53,3645.31,30,10,tf_1024x16384
0,2,16777216,reduce_scatter,6.4980,1290.96,6.4980,torch,e04u37,2026-06-01T20:24:35Z,bf16,0,4096x1024,2,4096,1024,4194304,8388608,8388608,1283.36,1299.90,30,10,tf_4096x1024
0,2,16777216,reduce_scatter,6.5010,1290.35,6.5010,torch,e04u37,2026-06-01T20:24:35Z,bf16,-1,4096x1024,2,4096,1024,4194304,8388608,8388608,1284.82,1296.24,30,10,tf_4096x1024
0,2,33554432,reduce_scatter,8.0731,2078.16,8.0731,torch,e04u37,2026-06-01T20:24:35Z,bf16,0,4096x2048,2,4096,2048,8388608,16777216,16777216,2063.73,2090.11,30,10,tf_4096x2048
0,2,33554432,reduce_scatter,8.0758,2077.47,8.0758,torch,e04u37,2026-06-01T20:24:35Z,bf16,-1,4096x2048,2,4096,2048,8388608,16777216,16777216,2063.61,2085.70,30,10,tf_4096x2048
0,2,67108864,reduce_scatter,9.2585,3624.20,9.2585,torch,e04u37,2026-06-01T20:24:35Z,bf16,0,4096x4096,2,4096,4096,16777216,33554432,33554432,3594.65,3651.51,30,10,tf_4096x4096
0,2,67108864,reduce_scatter,9.2510,3627.10,9.2510,torch,e04u37,2026-06-01T20:24:35Z,bf16,-1,4096x4096,2,4096,4096,16777216,33554432,33554432,3604.66,3644.10,30,10,tf_4096x4096
0,2,134217728,reduce_scatter,10.0395,6684.47,10.0395,torch,e04u37,2026-06-01T20:24:35Z,bf16,0,4096x8192,2,4096,8192,33554432,67108864,67108864,6656.22,6744.92,30,10,tf_4096x8192
0,2,134217728,reduce_scatter,10.0453,6680.60,10.0453,torch,e04u37,2026-06-01T20:24:35Z,bf16,-1,4096x8192,2,4096,8192,33554432,67108864,67108864,6652.70,6711.18,30,10,tf_4096x8192
0,2,201326592,reduce_scatter,10.5423,9548.49,10.5423,torch,e04u37,2026-06-01T20:24:35Z,bf16,0,4096x12288,2,4096,12288,50331648,100663296,100663296,9521.61,9584.04,30,10,tf_4096x12288
0,2,201326592,reduce_scatter,10.5329,9557.00,10.5329,torch,e04u37,2026-06-01T20:24:35Z,bf16,-1,4096x12288,2,4096,12288,50331648,100663296,100663296,9523.14,9583.85,30,10,tf_4096x12288
0,2,268435456,reduce_scatter,10.8991,12314.53,10.8991,torch,e04u37,2026-06-01T20:24:35Z,bf16,0,4096x16384,2,4096,16384,67108864,134217728,134217728,12272.36,12351.31,30,10,tf_4096x16384
0,2,268435456,reduce_scatter,10.8834,12332.29,10.8834,torch,e04u37,2026-06-01T20:24:35Z,bf16,-1,4096x16384,2,4096,16384,67108864,134217728,134217728,12293.42,12378.27,30,10,tf_4096x16384
0,2,67108864,reduce_scatter,9.2771,3616.93,9.2771,torch,e04u37,2026-06-01T20:24:35Z,bf16,0,16384x1024,2,16384,1024,16777216,33554432,33554432,3604.00,3644.71,30,10,tf_16384x1024
0,2,67108864,reduce_scatter,9.2582,3624.31,9.2582,torch,e04u37,2026-06-01T20:24:35Z,bf16,-1,16384x1024,2,16384,1024,16777216,33554432,33554432,3607.62,3645.09,30,10,tf_16384x1024
0,2,134217728,reduce_scatter,10.0593,6671.30,10.0593,torch,e04u37,2026-06-01T20:24:35Z,bf16,0,16384x2048,2,16384,2048,33554432,67108864,67108864,6649.38,6717.98,30,10,tf_16384x2048
0,2,134217728,reduce_scatter,10.0408,6683.59,10.0408,torch,e04u37,2026-06-01T20:24:35Z,bf16,-1,16384x2048,2,16384,2048,33554432,67108864,67108864,6652.08,6707.48,30,10,tf_16384x2048
0,2,268435456,reduce_scatter,10.9027,12310.51,10.9027,torch,e04u37,2026-06-01T20:24:35Z,bf16,0,16384x4096,2,16384,4096,67108864,134217728,134217728,12273.05,12360.54,30,10,tf_16384x4096
0,2,268435456,reduce_scatter,10.8742,12342.76,10.8742,torch,e04u37,2026-06-01T20:24:35Z,bf16,-1,16384x4096,2,16384,4096,67108864,134217728,134217728,12315.99,12383.27,30,10,tf_16384x4096
0,2,8388608,reduce_scatter,4.5668,918.42,4.5668,torch,e04u37,2026-06-01T20:24:35Z,bf16,0,1x2097152,2,1,2097152,2097152,4194304,4194304,912.31,925.82,30,10,ar_1x2097152
0,2,8388608,reduce_scatter,4.5663,918.53,4.5663,torch,e04u37,2026-06-01T20:24:35Z,bf16,-1,1x2097152,2,1,2097152,2097152,4194304,4194304,912.93,924.56,30,10,ar_1x2097152
0,2,8388608,reduce_scatter,4.5591,919.99,4.5591,torch,e04u37,2026-06-01T20:24:35Z,bf16,0,8x262144,2,8,262144,2097152,4194304,4194304,913.20,929.21,30,10,ar_8x262144
0,2,8388608,reduce_scatter,4.5669,918.41,4.5669,torch,e04u37,2026-06-01T20:24:35Z,bf16,-1,8x262144,2,8,262144,2097152,4194304,4194304,912.17,924.26,30,10,ar_8x262144
0,2,8388608,reduce_scatter,4.5750,916.79,4.5750,torch,e04u37,2026-06-01T20:24:35Z,bf16,0,64x32768,2,64,32768,2097152,4194304,4194304,910.97,925.15,30,10,ar_64x32768
0,2,8388608,reduce_scatter,4.5555,920.72,4.5555,torch,e04u37,2026-06-01T20:24:35Z,bf16,-1,64x32768,2,64,32768,2097152,4194304,4194304,914.29,926.08,30,10,ar_64x32768
0,2,8388608,reduce_scatter,4.5781,916.16,4.5781,torch,e04u37,2026-06-01T20:24:35Z,bf16,0,512x4096,2,512,4096,2097152,4194304,4194304,913.43,923.18,30,10,ar_512x4096
0,2,8388608,reduce_scatter,4.5716,917.46,4.5716,torch,e04u37,2026-06-01T20:24:35Z,bf16,-1,512x4096,2,512,4096,2097152,4194304,4194304,911.88,922.59,30,10,ar_512x4096
0,2,8388608,reduce_scatter,4.5592,919.96,4.5592,torch,e04u37,2026-06-01T20:24:35Z,bf16,0,4096x512,2,4096,512,2097152,4194304,4194304,912.90,925.42,30,10,ar_4096x512
0,2,8388608,reduce_scatter,4.5695,917.89,4.5695,torch,e04u37,2026-06-01T20:24:35Z,bf16,-1,4096x512,2,4096,512,2097152,4194304,4194304,911.70,930.73,30,10,ar_4096x512
0,2,8388608,reduce_scatter,4.5771,916.37,4.5771,torch,e04u37,2026-06-01T20:24:35Z,bf16,0,32768x64,2,32768,64,2097152,4194304,4194304,913.40,923.93,30,10,ar_32768x64
0,2,8388608,reduce_scatter,4.5710,917.59,4.5710,torch,e04u37,2026-06-01T20:24:35Z,bf16,-1,32768x64,2,32768,64,2097152,4194304,4194304,909.69,926.30,30,10,ar_32768x64
0,2,8388608,reduce_scatter,4.5647,918.87,4.5647,torch,e04u37,2026-06-01T20:24:35Z,bf16,0,262144x8,2,262144,8,2097152,4194304,4194304,911.76,924.75,30,10,ar_262144x8
0,2,8388608,reduce_scatter,4.5573,920.35,4.5573,torch,e04u37,2026-06-01T20:24:35Z,bf16,-1,262144x8,2,262144,8,2097152,4194304,4194304,913.47,929.83,30,10,ar_262144x8
0,2,8388608,reduce_scatter,4.5784,916.11,4.5784,torch,e04u37,2026-06-01T20:24:35Z,bf16,0,2097152x1,2,2097152,1,2097152,4194304,4194304,910.44,927.38,30,10,ar_2097152x1
0,2,8388608,reduce_scatter,4.5534,921.14,4.5534,torch,e04u37,2026-06-01T20:24:35Z,bf16,-1,2097152x1,2,2097152,1,2097152,4194304,4194304,913.98,927.98,30,10,ar_2097152x1
0,2,524288,reduce_scatter,0.4726,554.64,0.4726,torch,e04u37,2026-06-01T20:24:35Z,bf16,0,8192x16,2,8192,16,131072,262144,262144,548.74,560.73,30,10,subcl_8192x16
0,2,524288,reduce_scatter,0.4727,554.54,0.4727,torch,e04u37,2026-06-01T20:24:35Z,bf16,-1,8192x16,2,8192,16,131072,262144,262144,549.47,560.11,30,10,subcl_8192x16
0,2,524288,reduce_scatter,0.4721,555.30,0.4721,torch,e04u37,2026-06-01T20:24:35Z,bf16,0,16384x8,2,16384,8,131072,262144,262144,546.60,559.80,30,10,subcl_16384x8
0,2,524288,reduce_scatter,0.4724,554.92,0.4724,torch,e04u37,2026-06-01T20:24:35Z,bf16,-1,16384x8,2,16384,8,131072,262144,262144,545.60,558.55,30,10,subcl_16384x8
0,2,524288,reduce_scatter,0.4741,552.92,0.4741,torch,e04u37,2026-06-01T20:24:35Z,bf16,0,32768x4,2,32768,4,131072,262144,262144,545.26,559.32,30,10,subcl_32768x4
0,2,524288,reduce_scatter,0.4733,553.88,0.4733,torch,e04u37,2026-06-01T20:24:35Z,bf16,-1,32768x4,2,32768,4,131072,262144,262144,545.68,558.67,30,10,subcl_32768x4
0,2,524288,reduce_scatter,0.4727,554.55,0.4727,torch,e04u37,2026-06-01T20:24:35Z,bf16,0,65536x2,2,65536,2,131072,262144,262144,547.30,560.59,30,10,subcl_65536x2
0,2,524288,reduce_scatter,0.4724,554.89,0.4724,torch,e04u37,2026-06-01T20:24:35Z,bf16,-1,65536x2,2,65536,2,131072,262144,262144,544.89,560.88,30,10,subcl_65536x2
0,2,1024,all_to_all,0.0035,293.95,0.0017,torch,e04u37,2026-06-01T20:24:35Z,bf16,0,512,1,1,512,512,1024,512,285.93,305.48,30,10,1d_1024B
0,2,2048,all_to_all,0.0072,286.38,0.0036,torch,e04u37,2026-06-01T20:24:35Z,bf16,0,1024,1,1,1024,1024,2048,1024,279.66,289.74,30,10,1d_2048B
0,2,4096,all_to_all,0.0142,287.55,0.0071,torch,e04u37,2026-06-01T20:24:35Z,bf16,0,2048,1,1,2048,2048,4096,2048,281.30,293.86,30,10,1d_4096B
0,2,8192,all_to_all,0.0277,295.23,0.0139,torch,e04u37,2026-06-01T20:24:35Z,bf16,0,4096,1,1,4096,4096,8192,4096,286.75,301.66,30,10,1d_8192B
0,2,16384,all_to_all,0.0501,326.80,0.0251,torch,e04u37,2026-06-01T20:24:35Z,bf16,0,8192,1,1,8192,8192,16384,8192,319.53,333.97,30,10,1d_16384B
0,2,32768,all_to_all,0.0882,371.39,0.0441,torch,e04u37,2026-06-01T20:24:35Z,bf16,0,16384,1,1,16384,16384,32768,16384,361.97,380.88,30,10,1d_32768B
0,2,65536,all_to_all,0.1777,368.75,0.0889,torch,e04u37,2026-06-01T20:24:35Z,bf16,0,32768,1,1,32768,32768,65536,32768,361.53,375.52,30,10,1d_65536B
0,2,131072,all_to_all,0.3311,395.89,0.1655,torch,e04u37,2026-06-01T20:24:35Z,bf16,0,65536,1,1,65536,65536,131072,65536,389.33,406.36,30,10,1d_131072B
0,2,262144,all_to_all,0.5671,462.22,0.2836,torch,e04u37,2026-06-01T20:24:35Z,bf16,0,131072,1,1,131072,131072,262144,131072,440.17,479.19,30,10,1d_262144B
0,2,524288,all_to_all,1.1119,471.54,0.5559,torch,e04u37,2026-06-01T20:24:35Z,bf16,0,262144,1,1,262144,262144,524288,262144,430.01,534.87,30,10,1d_524288B
0,2,1048576,all_to_all,2.1933,478.07,1.0967,torch,e04u37,2026-06-01T20:24:35Z,bf16,0,524288,1,1,524288,524288,1048576,524288,442.64,524.46,30,10,1d_1048576B
0,2,2097152,all_to_all,3.2917,637.10,1.6459,torch,e04u37,2026-06-01T20:24:35Z,bf16,0,1048576,1,1,1048576,1048576,2097152,1048576,530.33,675.01,30,10,1d_2097152B
0,2,4194304,all_to_all,5.4058,775.89,2.7029,torch,e04u37,2026-06-01T20:24:35Z,bf16,0,2097152,1,1,2097152,2097152,4194304,2097152,720.29,879.41,30,10,1d_4194304B
0,2,8388608,all_to_all,7.1540,1172.58,3.5770,torch,e04u37,2026-06-01T20:24:35Z,bf16,0,4194304,1,1,4194304,4194304,8388608,4194304,1115.77,1342.65,30,10,1d_8388608B
0,2,16777216,all_to_all,9.2614,1811.52,4.6307,torch,e04u37,2026-06-01T20:24:35Z,bf16,0,8388608,1,1,8388608,8388608,16777216,8388608,1792.48,1867.18,30,10,1d_16777216B
0,2,33554432,all_to_all,10.8075,3104.74,5.4037,torch,e04u37,2026-06-01T20:24:35Z,bf16,0,16777216,1,1,16777216,16777216,33554432,16777216,3086.60,3151.56,30,10,1d_33554432B
0,2,67108864,all_to_all,11.7387,5716.91,5.8693,torch,e04u37,2026-06-01T20:24:35Z,bf16,0,33554432,1,1,33554432,33554432,67108864,33554432,5685.61,5791.70,30,10,1d_67108864B
0,2,134217728,all_to_all,12.2833,10926.83,6.1417,torch,e04u37,2026-06-01T20:24:35Z,bf16,0,67108864,1,1,67108864,67108864,134217728,67108864,10856.13,11043.40,30,10,1d_134217728B
0,2,2097152,all_to_all,3.5548,589.95,1.7774,torch,e04u37,2026-06-01T20:24:35Z,bf16,0,1024x1024,2,1024,1024,1048576,2097152,1048576,533.00,648.99,30,10,tf_1024x1024
0,2,2097152,all_to_all,3.2164,652.01,1.6082,torch,e04u37,2026-06-01T20:24:35Z,bf16,-1,1024x1024,2,1024,1024,1048576,2097152,1048576,524.43,697.62,30,10,tf_1024x1024
0,2,4194304,all_to_all,5.3825,779.25,2.6913,torch,e04u37,2026-06-01T20:24:35Z,bf16,0,1024x2048,2,1024,2048,2097152,4194304,2097152,750.31,799.92,30,10,tf_1024x2048
0,2,4194304,all_to_all,5.4371,771.42,2.7186,torch,e04u37,2026-06-01T20:24:35Z,bf16,-1,1024x2048,2,1024,2048,2097152,4194304,2097152,750.26,797.03,30,10,tf_1024x2048
0,2,8388608,all_to_all,7.1507,1173.11,3.5754,torch,e04u37,2026-06-01T20:24:35Z,bf16,0,1024x4096,2,1024,4096,4194304,8388608,4194304,1134.82,1222.30,30,10,tf_1024x4096
0,2,8388608,all_to_all,7.1959,1165.76,3.5979,torch,e04u37,2026-06-01T20:24:35Z,bf16,-1,1024x4096,2,1024,4096,4194304,8388608,4194304,1147.15,1188.07,30,10,tf_1024x4096
0,2,16777216,all_to_all,9.2852,1806.88,4.6426,torch,e04u37,2026-06-01T20:24:35Z,bf16,0,1024x8192,2,1024,8192,8388608,16777216,8388608,1788.08,1833.99,30,10,tf_1024x8192
0,2,16777216,all_to_all,9.2664,1810.55,4.6332,torch,e04u37,2026-06-01T20:24:35Z,bf16,-1,1024x8192,2,1024,8192,8388608,16777216,8388608,1762.82,1915.29,30,10,tf_1024x8192
0,2,25165824,all_to_all,10.2802,2447.98,5.1401,torch,e04u37,2026-06-01T20:24:35Z,bf16,0,1024x12288,2,1024,12288,12582912,25165824,12582912,2422.79,2481.05,30,10,tf_1024x12288
0,2,25165824,all_to_all,10.2561,2453.75,5.1280,torch,e04u37,2026-06-01T20:24:35Z,bf16,-1,1024x12288,2,1024,12288,12582912,25165824,12582912,2425.92,2487.96,30,10,tf_1024x12288
0,2,33554432,all_to_all,10.8446,3094.12,5.4223,torch,e04u37,2026-06-01T20:24:35Z,bf16,0,1024x16384,2,1024,16384,16777216,33554432,16777216,3077.35,3116.63,30,10,tf_1024x16384
0,2,33554432,all_to_all,10.8669,3087.77,5.4334,torch,e04u37,2026-06-01T20:24:35Z,bf16,-1,1024x16384,2,1024,16384,16777216,33554432,16777216,3074.61,3130.96,30,10,tf_1024x16384
0,2,8388608,all_to_all,7.2114,1163.25,3.6057,torch,e04u37,2026-06-01T20:24:35Z,bf16,0,4096x1024,2,4096,1024,4194304,8388608,4194304,1149.46,1189.81,30,10,tf_4096x1024
0,2,8388608,all_to_all,6.8607,1222.71,3.4303,torch,e04u37,2026-06-01T20:24:35Z,bf16,-1,4096x1024,2,4096,1024,4194304,8388608,4194304,1121.22,1257.11,30,10,tf_4096x1024
0,2,16777216,all_to_all,9.2618,1811.44,4.6309,torch,e04u37,2026-06-01T20:24:35Z,bf16,0,4096x2048,2,4096,2048,8388608,16777216,8388608,1783.85,1830.34,30,10,tf_4096x2048
0,2,16777216,all_to_all,9.2804,1807.80,4.6402,torch,e04u37,2026-06-01T20:24:35Z,bf16,-1,4096x2048,2,4096,2048,8388608,16777216,8388608,1792.29,1823.82,30,10,tf_4096x2048
0,2,33554432,all_to_all,10.8715,3086.46,5.4357,torch,e04u37,2026-06-01T20:24:35Z,bf16,0,4096x4096,2,4096,4096,16777216,33554432,16777216,3076.08,3123.17,30,10,tf_4096x4096
0,2,33554432,all_to_all,10.8453,3093.90,5.4227,torch,e04u37,2026-06-01T20:24:35Z,bf16,-1,4096x4096,2,4096,4096,16777216,33554432,16777216,3078.87,3129.75,30,10,tf_4096x4096
0,2,67108864,all_to_all,11.7840,5694.90,5.8920,torch,e04u37,2026-06-01T20:24:35Z,bf16,0,4096x8192,2,4096,8192,33554432,67108864,33554432,5662.26,5769.40,30,10,tf_4096x8192
0,2,67108864,all_to_all,11.7923,5690.93,5.8961,torch,e04u37,2026-06-01T20:24:35Z,bf16,-1,4096x8192,2,4096,8192,33554432,67108864,33554432,5657.39,5710.80,30,10,tf_4096x8192
0,2,100663296,all_to_all,12.1239,8302.86,6.0620,torch,e04u37,2026-06-01T20:24:35Z,bf16,0,4096x12288,2,4096,12288,50331648,100663296,50331648,8252.44,8368.66,30,10,tf_4096x12288
0,2,100663296,all_to_all,12.1323,8297.11,6.0662,torch,e04u37,2026-06-01T20:24:35Z,bf16,-1,4096x12288,2,4096,12288,50331648,100663296,50331648,8246.14,8363.01,30,10,tf_4096x12288
0,2,134217728,all_to_all,12.2932,10918.05,6.1466,torch,e04u37,2026-06-01T20:24:35Z,bf16,0,4096x16384,2,4096,16384,67108864,134217728,67108864,10860.03,11043.04,30,10,tf_4096x16384
0,2,134217728,all_to_all,12.3122,10901.17,6.1561,torch,e04u37,2026-06-01T20:24:35Z,bf16,-1,4096x16384,2,4096,16384,67108864,134217728,67108864,10859.77,10961.72,30,10,tf_4096x16384
0,2,33554432,all_to_all,10.8367,3096.36,5.4184,torch,e04u37,2026-06-01T20:24:35Z,bf16,0,16384x1024,2,16384,1024,16777216,33554432,16777216,3079.27,3125.98,30,10,tf_16384x1024
0,2,33554432,all_to_all,10.8461,3093.70,5.4230,torch,e04u37,2026-06-01T20:24:35Z,bf16,-1,16384x1024,2,16384,1024,16777216,33554432,16777216,3065.94,3106.82,30,10,tf_16384x1024
0,2,67108864,all_to_all,11.7758,5698.90,5.8879,torch,e04u37,2026-06-01T20:24:35Z,bf16,0,16384x2048,2,16384,2048,33554432,67108864,33554432,5670.33,5741.39,30,10,tf_16384x2048
0,2,67108864,all_to_all,11.7949,5689.66,5.8974,torch,e04u37,2026-06-01T20:24:35Z,bf16,-1,16384x2048,2,16384,2048,33554432,67108864,33554432,5655.08,5746.54,30,10,tf_16384x2048
0,2,134217728,all_to_all,12.3035,10908.89,6.1518,torch,e04u37,2026-06-01T20:24:35Z,bf16,0,16384x4096,2,16384,4096,67108864,134217728,67108864,10876.73,10958.29,30,10,tf_16384x4096
0,2,134217728,all_to_all,12.3100,10903.16,6.1550,torch,e04u37,2026-06-01T20:24:35Z,bf16,-1,16384x4096,2,16384,4096,67108864,134217728,67108864,10869.68,10944.38,30,10,tf_16384x4096
0,2,4194304,all_to_all,5.4073,775.67,2.7037,torch,e04u37,2026-06-01T20:24:35Z,bf16,-1,1x2097152,2,1,2097152,2097152,4194304,2097152,741.87,832.27,30,10,ar_1x2097152
0,2,4194304,all_to_all,5.4296,772.48,2.7148,torch,e04u37,2026-06-01T20:24:35Z,bf16,0,8x262144,2,8,262144,2097152,4194304,2097152,728.23,864.52,30,10,ar_8x262144
0,2,4194304,all_to_all,5.4489,769.76,2.7244,torch,e04u37,2026-06-01T20:24:35Z,bf16,-1,8x262144,2,8,262144,2097152,4194304,2097152,757.03,782.74,30,10,ar_8x262144
0,2,4194304,all_to_all,5.3480,784.27,2.6740,torch,e04u37,2026-06-01T20:24:35Z,bf16,0,64x32768,2,64,32768,2097152,4194304,2097152,716.58,900.53,30,10,ar_64x32768
0,2,4194304,all_to_all,5.4091,775.42,2.7045,torch,e04u37,2026-06-01T20:24:35Z,bf16,-1,64x32768,2,64,32768,2097152,4194304,2097152,722.76,882.62,30,10,ar_64x32768
0,2,4194304,all_to_all,5.4414,770.81,2.7207,torch,e04u37,2026-06-01T20:24:35Z,bf16,0,512x4096,2,512,4096,2097152,4194304,2097152,745.33,817.04,30,10,ar_512x4096
0,2,4194304,all_to_all,5.3781,779.89,2.6890,torch,e04u37,2026-06-01T20:24:35Z,bf16,-1,512x4096,2,512,4096,2097152,4194304,2097152,743.70,809.30,30,10,ar_512x4096
0,2,4194304,all_to_all,5.3603,782.48,2.6801,torch,e04u37,2026-06-01T20:24:35Z,bf16,0,4096x512,2,4096,512,2097152,4194304,2097152,740.95,829.02,30,10,ar_4096x512
0,2,4194304,all_to_all,5.3694,781.14,2.6847,torch,e04u37,2026-06-01T20:24:35Z,bf16,-1,4096x512,2,4096,512,2097152,4194304,2097152,747.31,814.63,30,10,ar_4096x512
0,2,4194304,all_to_all,5.1252,818.37,2.5626,torch,e04u37,2026-06-01T20:24:35Z,bf16,0,32768x64,2,32768,64,2097152,4194304,2097152,734.22,858.96,30,10,ar_32768x64
0,2,4194304,all_to_all,5.4163,774.39,2.7081,torch,e04u37,2026-06-01T20:24:35Z,bf16,-1,32768x64,2,32768,64,2097152,4194304,2097152,749.08,796.07,30,10,ar_32768x64
0,2,4194304,all_to_all,5.1320,817.29,2.5660,torch,e04u37,2026-06-01T20:24:35Z,bf16,0,262144x8,2,262144,8,2097152,4194304,2097152,731.26,853.78,30,10,ar_262144x8
0,2,4194304,all_to_all,5.4292,772.54,2.7146,torch,e04u37,2026-06-01T20:24:35Z,bf16,-1,262144x8,2,262144,8,2097152,4194304,2097152,742.25,813.13,30,10,ar_262144x8
0,2,4194304,all_to_all,5.4479,769.89,2.7240,torch,e04u37,2026-06-01T20:24:35Z,bf16,0,2097152x1,2,2097152,1,2097152,4194304,2097152,748.85,794.44,30,10,ar_2097152x1
0,2,262144,all_to_all,0.5572,470.51,0.2786,torch,e04u37,2026-06-01T20:24:35Z,bf16,0,8192x16,2,8192,16,131072,262144,131072,435.75,485.56,30,10,subcl_8192x16
0,2,262144,all_to_all,0.5673,462.07,0.2837,torch,e04u37,2026-06-01T20:24:35Z,bf16,-1,8192x16,2,8192,16,131072,262144,131072,431.21,476.40,30,10,subcl_8192x16
0,2,262144,all_to_all,0.5698,460.09,0.2849,torch,e04u37,2026-06-01T20:24:35Z,bf16,0,16384x8,2,16384,8,131072,262144,131072,431.67,484.58,30,10,subcl_16384x8
0,2,262144,all_to_all,0.5685,461.10,0.2843,torch,e04u37,2026-06-01T20:24:35Z,bf16,-1,16384x8,2,16384,8,131072,262144,131072,432.79,479.72,30,10,subcl_16384x8
0,2,262144,all_to_all,0.5667,462.58,0.2833,torch,e04u37,2026-06-01T20:24:35Z,bf16,0,32768x4,2,32768,4,131072,262144,131072,431.15,478.09,30,10,subcl_32768x4
0,2,262144,all_to_all,0.5692,460.53,0.2846,torch,e04u37,2026-06-01T20:24:35Z,bf16,-1,32768x4,2,32768,4,131072,262144,131072,437.61,473.92,30,10,subcl_32768x4
0,2,262144,all_to_all,0.5671,462.24,0.2836,torch,e04u37,2026-06-01T20:24:35Z,bf16,0,65536x2,2,65536,2,131072,262144,131072,434.63,475.24,30,10,subcl_65536x2
0,2,262144,all_to_all,0.5729,457.56,0.2865,torch,e04u37,2026-06-01T20:24:35Z,bf16,-1,65536x2,2,65536,2,131072,262144,131072,434.64,481.82,30,10,subcl_65536x2
0,2,1024,broadcast,0.0033,305.99,0.0033,torch,e04u37,2026-06-01T20:24:35Z,bf16,0,512,1,1,512,512,1024,1024,296.68,318.09,30,10,1d_1024B
0,2,2048,broadcast,0.0068,303.11,0.0068,torch,e04u37,2026-06-01T20:24:35Z,bf16,0,1024,1,1,1024,1024,2048,2048,297.12,306.21,30,10,1d_2048B
0,2,4096,broadcast,0.0131,311.97,0.0131,torch,e04u37,2026-06-01T20:24:35Z,bf16,0,2048,1,1,2048,2048,4096,4096,307.68,315.81,30,10,1d_4096B
0,2,8192,broadcast,0.0262,312.09,0.0262,torch,e04u37,2026-06-01T20:24:35Z,bf16,0,4096,1,1,4096,4096,8192,8192,305.84,315.69,30,10,1d_8192B
0,2,16384,broadcast,0.0473,346.28,0.0473,torch,e04u37,2026-06-01T20:24:35Z,bf16,0,8192,1,1,8192,8192,16384,16384,339.11,361.77,30,10,1d_16384B
0,2,32768,broadcast,0.0887,369.33,0.0887,torch,e04u37,2026-06-01T20:24:35Z,bf16,0,16384,1,1,16384,16384,32768,32768,363.75,377.80,30,10,1d_32768B
0,2,65536,broadcast,0.1628,402.50,0.1628,torch,e04u37,2026-06-01T20:24:35Z,bf16,0,32768,1,1,32768,32768,65536,65536,397.05,410.31,30,10,1d_65536B
0,2,131072,broadcast,0.3240,404.54,0.3240,torch,e04u37,2026-06-01T20:24:35Z,bf16,0,65536,1,1,65536,65536,131072,131072,393.96,420.85,30,10,1d_131072B
0,2,262144,broadcast,0.6589,397.86,0.6589,torch,e04u37,2026-06-01T20:24:35Z,bf16,0,131072,1,1,131072,131072,262144,262144,388.53,402.28,30,10,1d_262144B
0,2,524288,broadcast,1.3191,397.47,1.3191,torch,e04u37,2026-06-01T20:24:35Z,bf16,0,262144,1,1,262144,262144,524288,524288,389.95,404.39,30,10,1d_524288B
0,2,1048576,broadcast,2.5649,408.82,2.5649,torch,e04u37,2026-06-01T20:24:35Z,bf16,0,524288,1,1,524288,524288,1048576,1048576,402.16,414.98,30,10,1d_1048576B
0,2,2097152,broadcast,4.5462,461.30,4.5462,torch,e04u37,2026-06-01T20:24:35Z,bf16,0,1048576,1,1,1048576,1048576,2097152,2097152,454.16,468.00,30,10,1d_2097152B
0,2,4194304,broadcast,7.3819,568.19,7.3819,torch,e04u37,2026-06-01T20:24:35Z,bf16,0,2097152,1,1,2097152,2097152,4194304,4194304,548.89,576.55,30,10,1d_4194304B
0,2,8388608,broadcast,10.7275,781.97,10.7275,torch,e04u37,2026-06-01T20:24:35Z,bf16,0,4194304,1,1,4194304,4194304,8388608,8388608,776.68,794.72,30,10,1d_8388608B
0,2,16777216,broadcast,17.3524,966.85,17.3524,torch,e04u37,2026-06-01T20:24:35Z,bf16,0,8388608,1,1,8388608,8388608,16777216,16777216,959.49,975.93,30,10,1d_16777216B
0,2,33554432,broadcast,21.0085,1597.19,21.0085,torch,e04u37,2026-06-01T20:24:35Z,bf16,0,16777216,1,1,16777216,16777216,33554432,33554432,1583.89,1611.24,30,10,1d_33554432B
0,2,67108864,broadcast,28.8070,2329.61,28.8070,torch,e04u37,2026-06-01T20:24:35Z,bf16,0,33554432,1,1,33554432,33554432,67108864,67108864,2315.08,2347.89,30,10,1d_67108864B
0,2,134217728,broadcast,31.2362,4296.86,31.2362,torch,e04u37,2026-06-01T20:24:35Z,bf16,0,67108864,1,1,67108864,67108864,134217728,134217728,4268.39,4320.98,30,10,1d_134217728B
0,2,2097152,broadcast,4.5304,462.91,4.5304,torch,e04u37,2026-06-01T20:24:35Z,bf16,0,1024x1024,2,1024,1024,1048576,2097152,2097152,456.01,466.68,30,10,tf_1024x1024
0,2,4194304,broadcast,7.3971,567.02,7.3971,torch,e04u37,2026-06-01T20:24:35Z,bf16,0,1024x2048,2,1024,2048,2097152,4194304,4194304,561.33,575.72,30,10,tf_1024x2048
0,2,8388608,broadcast,10.7346,781.45,10.7346,torch,e04u37,2026-06-01T20:24:35Z,bf16,0,1024x4096,2,1024,4096,4194304,8388608,8388608,774.96,790.12,30,10,tf_1024x4096
0,2,16777216,broadcast,17.3702,965.86,17.3702,torch,e04u37,2026-06-01T20:24:35Z,bf16,0,1024x8192,2,1024,8192,8388608,16777216,16777216,959.80,973.46,30,10,tf_1024x8192
0,2,25165824,broadcast,19.6401,1281.35,19.6401,torch,e04u37,2026-06-01T20:24:35Z,bf16,0,1024x12288,2,1024,12288,12582912,25165824,25165824,1272.79,1295.49,30,10,tf_1024x12288
0,2,33554432,broadcast,20.9787,1599.45,20.9787,torch,e04u37,2026-06-01T20:24:35Z,bf16,0,1024x16384,2,1024,16384,16777216,33554432,33554432,1590.02,1605.99,30,10,tf_1024x16384
0,2,8388608,broadcast,10.7109,783.19,10.7109,torch,e04u37,2026-06-01T20:24:35Z,bf16,0,4096x1024,2,4096,1024,4194304,8388608,8388608,778.57,791.92,30,10,tf_4096x1024
0,2,16777216,broadcast,17.3873,964.91,17.3873,torch,e04u37,2026-06-01T20:24:35Z,bf16,0,4096x2048,2,4096,2048,8388608,16777216,16777216,954.44,970.11,30,10,tf_4096x2048
0,2,33554432,broadcast,21.0773,1591.97,21.0773,torch,e04u37,2026-06-01T20:24:35Z,bf16,0,4096x4096,2,4096,4096,16777216,33554432,33554432,1584.28,1606.22,30,10,tf_4096x4096
0,2,67108864,broadcast,28.7466,2334.50,28.7466,torch,e04u37,2026-06-01T20:24:35Z,bf16,0,4096x8192,2,4096,8192,33554432,67108864,67108864,2319.82,2345.26,30,10,tf_4096x8192
0,2,100663296,broadcast,30.2914,3323.16,30.2914,torch,e04u37,2026-06-01T20:24:35Z,bf16,0,4096x12288,2,4096,12288,50331648,100663296,100663296,3303.11,3348.06,30,10,tf_4096x12288
0,2,134217728,broadcast,31.3414,4282.45,31.3414,torch,e04u37,2026-06-01T20:24:35Z,bf16,0,4096x16384,2,4096,16384,67108864,134217728,134217728,4265.48,4309.85,30,10,tf_4096x16384
0,2,33554432,broadcast,21.0336,1595.28,21.0336,torch,e04u37,2026-06-01T20:24:35Z,bf16,0,16384x1024,2,16384,1024,16777216,33554432,33554432,1583.55,1603.58,30,10,tf_16384x1024
0,2,67108864,broadcast,28.7972,2330.40,28.7972,torch,e04u37,2026-06-01T20:24:35Z,bf16,0,16384x2048,2,16384,2048,33554432,67108864,67108864,2322.20,2344.17,30,10,tf_16384x2048
0,2,134217728,broadcast,31.2582,4293.83,31.2582,torch,e04u37,2026-06-01T20:24:35Z,bf16,0,16384x4096,2,16384,4096,67108864,134217728,134217728,4253.86,4313.98,30,10,tf_16384x4096
0,2,4194304,broadcast,7.4008,566.74,7.4008,torch,e04u37,2026-06-01T20:24:35Z,bf16,0,1x2097152,2,1,2097152,2097152,4194304,4194304,562.67,576.92,30,10,ar_1x2097152
0,2,4194304,broadcast,7.3983,566.93,7.3983,torch,e04u37,2026-06-01T20:24:35Z,bf16,0,8x262144,2,8,262144,2097152,4194304,4194304,560.14,572.86,30,10,ar_8x262144
0,2,4194304,broadcast,7.4101,566.02,7.4101,torch,e04u37,2026-06-01T20:24:35Z,bf16,0,64x32768,2,64,32768,2097152,4194304,4194304,561.57,574.02,30,10,ar_64x32768
0,2,4194304,broadcast,7.4076,566.21,7.4076,torch,e04u37,2026-06-01T20:24:35Z,bf16,0,512x4096,2,512,4096,2097152,4194304,4194304,557.98,575.00,30,10,ar_512x4096
0,2,4194304,broadcast,7.4387,563.85,7.4387,torch,e04u37,2026-06-01T20:24:35Z,bf16,0,4096x512,2,4096,512,2097152,4194304,4194304,545.63,571.18,30,10,ar_4096x512
0,2,4194304,broadcast,7.4112,565.94,7.4112,torch,e04u37,2026-06-01T20:24:35Z,bf16,0,32768x64,2,32768,64,2097152,4194304,4194304,560.72,573.30,30,10,ar_32768x64
0,2,4194304,broadcast,7.4171,565.49,7.4171,torch,e04u37,2026-06-01T20:24:35Z,bf16,0,262144x8,2,262144,8,2097152,4194304,4194304,560.96,571.46,30,10,ar_262144x8
0,2,4194304,broadcast,7.4339,564.21,7.4339,torch,e04u37,2026-06-01T20:24:35Z,bf16,0,2097152x1,2,2097152,1,2097152,4194304,4194304,560.69,575.56,30,10,ar_2097152x1
0,2,262144,broadcast,0.6652,394.08,0.6652,torch,e04u37,2026-06-01T20:24:35Z,bf16,0,8192x16,2,8192,16,131072,262144,262144,387.34,398.25,30,10,subcl_8192x16
0,2,262144,broadcast,0.6679,392.51,0.6679,torch,e04u37,2026-06-01T20:24:35Z,bf16,0,16384x8,2,16384,8,131072,262144,262144,386.01,401.47,30,10,subcl_16384x8
0,2,262144,broadcast,0.6671,392.93,0.6671,torch,e04u37,2026-06-01T20:24:35Z,bf16,0,32768x4,2,32768,4,131072,262144,262144,386.56,400.95,30,10,subcl_32768x4
0,2,262144,broadcast,0.6669,393.08,0.6669,torch,e04u37,2026-06-01T20:24:35Z,bf16,0,65536x2,2,65536,2,131072,262144,262144,388.25,400.12,30,10,subcl_65536x2
